,dog,cat,elephant,lion,tiger,dolphin,panda,giraffe,butterfly,squirrel
0,-93.5,-92.5,-88.5,-88.0,-87.0,-87.0,-82.0,-85.0,-84.0,-92.0
1,-81.0,-78.0,-78.5,-78.0,-77.5,-78.5,-75.5,-75.0,-77.5,-80.5
2,-76.5,-74.5,-75.0,-77.0,-75.0,-72.0,-72.5,-72.0,-73.0,-77.5
3,-81.5,-78.5,-79.5,-79.0,-75.5,-81.0,-76.0,-79.0,-81.5,-83.0
4,-87.0,-84.5,-83.0,-80.5,-83.0,-85.0,-82.0,-80.0,-83.0,-86.0
5,-88.5,-88.5,-87.0,-84.5,-82.5,-87.5,-79.5,-82.5,-84.0,-87.0
6,-87.5,-87.5,-83.5,-81.5,-81.5,-87.0,-81.0,-80.5,-80.5,-87.5
7,-94.5,-92.5,-91.0,-89.0,-89.5,-92.0,-87.0,-88.5,-89.5,-93.5
8,-93.5,-88.0,-90.0,-88.0,-92.0,-92.5,-89.5,-92.0,-91.0,-95.5
9,-81.5,-74.5,-78.5,-75.5,-74.5,-77.0,-76.0,-74.5,-75.5,-81.5
00,-84.0,-83.0,-80.0,-81.0,-79.5,-79.0,-75.5,-77.0,-78.0,-84.0
01,-76.5,-75.5,-73.0,-73.5,-73.0,-71.5,-70.0,-70.0,-72.5,-76.5
02,-78.5,-77.0,-76.0,-75.5,-74.5,-72.0,-73.0,-71.0,-71.5,-78.0
03,-83.5,-82.0,-81.5,-78.5,-77.5,-79.5,-77.5,-78.5,-79.5,-84.5
04,-79.5,-79.5,-75.5,-73.5,-74.5,-75.5,-74.5,-72.5,-75.5,-79.5
05,-80.0,-79.0,-76.0,-76.5,-74.5,-75.5,-73.5,-73.5,-75.0,-80.5
06,-80.5,-79.5,-77.5,-76.0,-75.0,-77.0,-74.5,-73.5,-74.5,-79.5
07,-85.0,-83.0,-83.0,-79.0,-79.0,-80.5,-79.5,-78.0,-78.5,-85.5
08,-80.5,-77.5,-76.5,-74.0,-75.0,-76.0,-73.0,-76.0,-76.0,-81.5
09,-82.0,-79.0,-80.5,-78.0,-76.5,-77.0,-75.5,-76.0,-77.0,-84.0
10,-86.5,-84.5,-84.0,-82.5,-82.0,-85.5,-84.0,-82.5,-84.5,-86.5
11,-88.0,-86.5,-81.5,-84.5,-83.0,-85.5,-83.0,-82.0,-84.5,-87.5
12,-82.5,-83.5,-83.5,-83.5,-80.5,-81.0,-79.5,-80.0,-82.5,-82.0
13,-91.5,-81.5,-93.0,-85.5,-83.0,-90.5,-85.5,-88.5,-90.0,-87.0
14,-79.0,-75.5,-77.5,-76.5,-77.0,-76.0,-74.0,-72.0,-74.0,-79.5
15,-79.5,-75.5,-77.0,-73.5,-72.0,-75.5,-72.0,-70.5,-72.0,-76.0
16,-80.5,-79.5,-80.5,-78.0,-77.0,-77.0,-73.0,-74.0,-75.0,-78.5
17,-82.0,-80.0,-84.0,-79.0,-78.0,-80.0,-79.0,-76.0,-76.5,-81.0
18,-79.5,-77.0,-76.5,-75.0,-74.5,-76.0,-74.5,-72.5,-74.5,-80.0
19,-78.0,-75.5,-77.5,-77.0,-73.5,-73.5,-74.0,-71.5,-76.0,-80.5
20,-86.5,-86.0,-84.5,-81.5,-81.5,-80.0,-80.0,-78.5,-83.0,-85.0
21,-84.5,-84.5,-85.0,-82.5,-82.5,-80.5,-81.5,-80.0,-84.5,-86.5
22,-84.5,-83.5,-83.5,-81.5,-81.5,-78.5,-81.0,-78.5,-81.5,-83.5
23,-88.5,-88.5,-89.5,-86.0,-86.0,-84.5,-87.0,-85.5,-89.0,-87.0
24,-82.0,-82.5,-82.0,-79.5,-79.0,-79.5,-78.0,-77.5,-81.5,-80.0
25,-86.5,-85.0,-85.5,-82.0,-83.5,-81.5,-82.5,-83.0,-83.0,-84.5
26,-83.0,-81.0,-80.5,-79.0,-81.0,-76.5,-78.5,-76.0,-80.0,-81.0
27,-84.0,-78.5,-82.5,-79.5,-78.0,-79.0,-78.0,-77.5,-77.0,-80.5
28,-74.0,-73.5,-75.5,-73.5,-73.5,-72.5,-73.0,-73.0,-74.0,-76.0
29,-85.0,-81.0,-83.5,-82.0,-80.0,-79.5,-81.5,-81.0,-83.5,-85.5
30,-94.0,-94.0,-94.0,-90.5,-87.5,-89.0,-91.5,-90.0,-93.0,-95.5
31,-90.5,-87.5,-88.5,-86.5,-84.5,-85.0,-86.5,-86.5,-89.5,-90.5
32,-88.0,-86.5,-88.0,-85.0,-84.5,-80.5,-84.5,-82.5,-89.0,-85.5
33,-89.5,-87.0,-87.5,-84.0,-85.0,-82.0,-84.5,-83.5,-86.5,-88.5
34,-84.5,-84.0,-82.0,-81.0,-82.0,-80.0,-81.5,-77.0,-83.0,-86.5
35,-88.5,-86.5,-86.5,-83.5,-83.0,-84.0,-84.5,-81.5,-85.5,-89.0
36,-81.0,-80.0,-81.0,-78.5,-78.5,-78.5,-79.0,-75.5,-79.0,-81.5
37,-88.5,-86.5,-87.5,-84.0,-83.5,-85.0,-85.5,-81.5,-85.5,-89.5
38,-82.0,-80.5,-79.5,-77.0,-77.5,-77.0,-78.5,-76.0,-80.0,-83.0
39,-84.5,-82.5,-83.0,-81.0,-80.5,-79.5,-81.0,-79.0,-82.5,-86.0
40,-95.0,-94.0,-91.0,-88.0,-90.5,-89.5,-89.0,-89.0,-93.5,-95.5
41,-92.5,-90.5,-87.5,-85.5,-87.0,-86.5,-86.0,-85.0,-90.0,-90.5
42,-89.5,-89.0,-88.0,-88.5,-87.0,-85.0,-86.0,-83.0,-88.0,-89.5
43,-89.0,-88.0,-86.5,-83.0,-84.0,-85.0,-84.0,-82.5,-87.0,-88.5
44,-82.0,-82.0,-78.0,-76.0,-80.0,-79.0,-78.0,-76.5,-80.5,-82.5
45,-84.5,-82.5,-82.5,-80.0,-78.5,-82.0,-80.0,-78.0,-81.0,-83.0
46,-83.0,-82.5,-80.5,-78.5,-79.5,-79.5,-80.0,-78.0,-81.5,-83.5
47,-87.0,-84.0,-85.5,-81.0,-82.0,-84.0,-83.5,-81.5,-83.5,-85.5
48,-85.5,-83.5,-83.5,-80.5,-80.0,-82.0,-81.5,-80.5,-81.5,-83.5
49,-81.5,-80.5,-80.5,-78.5,-78.5,-80.5,-78.0,-79.5,-81.0,-81.5
50,-89.5,-92.5,-88.5,-85.5,-86.0,-86.5,-86.0,-86.5,-89.5,-91.5
51,-93.5,-93.5,-90.0,-87.5,-88.0,-89.0,-87.5,-88.0,-90.0,-90.5
52,-84.5,-86.0,-82.0,-81.0,-83.0,-82.5,-80.0,-81.5,-83.0,-83.0
53,-93.0,-93.0,-90.0,-86.5,-87.0,-88.0,-87.0,-88.0,-90.0,-91.0
54,-86.0,-86.0,-81.5,-80.0,-80.5,-82.0,-81.5,-79.0,-81.5,-84.5
55,-84.5,-84.5,-80.5,-77.5,-79.0,-80.0,-79.0,-77.5,-80.5,-83.5
56,-77.5,-77.5,-74.5,-72.5,-74.0,-75.5,-73.5,-72.5,-75.0,-77.0
57,-86.0,-84.5,-82.5,-79.5,-80.0,-82.5,-82.0,-79.5,-81.5,-84.5
58,-82.0,-80.5,-77.5,-76.0,-76.5,-77.5,-78.0,-76.5,-79.0,-81.5
59,-85.5,-84.0,-80.5,-80.0,-79.0,-80.0,-80.5,-79.0,-82.5,-85.5
60,-89.0,-91.0,-85.5,-86.0,-83.0,-86.0,-85.0,-83.0,-87.0,-89.0
61,-92.5,-92.5,-87.0,-87.0,-86.0,-86.5,-86.0,-85.5,-89.5,-90.0
62,-87.5,-88.0,-84.0,-82.5,-82.5,-82.0,-82.0,-81.0,-84.0,-86.0
63,-90.5,-90.5,-89.5,-86.5,-86.0,-88.5,-86.0,-86.0,-88.5,-89.5
64,-86.0,-87.0,-84.5,-84.5,-84.0,-84.5,-83.5,-85.0,-86.5,-84.0
65,-84.5,-85.5,-81.5,-80.0,-80.0,-81.0,-80.5,-78.5,-82.5,-85.5
66,-85.5,-85.5,-82.0,-80.0,-81.5,-82.5,-79.5,-79.0,-80.5,-85.5
67,-85.5,-85.5,-83.5,-80.5,-81.0,-82.5,-81.5,-78.5,-82.0,-85.5
68,-80.5,-79.5,-77.0,-75.5,-76.0,-78.0,-76.0,-74.0,-78.0,-81.5
69,-84.0,-84.0,-81.0,-80.0,-80.0,-80.5,-78.0,-76.5,-79.5,-86.0
70,-97.0,-97.5,-93.5,-91.0,-92.0,-93.5,-93.0,-90.5,-94.5,-99.0
71,-96.5,-96.0,-90.5,-89.0,-90.5,-91.5,-90.5,-88.0,-93.5,-95.5
72,-88.5,-89.5,-86.5,-85.5,-84.5,-86.0,-85.0,-81.5,-85.5,-89.0
73,-95.0,-93.5,-90.5,-88.5,-88.0,-91.0,-89.0,-86.5,-91.5,-93.5
74,-89.5,-89.5,-84.5,-83.5,-84.5,-86.0,-85.0,-81.5,-86.0,-90.0
75,-90.0,-90.0,-86.0,-84.0,-84.0,-86.5,-86.0,-83.0,-84.5,-88.5
76,-82.5,-83.0,-79.5,-77.0,-78.5,-80.0,-79.0,-77.0,-79.5,-84.0
77,-88.5,-86.5,-85.0,-82.5,-84.0,-84.5,-84.0,-82.0,-82.5,-87.5
78,-84.5,-82.5,-80.0,-78.0,-78.5,-81.0,-80.0,-77.5,-79.5,-84.0
79,-87.0,-85.0,-82.5,-81.0,-81.5,-82.5,-81.5,-79.5,-83.5,-88.0
80,-90.5,-88.5,-85.0,-84.5,-85.0,-86.0,-84.0,-85.0,-87.5,-91.0
81,-88.0,-85.0,-83.0,-83.5,-83.0,-85.0,-82.0,-83.0,-83.0,-84.5
82,-90.5,-88.5,-84.0,-84.0,-83.5,-84.5,-83.5,-83.0,-86.0,-89.0
83,-91.0,-89.0,-87.0,-84.5,-85.0,-87.0,-85.5,-85.5,-88.5,-91.0
84,-87.0,-86.5,-82.0,-82.5,-82.5,-84.0,-82.5,-81.0,-84.0,-86.0
85,-90.0,-88.5,-84.5,-84.0,-84.0,-85.5,-84.0,-83.0,-86.5,-90.0
86,-82.5,-81.0,-78.0,-77.0,-77.0,-78.5,-76.5,-76.5,-79.5,-82.5
87,-87.5,-86.0,-84.0,-82.0,-82.5,-85.0,-82.5,-80.5,-83.5,-87.0
88,-85.5,-82.5,-80.5,-81.0,-83.0,-81.0,-77.5,-81.0,-82.0,-84.5
89,-85.5,-83.5,-81.5,-81.0,-81.5,-81.5,-80.0,-80.0,-83.5,-86.5
90,-78.0,-78.5,-76.5,-76.5,-74.0,-75.0,-74.5,-71.5,-76.0,-80.5
91,-87.0,-86.0,-83.5,-83.0,-82.0,-83.0,-81.5,-81.0,-85.0,-87.5
92,-89.0,-89.5,-86.0,-86.0,-84.5,-84.0,-84.0,-83.5,-88.0,-89.5
93,-88.0,-86.0,-87.0,-83.5,-82.5,-84.5,-83.5,-83.0,-86.0,-89.0
94,-88.5,-88.0,-85.0,-84.5,-83.5,-84.0,-84.0,-81.5,-86.0,-89.5
95,-89.5,-88.0,-86.0,-85.0,-83.0,-84.0,-84.0,-83.0,-85.5,-90.5
96,-83.0,-82.0,-80.0,-79.0,-77.5,-77.5,-77.0,-76.5,-78.5,-82.0
97,-91.5,-89.5,-89.5,-87.5,-86.0,-86.0,-87.0,-84.0,-88.0,-92.0
98,-85.0,-83.0,-82.0,-82.0,-80.5,-80.5,-80.5,-79.0,-82.0,-86.0
99,-84.5,-81.0,-81.5,-81.0,-80.5,-80.0,-79.0,-78.5,-82.5,-85.5
000,-86.5,-86.0,-83.0,-83.0,-82.5,-83.0,-78.5,-82.0,-81.5,-89.5
001,-75.5,-74.5,-72.0,-72.5,-70.5,-71.0,-68.5,-69.0,-71.5,-75.0
002,-78.0,-75.5,-75.0,-74.5,-73.0,-71.0,-69.5,-71.0,-70.5,-77.0
003,-77.0,-74.5,-74.0,-72.5,-71.0,-72.0,-69.5,-72.0,-72.0,-78.0
004,-76.0,-75.0,-72.0,-71.5,-71.5,-71.0,-69.5,-69.5,-72.0,-77.0
005,-81.0,-80.0,-77.5,-77.5,-75.0,-76.0,-73.0,-74.5,-76.0,-82.0
006,-78.5,-77.0,-74.5,-73.0,-73.0,-74.0,-70.5,-71.5,-71.5,-78.0
007,-82.0,-77.0,-76.5,-72.0,-71.5,-72.0,-75.5,-77.0,-76.5,-78.0
008,-78.5,-75.0,-74.0,-73.5,-73.5,-73.0,-71.0,-74.0,-73.5,-79.5
009,-75.5,-72.0,-73.5,-73.0,-70.5,-69.5,-68.0,-70.0,-71.0,-77.0
010,-83.5,-82.5,-80.5,-82.0,-79.0,-78.5,-77.5,-78.5,-79.0,-84.5
011,-84.5,-83.0,-79.5,-82.5,-81.0,-81.5,-79.5,-80.0,-80.0,-84.5
012,-80.0,-79.0,-77.5,-77.5,-76.0,-75.5,-74.5,-74.0,-75.5,-80.0
013,-83.0,-81.0,-82.0,-79.5,-78.5,-79.0,-77.0,-77.5,-79.0,-84.0
014,-81.0,-80.0,-78.0,-78.5,-78.0,-76.0,-75.5,-74.0,-77.0,-82.0
015,-84.5,-83.5,-82.5,-82.0,-79.5,-80.0,-79.0,-78.0,-79.5,-85.5
016,-81.0,-80.0,-79.5,-78.0,-77.5,-76.5,-75.0,-74.0,-76.0,-81.5
017,-87.0,-85.0,-86.0,-83.5,-82.5,-82.5,-82.5,-79.5,-81.5,-88.0
018,-80.0,-77.5,-76.0,-76.0,-74.0,-74.5,-73.0,-72.5,-74.5,-81.0
019,-77.5,-76.0,-74.5,-75.0,-72.0,-71.5,-70.5,-70.0,-72.5,-79.0
020,-81.5,-80.5,-78.0,-77.5,-76.0,-74.5,-73.5,-73.0,-76.0,-81.5
021,-84.5,-83.5,-81.5,-81.0,-79.5,-77.5,-77.0,-76.5,-79.0,-83.5
022,-83.5,-82.0,-80.5,-80.0,-79.0,-77.0,-76.0,-76.0,-78.0,-82.5
023,-81.0,-79.5,-78.0,-77.0,-75.5,-75.0,-74.0,-74.0,-76.0,-80.5
024,-84.5,-83.5,-81.0,-80.5,-79.5,-78.5,-77.5,-76.5,-79.0,-83.0
025,-86.5,-85.0,-84.5,-83.5,-81.5,-80.5,-80.5,-80.5,-81.0,-85.5
026,-78.5,-77.5,-76.5,-75.0,-74.5,-72.5,-72.5,-72.0,-73.0,-78.0
027,-82.5,-80.5,-80.5,-79.0,-77.5,-77.0,-77.0,-75.5,-76.0,-82.0
028,-85.5,-82.5,-81.5,-81.0,-80.0,-79.0,-78.5,-79.0,-80.0,-85.0
029,-80.0,-78.0,-77.5,-78.0,-76.0,-74.0,-74.0,-74.0,-75.5,-81.5
030,-86.0,-83.5,-82.5,-81.5,-80.0,-81.5,-79.0,-80.0,-81.5,-87.0
031,-86.0,-83.5,-82.5,-81.0,-80.0,-81.0,-80.0,-80.0,-81.5,-86.5
032,-86.0,-84.0,-83.5,-81.5,-80.5,-81.5,-80.0,-80.0,-81.5,-86.5
033,-87.0,-84.5,-84.0,-82.0,-81.5,-82.0,-81.0,-81.5,-82.0,-88.0
034,-83.5,-82.0,-80.5,-79.0,-78.5,-79.0,-78.0,-77.0,-79.5,-85.0
035,-76.0,-73.5,-74.0,-73.5,-72.0,-72.0,-71.5,-72.5,-71.5,-76.0
036,-82.0,-81.0,-80.0,-78.5,-78.0,-77.5,-77.0,-77.0,-77.0,-82.0
037,-85.5,-84.0,-83.5,-81.5,-80.5,-80.0,-80.0,-79.0,-80.0,-86.5
038,-86.5,-84.5,-83.0,-82.0,-81.5,-80.5,-81.0,-80.5,-81.5,-87.5
039,-81.5,-80.0,-79.5,-79.0,-77.5,-76.0,-76.5,-76.5,-78.5,-83.0
040,-78.5,-78.5,-74.5,-74.0,-74.5,-73.5,-73.5,-71.0,-75.0,-79.5
041,-79.0,-79.0,-75.0,-75.0,-75.0,-73.5,-74.0,-72.0,-75.0,-79.5
042,-79.5,-79.5,-76.5,-77.0,-76.5,-74.0,-74.5,-73.0,-75.0,-79.0
043,-79.5,-79.5,-76.5,-76.0,-75.5,-75.0,-75.0,-73.5,-75.5,-80.5
044,-76.0,-76.5,-72.5,-72.0,-73.0,-71.5,-71.5,-69.5,-72.5,-77.0
045,-82.0,-82.0,-79.0,-79.0,-78.0,-77.5,-77.5,-76.0,-78.5,-82.5
046,-73.5,-74.5,-71.0,-71.0,-71.0,-69.0,-69.0,-68.5,-69.0,-74.0
047,-75.0,-74.5,-73.5,-73.0,-72.0,-70.5,-71.0,-70.0,-70.0,-75.0
048,-79.0,-78.5,-76.0,-75.0,-74.5,-74.5,-74.5,-74.0,-75.5,-79.5
049,-68.5,-68.5,-67.0,-66.0,-66.5,-65.5,-63.75,-64.5,-65.0,-69.5
050,-81.5,-82.0,-78.5,-78.0,-76.5,-77.5,-75.0,-76.0,-77.5,-83.0
051,-82.0,-81.5,-78.5,-78.5,-76.5,-77.0,-75.5,-76.5,-77.5,-81.5
052,-82.0,-82.0,-79.5,-79.0,-77.0,-77.0,-75.5,-76.5,-77.5,-81.0
053,-78.0,-77.5,-75.0,-75.0,-73.0,-73.0,-72.0,-73.5,-73.5,-77.5
054,-81.0,-81.5,-78.0,-77.5,-76.0,-76.5,-75.5,-75.5,-77.0,-82.0
055,-80.0,-79.5,-76.0,-76.5,-75.0,-75.0,-73.5,-74.5,-75.0,-80.0
056,-77.5,-77.0,-73.0,-73.5,-72.5,-72.5,-71.0,-72.0,-72.0,-76.5
057,-81.0,-80.5,-77.5,-77.0,-75.5,-76.0,-75.0,-74.5,-75.0,-80.0
058,-79.0,-78.5,-75.0,-75.5,-74.5,-74.0,-73.0,-74.0,-74.5,-79.0
059,-78.5,-78.0,-75.0,-75.5,-73.5,-73.5,-72.5,-73.5,-74.5,-79.0
060,-83.5,-83.0,-79.5,-79.0,-78.0,-78.5,-76.5,-75.5,-77.0,-83.0
061,-82.0,-81.5,-77.5,-77.5,-77.0,-76.5,-75.5,-74.5,-76.0,-81.0
062,-82.5,-82.5,-79.0,-78.5,-77.0,-77.5,-76.0,-75.5,-76.5,-82.0
063,-81.0,-80.5,-78.0,-77.0,-76.0,-76.5,-75.0,-74.5,-75.5,-80.5
064,-78.0,-78.5,-74.5,-74.5,-73.5,-74.0,-73.0,-71.5,-73.0,-78.0
065,-82.5,-82.0,-79.0,-78.5,-77.0,-78.0,-76.5,-75.5,-77.0,-82.5
066,-81.0,-80.5,-77.5,-77.0,-76.5,-77.0,-74.5,-74.5,-75.5,-81.5
067,-78.5,-77.5,-75.0,-74.5,-74.0,-73.5,-72.5,-71.5,-72.5,-79.0
068,-77.5,-77.0,-73.5,-74.0,-73.5,-73.0,-72.0,-71.5,-73.0,-78.5
069,-79.0,-79.0,-75.0,-75.5,-74.5,-75.0,-73.0,-72.0,-74.5,-80.0
070,-86.0,-84.5,-82.5,-81.0,-81.0,-81.5,-80.5,-78.5,-80.5,-87.5
071,-83.5,-82.0,-79.5,-78.5,-78.0,-78.0,-77.5,-76.0,-77.5,-84.0
072,-82.5,-81.0,-79.5,-78.0,-77.0,-77.0,-76.5,-75.0,-76.0,-83.0
073,-82.0,-80.0,-79.5,-77.5,-76.5,-77.5,-76.5,-75.5,-77.0,-83.0
074,-84.0,-83.0,-80.0,-79.5,-79.0,-79.0,-79.0,-76.5,-78.5,-85.5
075,-88.5,-86.5,-85.0,-83.0,-82.0,-83.5,-83.0,-81.0,-82.0,-88.5
076,-77.0,-76.5,-74.5,-73.0,-74.0,-73.0,-72.5,-71.5,-72.0,-78.0
077,-83.0,-80.5,-79.0,-78.0,-78.0,-77.5,-77.0,-76.0,-76.5,-83.0
078,-80.5,-78.5,-76.0,-75.5,-75.0,-75.0,-74.5,-73.5,-74.0,-81.0
079,-77.5,-75.5,-75.0,-75.0,-74.0,-72.0,-72.5,-72.0,-73.0,-80.0
080,-83.5,-81.0,-78.0,-78.0,-78.0,-78.0,-75.0,-77.0,-78.0,-84.5
081,-80.0,-77.5,-74.0,-74.5,-74.0,-74.5,-72.5,-73.5,-75.0,-80.0
082,-79.0,-77.0,-74.5,-74.5,-74.0,-73.5,-72.5,-73.0,-73.5,-79.5
083,-83.5,-81.0,-79.5,-78.5,-78.0,-78.5,-77.0,-78.0,-78.5,-84.5
084,-81.0,-79.5,-76.0,-76.5,-76.0,-76.0,-74.5,-74.5,-76.0,-82.0
085,-79.5,-78.0,-74.5,-75.5,-74.0,-74.0,-72.5,-73.0,-74.5,-79.5
086,-78.0,-76.5,-74.0,-74.0,-74.0,-72.5,-71.0,-72.5,-73.5,-79.0
087,-79.5,-77.5,-75.5,-75.0,-74.5,-75.0,-74.0,-73.5,-74.0,-80.0
088,-82.5,-80.0,-78.0,-78.0,-78.0,-77.5,-75.0,-77.0,-77.5,-83.5
089,-79.5,-78.0,-75.5,-75.5,-75.0,-74.5,-73.0,-74.0,-75.5,-81.5
090,-83.0,-82.5,-81.0,-80.5,-78.5,-78.5,-76.5,-77.0,-78.5,-86.0
091,-81.5,-79.5,-78.5,-78.0,-76.0,-76.0,-74.5,-75.0,-77.0,-83.0
092,-81.5,-80.5,-79.5,-78.5,-76.5,-76.0,-75.0,-75.5,-77.0,-83.5
093,-83.5,-81.0,-81.5,-80.0,-78.0,-78.0,-77.0,-78.0,-79.0,-86.0
094,-81.0,-80.5,-78.5,-78.0,-76.5,-76.0,-75.5,-75.0,-77.5,-83.5
095,-78.0,-76.5,-75.5,-75.5,-73.0,-73.0,-72.5,-72.5,-74.5,-79.0
096,-76.0,-75.0,-75.5,-75.5,-74.5,-74.0,-73.5,-74.0,-74.0,-79.0
097,-80.5,-78.5,-78.5,-77.0,-75.5,-75.0,-75.5,-74.5,-76.0,-82.0
098,-81.0,-79.0,-78.0,-77.5,-76.0,-75.5,-74.5,-74.5,-77.0,-83.0
099,-77.5,-76.5,-76.5,-76.0,-73.5,-73.0,-72.0,-72.0,-74.0,-78.5
100,-87.5,-88.5,-87.0,-87.5,-87.0,-87.0,-83.0,-84.0,-87.0,-89.0
101,-83.0,-84.5,-82.5,-84.0,-83.0,-81.5,-80.0,-82.5,-84.0,-85.0
102,-89.5,-89.5,-86.5,-87.0,-84.0,-85.0,-83.5,-83.0,-85.5,-88.5
103,-89.5,-89.0,-86.5,-86.0,-84.5,-86.0,-84.0,-84.5,-87.5,-90.0
104,-85.5,-86.5,-81.5,-83.0,-82.0,-83.0,-81.5,-80.5,-84.0,-86.0
105,-88.0,-88.5,-86.0,-86.0,-83.5,-85.0,-83.5,-82.5,-85.0,-88.0
106,-86.5,-87.5,-83.5,-83.5,-83.0,-84.0,-82.5,-81.0,-84.0,-88.0
107,-86.5,-87.0,-84.0,-82.5,-82.0,-83.0,-82.5,-80.5,-83.0,-87.5
108,-83.5,-82.0,-78.5,-82.5,-77.0,-80.5,-78.0,-80.0,-80.0,-82.0
109,-84.0,-83.5,-81.0,-82.0,-80.0,-80.5,-79.0,-79.0,-82.5,-86.0
110,-89.5,-90.0,-83.0,-86.5,-85.5,-86.5,-83.0,-83.5,-86.0,-90.5
111,-85.0,-83.5,-80.0,-81.0,-81.0,-81.0,-78.5,-80.5,-78.5,-84.5
112,-80.0,-81.5,-77.5,-78.0,-79.0,-78.0,-75.5,-78.0,-80.0,-80.5
113,-86.0,-85.5,-82.5,-83.0,-82.5,-83.5,-80.5,-82.0,-84.5,-86.0
114,-81.0,-80.5,-76.5,-78.0,-77.5,-78.0,-75.0,-75.0,-78.0,-81.0
115,-85.0,-85.0,-80.0,-81.0,-80.5,-81.0,-79.0,-79.0,-82.0,-84.5
116,-81.0,-81.5,-77.0,-77.0,-78.0,-78.5,-76.0,-75.5,-78.5,-82.0
117,-81.5,-80.5,-79.0,-78.5,-78.0,-79.0,-76.5,-76.0,-78.0,-81.0
118,-81.0,-82.5,-75.5,-78.5,-78.0,-76.5,-76.5,-76.5,-80.0,-81.5
119,-81.5,-81.0,-77.5,-79.0,-77.5,-78.5,-75.0,-76.0,-79.0,-82.5
120,-84.0,-86.5,-83.5,-84.5,-81.0,-82.0,-80.5,-79.5,-83.5,-84.5
121,-88.5,-89.0,-84.0,-88.0,-87.0,-85.5,-83.5,-84.5,-87.0,-85.5
122,-82.5,-83.0,-81.0,-80.0,-78.5,-78.0,-77.0,-77.0,-80.5,-82.0
123,-84.0,-83.5,-84.5,-81.5,-81.0,-82.0,-80.0,-81.0,-83.5,-84.5
124,-82.0,-84.0,-81.5,-80.5,-80.0,-79.5,-79.0,-78.5,-82.5,-83.5
125,-81.5,-84.0,-80.5,-81.0,-81.0,-76.5,-78.0,-80.0,-81.5,-80.0
126,-83.0,-84.5,-83.0,-82.5,-80.5,-81.5,-79.5,-79.0,-81.0,-82.5
127,-82.5,-83.0,-83.0,-82.5,-81.0,-79.5,-79.5,-80.0,-82.5,-83.0
128,-73.0,-74.0,-74.0,-74.5,-72.0,-71.0,-70.0,-73.0,-73.5,-73.5
129,-84.5,-83.5,-83.5,-83.0,-81.5,-81.0,-79.5,-80.5,-84.0,-85.0
130,-89.5,-89.5,-90.5,-87.0,-87.5,-87.0,-86.0,-86.0,-89.0,-91.5
131,-89.5,-87.5,-88.5,-86.0,-85.5,-86.0,-84.0,-84.5,-88.5,-89.5
132,-83.0,-82.0,-83.0,-80.0,-79.5,-80.0,-78.5,-78.5,-81.0,-83.5
133,-86.0,-84.0,-86.0,-82.5,-83.0,-83.0,-81.0,-82.0,-85.0,-87.0
134,-88.0,-86.5,-87.0,-84.5,-85.0,-84.5,-83.5,-82.5,-86.0,-89.5
135,-83.0,-81.5,-83.0,-80.5,-79.0,-80.5,-79.0,-78.0,-80.0,-83.0
136,-82.5,-83.0,-82.5,-80.0,-80.5,-79.5,-79.5,-78.0,-80.5,-84.0
137,-81.0,-80.0,-80.0,-79.5,-79.0,-79.0,-78.5,-76.5,-79.5,-81.5
138,-83.0,-81.0,-81.0,-79.5,-79.5,-79.5,-78.0,-77.0,-80.0,-83.5
139,-85.0,-83.5,-84.0,-82.5,-82.0,-82.0,-80.5,-79.5,-84.0,-87.0
140,-79.5,-80.5,-78.5,-79.0,-79.0,-78.0,-75.5,-74.5,-78.0,-81.5
141,-80.5,-79.0,-77.5,-78.5,-77.5,-77.0,-75.0,-74.5,-78.0,-80.5
142,-84.0,-83.0,-81.0,-81.0,-80.5,-79.5,-78.0,-77.0,-81.0,-84.5
143,-79.5,-79.0,-78.0,-78.0,-79.0,-76.0,-75.5,-76.5,-78.0,-82.5
144,-82.5,-84.0,-82.5,-84.5,-82.0,-83.0,-80.0,-79.0,-81.5,-81.5
145,-84.5,-84.0,-81.5,-81.5,-81.0,-80.5,-79.5,-78.0,-82.0,-85.0
146,-85.0,-84.5,-82.5,-81.5,-82.0,-81.0,-80.0,-78.0,-82.0,-86.0
147,-83.5,-82.0,-82.5,-81.5,-80.0,-81.0,-79.0,-77.5,-79.5,-83.5
148,-85.0,-84.0,-82.0,-82.0,-81.5,-81.5,-80.0,-79.0,-82.5,-85.5
149,-89.5,-88.5,-86.0,-86.0,-85.0,-85.0,-83.0,-83.0,-86.5,-90.0
150,-81.5,-83.0,-80.5,-81.0,-78.5,-78.5,-77.0,-76.0,-78.5,-81.0
151,-81.0,-81.5,-79.0,-78.5,-76.5,-75.5,-74.5,-75.5,-77.5,-80.5
152,-80.0,-80.0,-77.5,-77.0,-75.5,-76.0,-74.0,-73.5,-76.5,-79.0
153,-78.5,-77.0,-77.5,-75.5,-74.0,-75.5,-73.5,-74.5,-75.0,-77.5
154,-80.5,-80.5,-77.5,-78.0,-77.0,-76.5,-75.5,-74.0,-77.0,-80.5
155,-83.0,-83.0,-81.0,-79.5,-78.5,-78.5,-77.5,-77.0,-79.0,-83.0
156,-80.5,-80.5,-79.0,-78.0,-77.0,-77.5,-76.0,-75.0,-76.5,-80.5
157,-82.0,-81.5,-80.0,-79.0,-77.5,-78.0,-77.0,-75.5,-78.5,-81.5
158,-79.5,-79.0,-76.5,-76.5,-75.0,-75.5,-74.5,-73.5,-76.0,-79.5
159,-81.5,-81.0,-79.5,-79.5,-77.5,-78.0,-76.0,-75.5,-78.5,-82.0
160,-80.0,-80.5,-78.0,-77.5,-76.5,-76.0,-73.5,-73.5,-76.5,-80.0
161,-84.5,-84.5,-82.0,-81.5,-81.0,-80.0,-78.0,-78.0,-81.5,-83.5
162,-81.0,-80.5,-79.0,-79.5,-77.0,-78.0,-76.0,-75.0,-77.0,-79.0
163,-85.0,-84.5,-83.0,-82.0,-81.0,-81.0,-79.0,-79.0,-82.0,-84.5
164,-81.5,-82.0,-79.5,-79.0,-79.5,-78.0,-76.5,-75.5,-79.5,-82.5
165,-82.0,-82.0,-81.0,-80.5,-79.5,-78.0,-77.5,-76.0,-78.5,-82.0
166,-83.5,-83.5,-82.0,-80.5,-81.0,-79.5,-78.0,-77.0,-80.0,-84.5
167,-84.0,-84.5,-84.0,-81.5,-82.0,-81.5,-80.0,-78.0,-81.0,-85.5
168,-78.5,-78.5,-77.5,-77.0,-76.0,-76.0,-74.0,-73.5,-76.0,-79.5
169,-84.5,-83.5,-84.0,-84.5,-83.5,-81.0,-80.5,-79.5,-83.0,-84.0
170,-84.5,-85.5,-83.5,-82.5,-82.0,-81.5,-81.0,-77.0,-81.0,-86.0
171,-84.0,-83.5,-83.0,-82.0,-80.5,-81.0,-79.0,-77.0,-80.0,-84.0
172,-83.5,-84.0,-81.5,-81.0,-79.5,-80.0,-79.0,-76.0,-80.0,-83.5
173,-83.5,-83.0,-82.0,-80.5,-79.5,-80.5,-79.0,-77.5,-80.5,-84.0
174,-84.0,-84.0,-81.5,-81.5,-80.5,-80.5,-79.5,-76.5,-79.5,-84.5
175,-82.0,-83.0,-80.5,-79.5,-79.0,-78.0,-77.5,-75.5,-78.0,-82.0
176,-78.5,-79.0,-77.0,-75.5,-76.0,-75.0,-74.5,-72.5,-75.0,-79.5
177,-82.5,-81.5,-81.5,-79.5,-79.0,-79.0,-78.5,-76.5,-77.0,-82.0
178,-81.5,-80.5,-78.5,-77.5,-77.5,-77.5,-77.0,-74.5,-77.0,-82.0
179,-84.5,-84.0,-82.5,-82.0,-81.0,-81.0,-80.0,-78.0,-81.0,-85.5
180,-77.0,-79.0,-80.0,-78.5,-73.0,-74.5,-74.5,-71.0,-72.5,-78.5
181,-82.0,-81.0,-78.0,-79.0,-77.0,-77.0,-75.5,-75.0,-78.5,-81.5
182,-76.5,-75.5,-72.5,-72.5,-71.0,-71.0,-70.5,-69.0,-72.5,-75.5
183,-81.0,-79.5,-78.0,-76.5,-76.0,-76.5,-75.5,-74.5,-77.5,-80.5
184,-81.0,-81.5,-76.5,-77.5,-77.5,-76.0,-76.5,-74.5,-78.0,-81.0
185,-80.5,-80.0,-76.5,-77.0,-75.5,-75.0,-75.5,-73.5,-76.5,-80.0
186,-78.5,-78.5,-76.0,-76.0,-74.5,-74.0,-74.5,-72.0,-74.5,-79.0
187,-74.5,-74.5,-73.0,-71.5,-71.0,-71.5,-71.5,-69.5,-71.5,-75.5
188,-79.0,-76.5,-75.0,-75.0,-75.0,-74.0,-73.0,-72.5,-75.0,-79.0
189,-81.5,-80.0,-79.0,-79.5,-77.5,-77.0,-76.0,-75.0,-78.0,-82.5
190,-81.0,-82.0,-79.5,-81.0,-78.0,-77.5,-76.0,-74.5,-79.0,-85.0
191,-80.0,-79.5,-77.0,-77.5,-75.5,-75.5,-73.5,-73.5,-77.5,-81.5
192,-79.0,-79.5,-78.5,-78.5,-75.0,-75.5,-74.0,-74.5,-77.5,-78.5
193,-83.0,-82.5,-81.5,-80.5,-79.0,-78.5,-77.5,-77.5,-81.0,-85.0
194,-78.5,-79.0,-76.0,-77.0,-75.5,-73.5,-73.5,-72.0,-76.0,-80.5
195,-83.0,-83.5,-81.5,-82.0,-78.5,-78.5,-77.5,-77.0,-80.0,-85.0
196,-84.0,-84.5,-84.0,-82.5,-82.0,-79.5,-79.5,-79.0,-80.0,-86.0
197,-87.5,-87.5,-87.0,-85.5,-84.0,-82.5,-82.5,-81.0,-84.0,-89.5
198,-82.0,-80.5,-80.0,-80.0,-78.0,-76.5,-75.5,-76.0,-79.0,-84.0
199,-86.5,-85.5,-85.5,-85.5,-83.5,-81.0,-79.0,-80.5,-84.5,-90.0
200,-85.5,-86.5,-84.0,-85.0,-83.0,-79.5,-79.5,-79.5,-83.5,-87.0
201,-86.5,-85.0,-83.5,-83.0,-81.5,-79.5,-78.5,-79.0,-83.5,-85.0
202,-85.0,-84.0,-82.5,-82.0,-80.5,-77.5,-77.5,-77.5,-81.0,-84.0
203,-84.0,-83.0,-82.5,-80.5,-79.5,-78.5,-77.5,-78.5,-80.5,-84.0
204,-83.5,-83.5,-80.5,-80.5,-79.5,-77.5,-77.0,-77.0,-80.0,-82.5
205,-86.0,-85.5,-83.0,-82.5,-80.5,-78.5,-79.5,-79.0,-81.5,-85.5
206,-87.0,-86.0,-83.5,-84.0,-84.0,-80.0,-82.0,-80.5,-83.5,-86.5
207,-85.5,-84.0,-84.0,-82.0,-80.5,-79.5,-79.0,-78.5,-80.0,-84.5
208,-83.5,-81.5,-79.5,-79.0,-78.5,-76.0,-76.0,-77.0,-79.0,-82.5
209,-82.5,-81.5,-80.0,-80.0,-78.0,-76.0,-76.0,-76.0,-79.0,-83.0
210,-89.0,-88.5,-85.5,-86.0,-83.5,-82.5,-81.5,-80.0,-83.5,-87.5
211,-85.0,-84.5,-80.5,-81.0,-80.5,-78.0,-77.5,-77.5,-80.5,-83.5
212,-78.5,-80.5,-77.5,-79.0,-78.0,-72.5,-75.5,-73.0,-76.5,-79.0
213,-83.0,-81.5,-80.5,-78.0,-78.0,-77.0,-76.0,-77.5,-79.5,-82.5
214,-84.5,-84.0,-81.5,-81.0,-80.5,-78.5,-78.0,-77.5,-80.5,-84.0
215,-86.0,-85.5,-82.5,-82.5,-81.0,-78.5,-79.5,-78.5,-82.0,-84.5
216,-86.5,-85.0,-82.5,-82.0,-81.0,-81.5,-79.0,-82.0,-82.5,-84.5
217,-83.5,-82.5,-81.5,-80.0,-79.5,-78.0,-77.5,-76.5,-79.0,-83.0
218,-81.5,-80.0,-77.5,-77.5,-76.5,-74.5,-74.5,-74.0,-77.0,-81.0
219,-81.5,-80.0,-79.0,-78.0,-76.5,-75.5,-74.0,-74.0,-77.0,-81.0
220,-87.5,-86.5,-83.0,-83.5,-82.0,-80.0,-80.0,-78.5,-82.5,-85.5
221,-85.0,-85.0,-82.5,-83.0,-81.5,-80.0,-80.0,-79.0,-82.0,-84.0
222,-84.0,-82.0,-81.0,-79.5,-78.5,-77.0,-76.5,-77.0,-75.5,-82.0
223,-85.0,-83.0,-82.5,-80.5,-79.5,-79.5,-79.0,-78.0,-80.5,-82.5
224,-84.0,-84.0,-80.5,-80.0,-80.0,-79.0,-78.0,-77.5,-81.0,-82.0
225,-84.0,-83.5,-82.0,-82.5,-80.5,-79.5,-79.0,-78.0,-80.0,-81.5
226,-86.0,-84.0,-82.5,-82.0,-81.5,-79.0,-79.5,-79.0,-81.5,-84.0
227,-81.5,-79.5,-79.0,-78.0,-77.5,-75.5,-75.0,-74.5,-77.0,-80.0
228,-82.0,-79.5,-78.5,-78.5,-77.0,-75.5,-74.5,-75.0,-76.5,-80.0
229,-82.5,-80.5,-78.5,-79.5,-78.0,-77.0,-75.5,-75.0,-78.5,-80.5
230,-87.0,-86.5,-83.5,-83.5,-82.5,-82.0,-80.5,-79.5,-84.0,-86.5
231,-84.5,-83.0,-82.0,-81.0,-80.0,-80.0,-78.5,-78.5,-81.0,-84.0
232,-85.5,-85.0,-82.5,-81.5,-81.0,-80.5,-79.5,-79.0,-82.5,-85.0
233,-86.0,-84.5,-84.0,-82.0,-81.5,-81.0,-79.5,-80.0,-82.5,-85.0
234,-84.5,-83.0,-82.0,-81.0,-80.5,-80.0,-79.5,-78.0,-80.5,-85.5
235,-87.5,-87.0,-85.0,-84.0,-83.0,-82.0,-83.0,-81.5,-84.5,-87.5
236,-81.0,-80.0,-79.0,-77.0,-76.5,-75.5,-75.5,-74.5,-77.5,-81.5
237,-83.5,-82.0,-82.5,-80.0,-79.0,-79.0,-78.5,-77.5,-79.5,-83.5
238,-87.0,-87.0,-82.5,-84.5,-84.0,-81.5,-82.0,-80.5,-84.5,-86.5
239,-87.0,-87.0,-84.5,-84.5,-83.5,-81.0,-82.0,-81.5,-85.0,-87.0
240,-88.0,-89.0,-86.5,-86.0,-83.5,-84.0,-82.0,-81.5,-85.5,-86.5
241,-87.0,-86.5,-83.5,-84.5,-83.0,-81.0,-80.5,-79.5,-84.0,-85.5
242,-84.5,-85.5,-82.0,-82.5,-80.5,-78.5,-79.0,-78.0,-81.5,-83.0
243,-89.0,-87.0,-88.0,-87.0,-84.0,-86.0,-83.0,-86.0,-87.0,-87.0
244,-86.5,-87.0,-83.0,-83.0,-83.0,-81.5,-81.0,-79.5,-83.5,-86.0
245,-88.5,-89.5,-86.0,-86.0,-85.0,-83.0,-83.5,-82.5,-85.5,-87.5
246,-84.5,-84.5,-82.5,-81.5,-80.5,-79.5,-79.5,-78.5,-81.0,-84.0
247,-84.0,-84.5,-83.5,-82.0,-81.0,-80.0,-80.0,-78.0,-80.5,-84.0
248,-86.0,-86.0,-83.5,-82.5,-82.0,-81.0,-80.0,-80.0,-83.0,-85.0
249,-86.5,-86.0,-84.5,-84.0,-82.5,-81.5,-80.5,-80.5,-83.5,-86.0
250,-83.5,-85.5,-82.5,-82.5,-82.0,-79.0,-79.0,-79.0,-81.5,-83.0
251,-85.0,-85.0,-82.0,-82.0,-80.5,-79.5,-78.5,-78.5,-81.0,-83.0
252,-82.5,-81.5,-80.5,-80.5,-78.0,-78.0,-76.5,-76.0,-77.5,-80.0
253,-86.0,-85.0,-84.0,-82.5,-81.5,-80.0,-80.0,-80.5,-82.0,-84.5
254,-83.5,-83.5,-80.5,-81.0,-80.5,-78.0,-78.5,-76.5,-80.0,-83.0
255,-84.5,-84.5,-86.0,-84.5,-83.0,-79.5,-80.5,-81.0,-81.0,-85.5
256,-81.5,-82.0,-84.0,-84.5,-82.5,-80.0,-79.5,-82.0,-81.5,-83.5
257,-82.0,-81.0,-80.5,-79.5,-78.0,-76.5,-76.0,-75.5,-77.5,-80.0
258,-81.5,-79.5,-78.5,-78.0,-77.0,-75.5,-75.0,-74.5,-76.0,-79.5
259,-81.0,-80.0,-78.5,-78.0,-77.0,-75.5,-74.5,-75.0,-76.5,-80.0
260,-83.5,-83.5,-80.0,-80.5,-80.5,-78.5,-77.5,-76.0,-80.0,-83.0
261,-83.0,-82.0,-80.0,-80.0,-79.0,-78.0,-77.5,-76.0,-79.0,-82.0
262,-81.0,-80.5,-78.0,-78.0,-77.5,-75.0,-75.0,-74.0,-77.0,-80.0
263,-82.0,-80.5,-79.5,-78.0,-78.0,-77.0,-76.0,-75.5,-78.5,-81.5
264,-82.0,-81.5,-79.5,-79.0,-79.5,-77.5,-77.0,-75.5,-79.0,-82.0
265,-83.5,-83.0,-81.0,-80.0,-80.0,-78.5,-78.0,-76.5,-80.0,-83.5
266,-82.0,-80.5,-79.5,-78.0,-78.5,-77.0,-76.0,-75.0,-77.5,-82.0
267,-80.5,-79.0,-78.5,-77.0,-77.0,-76.0,-75.0,-73.5,-76.0,-80.0
268,-81.0,-79.0,-78.0,-77.0,-77.0,-75.5,-75.0,-74.0,-77.5,-81.0
269,-82.5,-81.0,-80.0,-79.5,-79.0,-78.0,-76.5,-75.5,-79.0,-82.5
270,-87.0,-87.0,-87.0,-85.5,-82.0,-83.5,-81.5,-79.0,-81.5,-87.0
271,-84.5,-83.0,-81.5,-81.5,-80.0,-79.5,-78.0,-76.5,-80.0,-83.5
272,-82.0,-81.0,-79.0,-78.5,-77.5,-77.0,-76.0,-75.5,-78.5,-81.5
273,-80.5,-79.5,-79.0,-79.5,-78.5,-76.5,-77.0,-76.0,-78.0,-81.5
274,-82.5,-81.5,-79.5,-79.0,-78.5,-78.0,-77.0,-75.0,-78.0,-82.5
275,-83.0,-82.5,-80.5,-80.0,-79.0,-77.5,-78.0,-77.0,-79.0,-82.5
276,-82.0,-80.5,-79.5,-78.5,-77.5,-77.5,-76.5,-74.5,-76.5,-81.5
277,-82.5,-80.0,-80.0,-78.5,-78.0,-77.0,-76.5,-75.0,-76.0,-81.5
278,-80.5,-78.0,-77.0,-76.5,-76.0,-75.0,-74.5,-73.0,-75.5,-80.0
279,-82.5,-80.0,-80.0,-79.0,-77.5,-78.0,-76.0,-75.5,-77.5,-82.5
280,-86.5,-86.0,-84.0,-85.0,-84.0,-82.5,-81.0,-81.5,-84.0,-87.0
281,-84.0,-82.5,-80.0,-81.0,-80.0,-79.0,-77.5,-77.5,-80.5,-83.0
282,-82.5,-80.5,-79.0,-79.0,-78.0,-77.5,-75.5,-75.5,-77.5,-81.5
283,-83.5,-81.5,-79.5,-79.5,-78.5,-78.5,-76.5,-77.0,-79.0,-82.5
284,-84.5,-84.0,-80.5,-81.0,-81.5,-80.5,-79.5,-78.5,-82.0,-84.5
285,-85.0,-84.0,-81.5,-82.0,-80.5,-80.5,-79.5,-78.5,-81.0,-84.5
286,-81.5,-80.5,-78.5,-78.5,-78.0,-77.0,-76.0,-75.0,-77.5,-82.0
287,-81.0,-79.5,-78.5,-78.0,-77.5,-76.5,-75.5,-74.5,-77.0,-80.5
288,-86.0,-83.0,-83.5,-83.0,-81.0,-82.0,-79.5,-80.5,-82.0,-84.5
289,-89.0,-88.5,-87.0,-87.5,-86.5,-84.5,-86.5,-85.5,-86.5,-88.0
290,-83.0,-82.5,-80.0,-81.5,-79.5,-78.5,-77.0,-76.5,-80.5,-85.0
291,-80.0,-78.0,-77.0,-78.0,-75.5,-76.0,-74.5,-74.0,-77.0,-80.5
292,-81.0,-79.5,-78.0,-78.5,-77.0,-76.0,-75.0,-75.0,-78.0,-81.5
293,-81.0,-78.5,-78.0,-78.5,-77.0,-76.0,-75.0,-76.0,-78.5,-81.0
294,-82.0,-80.5,-79.5,-80.5,-79.0,-78.5,-77.0,-76.0,-78.5,-82.5
295,-84.5,-82.5,-81.0,-81.5,-79.5,-79.0,-78.5,-78.0,-81.0,-85.0
296,-83.5,-82.0,-80.5,-80.5,-79.5,-78.5,-77.5,-77.5,-80.5,-84.5
297,-83.0,-80.5,-82.0,-81.5,-79.0,-79.5,-78.5,-77.0,-78.5,-83.0
298,-82.5,-80.0,-79.5,-80.0,-78.5,-77.0,-76.5,-76.5,-79.0,-83.0
299,-85.0,-82.5,-83.0,-82.5,-82.0,-79.5,-79.0,-79.5,-82.0,-86.0
300,-85.5,-86.0,-83.5,-83.0,-81.0,-84.0,-81.5,-81.5,-85.5,-87.5
301,-86.5,-85.0,-85.0,-84.5,-82.0,-83.0,-81.5,-81.5,-84.0,-86.5
302,-86.5,-84.0,-84.5,-83.0,-81.5,-81.0,-81.0,-80.0,-82.5,-85.5
303,-86.5,-84.5,-84.5,-82.5,-81.0,-82.5,-81.5,-81.5,-82.5,-86.5
304,-82.5,-82.0,-80.0,-80.0,-78.5,-78.0,-78.0,-77.0,-80.5,-83.0
305,-86.0,-84.5,-82.5,-80.5,-79.5,-78.5,-80.5,-79.5,-81.5,-86.0
306,-85.0,-83.0,-83.0,-81.5,-79.5,-81.5,-79.5,-79.5,-81.0,-85.5
307,-84.5,-82.5,-82.5,-81.0,-79.5,-80.0,-79.5,-78.5,-80.5,-85.0
308,-87.0,-84.5,-83.0,-82.5,-81.5,-83.5,-82.5,-81.0,-84.0,-87.0
309,-83.5,-81.5,-82.0,-80.5,-79.0,-79.5,-78.5,-78.5,-80.5,-85.0
310,-86.5,-85.5,-84.0,-83.5,-81.5,-82.5,-81.0,-80.5,-84.0,-87.5
311,-81.5,-80.5,-78.5,-78.5,-78.0,-75.5,-76.5,-75.5,-78.5,-79.0
312,-83.0,-82.5,-81.5,-79.5,-79.0,-79.5,-78.0,-78.0,-81.0,-82.5
313,-85.0,-83.0,-83.0,-81.0,-79.5,-81.0,-80.0,-80.5,-82.0,-85.0
314,-91.5,-92.0,-88.0,-90.0,-89.5,-86.5,-87.5,-85.5,-87.5,-91.0
315,-86.0,-84.5,-85.0,-83.5,-81.0,-83.0,-81.5,-80.5,-82.5,-86.0
316,-83.5,-82.5,-82.0,-80.5,-79.5,-79.0,-79.5,-78.0,-80.5,-84.5
317,-85.5,-84.0,-84.5,-83.0,-81.0,-82.0,-80.5,-80.0,-82.0,-85.5
318,-82.0,-79.5,-79.0,-78.0,-76.5,-77.5,-76.5,-75.5,-78.5,-82.0
319,-83.0,-81.0,-81.0,-80.0,-78.0,-78.5,-77.0,-77.0,-79.5,-83.5
320,-80.5,-79.5,-78.0,-78.0,-75.5,-75.5,-74.5,-74.0,-78.5,-80.5
321,-85.5,-84.0,-83.5,-82.0,-80.5,-80.0,-80.0,-79.0,-82.5,-85.0
322,-81.0,-79.5,-79.5,-77.5,-76.5,-75.5,-76.0,-75.0,-77.5,-80.0
323,-85.5,-83.5,-83.5,-81.0,-80.0,-81.0,-79.5,-80.0,-83.0,-85.0
324,-83.0,-81.5,-81.5,-81.0,-79.0,-80.5,-79.5,-77.5,-80.5,-82.0
325,-83.5,-83.0,-82.0,-81.0,-79.5,-79.5,-79.0,-78.5,-81.5,-83.5
326,-85.0,-83.5,-83.5,-81.5,-80.5,-81.0,-79.5,-79.0,-82.0,-85.0
327,-85.0,-82.5,-84.0,-81.0,-80.0,-80.5,-80.0,-79.0,-81.0,-84.5
328,-83.5,-81.5,-81.0,-79.5,-79.0,-79.0,-78.0,-77.5,-81.0,-83.0
329,-85.5,-83.0,-83.5,-81.5,-80.5,-81.0,-80.0,-79.5,-83.0,-85.5
330,-86.5,-85.0,-85.0,-83.0,-82.0,-82.5,-81.5,-80.5,-82.5,-87.5
331,-86.0,-84.5,-84.0,-81.5,-81.5,-82.0,-81.0,-80.5,-83.0,-87.0
332,-84.5,-82.5,-82.5,-80.0,-80.0,-80.0,-79.0,-78.5,-81.0,-85.0
333,-87.5,-83.5,-84.5,-81.0,-81.5,-82.5,-81.0,-83.0,-80.0,-87.0
334,-84.5,-83.5,-82.5,-80.5,-81.0,-80.5,-80.0,-78.5,-81.5,-86.0
335,-85.5,-83.5,-83.5,-81.0,-81.0,-81.0,-80.5,-79.5,-82.0,-86.5
336,-84.5,-83.0,-83.0,-80.5,-80.5,-81.5,-79.5,-79.0,-80.5,-84.5
337,-84.5,-82.5,-83.5,-80.5,-80.5,-80.5,-79.5,-78.5,-80.5,-85.0
338,-83.5,-81.0,-80.5,-79.0,-79.0,-79.5,-78.0,-76.5,-79.5,-84.0
339,-82.5,-80.5,-81.0,-78.5,-78.5,-78.0,-77.0,-77.0,-79.5,-83.5
340,-86.5,-87.0,-83.5,-84.0,-83.5,-82.5,-82.5,-79.0,-84.5,-88.0
341,-85.0,-84.0,-82.5,-82.0,-81.0,-81.0,-80.5,-78.5,-83.0,-86.0
342,-84.0,-82.5,-82.0,-80.5,-79.5,-80.5,-79.0,-77.5,-81.0,-85.0
343,-79.0,-78.0,-75.5,-76.5,-76.0,-75.0,-75.0,-74.5,-76.0,-80.0
344,-84.0,-83.5,-80.5,-80.0,-80.5,-80.0,-79.5,-77.0,-82.0,-85.5
345,-86.0,-85.0,-83.5,-82.5,-81.5,-82.5,-81.5,-79.5,-83.0,-87.0
346,-84.5,-84.0,-82.0,-80.5,-80.5,-80.5,-80.0,-78.0,-82.0,-86.0
347,-87.0,-85.5,-85.0,-83.0,-82.0,-83.0,-82.0,-80.0,-83.5,-88.0
348,-85.0,-83.5,-81.5,-80.5,-80.0,-81.5,-80.0,-78.5,-82.0,-86.0
349,-85.0,-83.5,-82.0,-81.5,-80.5,-80.5,-80.0,-78.5,-82.5,-86.5
350,-89.5,-90.0,-88.0,-87.0,-86.0,-86.5,-84.5,-83.5,-87.0,-91.0
351,-87.5,-86.0,-85.5,-84.0,-82.0,-84.0,-82.5,-81.5,-84.0,-86.5
352,-84.0,-83.0,-81.5,-80.0,-79.5,-80.0,-78.5,-78.0,-81.5,-84.5
353,-85.0,-83.0,-82.5,-80.5,-80.0,-81.0,-79.5,-79.5,-81.5,-85.0
354,-85.5,-84.5,-82.5,-82.0,-81.0,-82.0,-81.0,-79.0,-82.5,-86.0
355,-89.0,-87.0,-85.5,-84.0,-83.0,-83.0,-83.0,-82.5,-84.0,-88.5
356,-84.0,-83.0,-81.5,-79.5,-79.5,-79.5,-79.0,-78.0,-81.0,-85.0
357,-88.0,-85.0,-86.0,-82.5,-81.0,-84.5,-83.5,-82.5,-83.0,-87.0
358,-85.5,-83.5,-82.5,-81.0,-80.5,-80.5,-80.5,-80.0,-82.0,-86.0
359,-84.5,-82.5,-81.5,-80.5,-79.5,-80.0,-78.5,-78.0,-81.0,-85.0
360,-82.0,-82.0,-83.0,-82.0,-79.0,-79.0,-78.5,-77.0,-79.0,-82.5
361,-87.5,-88.0,-86.5,-87.0,-85.0,-84.5,-84.5,-83.5,-85.5,-88.0
362,-83.0,-82.5,-80.5,-79.5,-78.5,-78.5,-77.5,-76.5,-79.5,-83.0
363,-85.5,-84.0,-83.5,-81.5,-81.0,-81.5,-80.5,-80.5,-82.0,-86.0
364,-84.0,-84.0,-82.5,-81.5,-81.5,-81.0,-80.0,-78.5,-82.5,-85.5
365,-87.0,-84.5,-86.5,-85.5,-83.0,-83.5,-83.0,-81.5,-83.5,-86.0
366,-91.5,-88.5,-89.0,-87.5,-86.5,-87.0,-85.5,-84.0,-86.5,-90.0
367,-87.0,-86.0,-85.0,-83.5,-83.0,-83.0,-82.0,-80.5,-84.0,-88.0
368,-82.0,-79.5,-78.5,-76.5,-77.0,-77.5,-75.5,-76.0,-79.0,-83.0
369,-84.5,-81.5,-82.5,-81.0,-80.0,-79.5,-80.0,-78.5,-78.5,-85.0
370,-87.0,-87.0,-85.0,-84.0,-83.0,-84.0,-82.0,-79.5,-84.5,-89.0
371,-87.0,-86.0,-85.0,-83.0,-82.0,-83.5,-82.0,-80.0,-83.5,-88.0
372,-85.5,-84.5,-83.5,-82.0,-81.0,-82.5,-80.5,-78.5,-82.5,-86.5
373,-87.0,-86.0,-85.5,-83.0,-82.5,-84.0,-82.5,-80.5,-84.0,-88.5
374,-86.0,-85.5,-83.0,-82.0,-81.5,-82.5,-81.5,-78.5,-83.0,-87.5
375,-86.0,-86.0,-84.0,-82.5,-81.5,-83.0,-82.0,-80.0,-82.5,-87.0
376,-84.0,-83.5,-82.0,-80.0,-79.5,-80.5,-79.5,-77.5,-80.5,-85.5
377,-87.0,-85.5,-85.0,-82.5,-82.0,-83.0,-82.0,-80.0,-82.0,-87.5
378,-83.0,-81.0,-80.5,-79.5,-78.0,-80.0,-77.5,-76.0,-78.5,-83.0
379,-86.5,-85.5,-84.5,-83.0,-82.0,-83.0,-82.0,-79.5,-83.5,-88.0
380,-84.0,-83.0,-80.5,-79.5,-79.5,-79.5,-78.0,-77.0,-80.5,-84.5
381,-84.5,-82.5,-81.5,-80.5,-79.5,-80.5,-78.5,-78.0,-81.0,-84.5
382,-82.0,-80.5,-78.5,-77.5,-77.0,-77.5,-75.5,-74.5,-78.0,-82.0
383,-82.5,-81.0,-79.5,-77.5,-77.5,-78.5,-77.0,-77.0,-79.5,-83.0
384,-81.0,-80.0,-78.0,-78.0,-76.5,-77.5,-76.0,-75.5,-77.5,-80.0
385,-83.5,-82.5,-80.5,-80.0,-79.0,-79.0,-78.5,-77.5,-80.0,-84.0
386,-82.0,-81.0,-79.5,-78.5,-77.5,-78.0,-76.5,-76.0,-78.5,-82.5
387,-83.0,-81.0,-81.0,-79.0,-78.5,-80.0,-78.0,-77.0,-79.0,-83.5
388,-81.0,-79.0,-77.5,-77.0,-77.5,-77.0,-75.0,-75.5,-78.0,-82.0
389,-83.5,-81.5,-80.5,-80.0,-79.5,-79.0,-78.0,-77.5,-81.0,-84.5
390,-85.5,-85.5,-84.0,-83.0,-82.0,-82.0,-80.5,-79.5,-83.5,-88.0
391,-84.5,-84.0,-82.5,-81.5,-80.5,-80.5,-79.5,-79.0,-82.5,-86.0
392,-81.5,-82.0,-80.5,-79.5,-79.5,-78.0,-78.0,-77.0,-80.0,-82.5
393,-86.0,-84.5,-84.5,-82.0,-82.0,-82.0,-81.0,-80.5,-83.5,-87.5
394,-86.0,-85.5,-83.5,-83.0,-82.5,-81.5,-81.5,-79.5,-84.0,-88.0
395,-86.0,-85.0,-83.5,-82.5,-81.5,-81.0,-80.5,-79.5,-83.0,-88.0
396,-85.0,-84.0,-83.5,-82.0,-81.5,-81.5,-80.5,-80.0,-81.5,-87.0
397,-87.5,-87.0,-86.0,-84.0,-83.5,-83.0,-82.5,-81.5,-85.0,-89.5
398,-85.0,-84.0,-82.5,-82.0,-81.5,-80.5,-79.5,-79.5,-83.0,-87.5
399,-87.0,-86.0,-85.0,-84.0,-84.0,-82.5,-81.0,-81.5,-85.5,-89.5
400,-88.5,-88.0,-85.0,-85.0,-85.0,-86.0,-83.0,-82.0,-87.0,-89.5
401,-87.0,-86.5,-83.0,-81.5,-82.5,-82.0,-80.5,-79.5,-84.5,-86.0
402,-83.0,-81.5,-79.5,-78.5,-77.5,-77.5,-76.0,-75.0,-79.0,-82.0
403,-83.0,-82.0,-80.5,-79.5,-79.0,-79.0,-77.0,-77.0,-80.5,-83.5
404,-77.5,-77.5,-75.0,-76.0,-76.5,-74.0,-70.5,-73.0,-74.5,-78.5
405,-86.0,-85.5,-83.0,-82.0,-80.5,-81.5,-80.0,-79.0,-82.0,-84.5
406,-83.0,-81.5,-79.0,-77.5,-77.5,-77.0,-76.0,-75.5,-78.5,-82.5
407,-84.5,-83.5,-81.0,-79.0,-78.5,-79.0,-78.5,-76.5,-79.5,-83.5
408,-84.0,-82.0,-80.0,-79.0,-78.0,-78.5,-77.5,-77.5,-79.5,-83.0
409,-83.0,-81.0,-80.0,-79.0,-78.0,-77.0,-78.5,-77.0,-80.5,-83.5
410,-89.0,-88.0,-84.5,-84.5,-83.5,-84.5,-82.5,-82.0,-85.5,-88.0
411,-84.0,-83.0,-78.5,-79.0,-79.5,-79.0,-77.0,-76.0,-79.0,-82.0
412,-81.5,-81.0,-78.0,-77.0,-77.0,-76.5,-75.0,-75.0,-79.5,-79.5
413,-84.5,-82.5,-81.0,-80.0,-79.0,-80.0,-78.0,-78.0,-81.5,-84.0
414,-82.0,-81.0,-78.0,-78.0,-77.5,-77.0,-76.5,-74.5,-77.5,-81.0
415,-83.0,-81.0,-78.5,-78.0,-77.0,-76.5,-76.0,-75.0,-79.0,-81.0
416,-82.0,-80.5,-78.0,-76.5,-76.5,-77.0,-75.0,-74.5,-78.5,-80.5
417,-82.0,-80.5,-80.0,-78.0,-77.5,-77.5,-77.0,-75.0,-76.5,-81.0
418,-86.5,-83.0,-83.0,-82.5,-82.0,-81.0,-79.5,-79.5,-83.0,-84.0
419,-83.5,-82.5,-79.5,-78.5,-79.0,-79.0,-77.5,-75.5,-81.5,-83.0
420,-89.5,-90.0,-88.0,-86.5,-87.0,-87.0,-83.0,-84.0,-86.0,-88.0
421,-86.0,-85.0,-82.5,-82.5,-81.5,-80.0,-79.5,-78.0,-83.0,-85.0
422,-86.0,-85.0,-83.0,-82.0,-81.0,-79.5,-79.5,-78.0,-81.0,-84.5
423,-83.0,-82.0,-81.0,-79.0,-78.0,-78.5,-77.0,-76.5,-79.5,-83.0
424,-84.5,-84.5,-81.0,-80.0,-80.5,-79.5,-79.0,-77.0,-82.0,-84.0
425,-84.5,-84.5,-82.0,-82.0,-80.5,-79.5,-79.0,-78.0,-82.0,-84.0
426,-85.5,-84.5,-83.0,-82.0,-81.0,-80.5,-79.5,-78.0,-81.5,-85.5
427,-84.0,-83.0,-81.5,-79.5,-79.0,-78.5,-78.5,-77.0,-80.0,-84.0
428,-83.5,-81.5,-80.5,-80.0,-79.5,-78.0,-77.5,-77.0,-79.5,-82.5
429,-83.0,-81.5,-80.0,-79.5,-78.5,-78.0,-76.5,-76.0,-80.0,-82.5
430,-87.5,-86.5,-84.5,-83.0,-82.5,-83.0,-82.0,-80.0,-85.0,-88.0
431,-85.5,-84.0,-82.5,-81.0,-80.5,-81.0,-80.0,-78.5,-83.0,-86.0
432,-84.0,-84.0,-83.0,-82.5,-81.0,-80.5,-81.0,-79.0,-81.0,-84.0
433,-85.0,-83.5,-83.0,-80.5,-81.0,-81.0,-80.5,-79.0,-82.0,-85.5
434,-84.5,-83.5,-81.0,-79.5,-80.0,-80.0,-79.5,-77.5,-81.5,-85.0
435,-84.0,-82.5,-81.5,-80.0,-79.0,-79.5,-79.0,-77.0,-81.0,-84.0
436,-82.5,-81.5,-79.5,-77.5,-78.0,-77.5,-78.0,-75.5,-79.5,-83.5
437,-83.0,-82.0,-81.5,-78.5,-78.5,-79.0,-78.5,-76.5,-80.0,-84.0
438,-83.0,-81.0,-79.5,-78.0,-78.0,-78.0,-77.5,-76.0,-79.5,-83.0
439,-84.0,-82.5,-81.5,-79.5,-79.5,-79.0,-79.0,-77.0,-81.5,-84.5
440,-79.0,-80.0,-76.0,-77.5,-77.5,-73.5,-75.5,-73.5,-77.0,-80.0
441,-82.5,-81.5,-79.5,-80.0,-79.0,-79.0,-77.5,-76.0,-78.5,-81.5
442,-82.5,-80.0,-78.5,-77.5,-78.5,-77.0,-76.5,-76.5,-79.5,-83.0
443,-82.0,-80.5,-78.5,-77.0,-77.0,-76.5,-76.0,-75.0,-78.0,-81.5
444,-83.0,-81.0,-78.0,-77.0,-79.0,-78.0,-77.0,-76.5,-76.5,-83.0
445,-79.5,-78.5,-75.5,-74.5,-74.5,-74.0,-74.0,-72.0,-76.0,-79.0
446,-79.0,-77.5,-75.0,-73.5,-74.5,-74.0,-73.5,-71.5,-75.0,-79.0
447,-80.0,-78.5,-77.0,-75.5,-75.5,-75.5,-75.0,-73.0,-75.0,-79.5
448,-80.5,-80.0,-77.5,-75.5,-77.0,-76.5,-75.0,-76.0,-78.5,-81.0
449,-79.5,-78.0,-75.5,-75.0,-75.0,-74.5,-74.0,-72.5,-76.5,-79.5
450,-86.0,-86.0,-83.5,-83.0,-81.5,-83.5,-81.5,-79.5,-83.0,-86.0
451,-83.0,-83.5,-82.5,-83.5,-82.0,-81.5,-81.5,-78.0,-81.5,-85.0
452,-82.0,-80.5,-78.5,-77.5,-76.5,-77.0,-76.0,-74.5,-78.0,-81.0
453,-83.0,-81.5,-80.0,-79.0,-78.0,-79.0,-78.0,-77.0,-80.0,-82.5
454,-83.0,-82.0,-78.0,-78.0,-77.5,-77.0,-78.0,-75.5,-79.0,-82.0
455,-81.5,-80.0,-77.0,-76.5,-75.0,-76.0,-75.0,-74.0,-76.5,-80.0
456,-81.0,-80.0,-78.5,-77.0,-76.5,-76.5,-76.5,-75.0,-77.5,-81.5
457,-82.0,-81.0,-79.0,-77.5,-77.0,-77.5,-76.5,-75.0,-78.0,-81.5
458,-78.5,-76.0,-74.0,-72.5,-71.5,-72.0,-73.0,-71.0,-74.0,-78.0
459,-80.5,-78.5,-77.0,-75.5,-74.5,-75.5,-75.0,-73.0,-76.5,-79.5
460,-84.0,-83.5,-80.0,-79.0,-78.5,-79.5,-78.0,-76.5,-80.5,-84.0
461,-83.5,-82.5,-79.5,-79.0,-78.5,-78.5,-78.0,-76.0,-79.5,-83.0
462,-82.5,-81.5,-79.5,-78.5,-77.5,-78.0,-77.0,-75.0,-78.0,-82.5
463,-82.5,-81.5,-79.5,-78.0,-77.5,-78.0,-77.0,-75.5,-79.0,-83.0
464,-82.0,-81.5,-77.5,-76.5,-77.0,-76.5,-76.0,-75.0,-78.5,-82.0
465,-83.5,-82.0,-80.0,-78.5,-78.0,-78.5,-77.5,-75.5,-79.0,-83.0
466,-81.5,-80.0,-78.0,-76.5,-77.0,-77.0,-75.5,-74.0,-77.0,-81.5
467,-82.0,-80.5,-79.0,-77.0,-77.0,-77.0,-76.5,-74.0,-78.0,-82.0
468,-79.5,-78.0,-76.5,-75.0,-75.0,-75.0,-74.0,-72.5,-76.0,-79.5
469,-82.5,-81.0,-79.0,-77.5,-77.5,-78.0,-76.5,-75.0,-79.0,-83.0
470,-86.5,-86.5,-84.0,-82.0,-81.5,-82.5,-82.0,-79.0,-83.0,-87.0
471,-85.0,-83.5,-82.0,-80.0,-79.5,-81.0,-79.5,-77.5,-81.0,-84.5
472,-83.0,-82.5,-80.5,-78.0,-78.0,-78.5,-78.0,-76.0,-79.5,-83.0
473,-84.5,-83.0,-81.5,-79.5,-79.0,-80.0,-79.5,-77.0,-80.5,-84.5
474,-82.5,-81.0,-79.0,-77.0,-77.0,-78.0,-77.5,-74.5,-77.0,-82.5
475,-81.0,-80.5,-78.0,-76.5,-76.0,-77.0,-76.5,-74.0,-77.0,-81.0
476,-82.0,-81.5,-80.0,-77.0,-77.0,-78.5,-78.0,-75.5,-78.0,-82.5
477,-83.0,-80.5,-80.5,-78.0,-77.5,-79.0,-78.0,-75.5,-77.0,-82.0
478,-80.5,-79.0,-77.5,-75.0,-75.5,-76.0,-75.5,-73.5,-76.5,-80.5
479,-85.0,-83.5,-82.0,-79.5,-79.0,-80.5,-80.0,-77.5,-81.0,-85.0
480,-86.0,-84.5,-83.0,-81.5,-80.0,-82.0,-80.0,-79.5,-82.0,-85.5
481,-84.0,-82.5,-79.5,-79.0,-78.5,-79.0,-78.0,-77.5,-80.5,-83.0
482,-81.5,-80.0,-78.0,-77.0,-76.0,-76.0,-75.5,-74.5,-77.5,-81.0
483,-84.0,-82.0,-81.0,-79.0,-78.5,-80.0,-78.5,-78.0,-80.5,-84.0
484,-87.0,-86.5,-84.5,-85.0,-84.5,-82.5,-83.0,-82.5,-83.0,-85.0
485,-82.5,-81.0,-79.0,-78.0,-76.5,-77.5,-77.0,-76.0,-79.0,-82.0
486,-77.5,-76.0,-75.0,-74.5,-72.5,-74.0,-72.5,-72.5,-73.0,-76.5
487,-82.5,-80.5,-79.5,-77.5,-77.0,-77.5,-77.0,-76.0,-78.5,-82.0
488,-80.5,-78.0,-77.0,-74.5,-75.0,-75.0,-74.5,-74.5,-76.0,-80.5
489,-83.0,-80.5,-79.5,-78.0,-78.0,-77.5,-77.0,-76.5,-79.5,-83.0
490,-87.5,-88.5,-86.0,-85.5,-84.5,-85.0,-83.5,-83.0,-86.5,-89.5
491,-85.0,-84.0,-82.0,-80.5,-80.0,-80.5,-79.0,-78.5,-82.0,-85.5
492,-85.0,-84.5,-83.0,-81.5,-80.5,-81.0,-79.5,-79.0,-82.5,-86.0
493,-84.5,-83.5,-82.5,-80.5,-79.5,-80.5,-79.0,-79.0,-82.5,-85.5
494,-85.0,-84.5,-82.0,-81.0,-81.0,-80.5,-80.0,-79.0,-82.0,-86.5
495,-85.0,-84.0,-83.0,-81.5,-80.0,-81.5,-79.5,-79.0,-82.0,-85.5
496,-83.5,-83.5,-81.5,-79.5,-79.5,-80.0,-79.0,-78.5,-81.0,-85.0
497,-85.5,-84.0,-83.5,-81.0,-80.5,-81.0,-80.0,-79.5,-82.0,-86.5
498,-84.0,-83.0,-81.0,-80.0,-79.5,-80.0,-78.5,-78.0,-81.0,-85.0
499,-85.5,-84.0,-83.0,-81.5,-81.5,-81.0,-79.5,-79.5,-83.0,-87.0
500,-86.0,-87.5,-84.5,-83.0,-82.0,-84.0,-80.0,-81.5,-84.0,-87.5
501,-81.5,-81.0,-79.0,-78.5,-76.5,-78.0,-75.5,-76.0,-78.0,-81.0
502,-78.5,-78.0,-77.0,-75.5,-73.5,-73.5,-73.0,-73.5,-73.5,-78.5
503,-83.5,-83.5,-82.0,-80.0,-78.0,-79.0,-77.5,-79.5,-80.0,-83.0
504,-85.0,-84.0,-82.0,-82.5,-80.5,-81.5,-80.0,-78.5,-80.0,-83.0
505,-82.0,-81.5,-78.5,-77.5,-76.0,-77.0,-75.5,-76.0,-77.5,-82.0
506,-79.0,-79.0,-76.5,-75.0,-73.5,-74.5,-73.5,-73.5,-75.5,-79.5
507,-82.5,-82.0,-80.0,-78.0,-76.5,-77.5,-77.0,-76.5,-78.0,-82.0
508,-79.0,-78.5,-76.0,-74.5,-73.5,-74.5,-73.5,-74.5,-75.5,-79.5
509,-79.0,-78.0,-76.5,-75.5,-73.0,-74.5,-73.0,-73.5,-76.0,-79.5
510,-83.0,-82.5,-79.0,-79.0,-76.5,-78.5,-76.0,-77.0,-79.0,-81.5
511,-83.0,-82.0,-78.5,-79.5,-77.5,-78.0,-76.0,-77.0,-78.0,-81.0
512,-85.5,-87.0,-87.5,-87.0,-83.0,-83.0,-82.5,-85.5,-86.0,-86.5
513,-84.0,-82.5,-82.5,-81.0,-78.0,-80.5,-78.0,-79.5,-80.5,-82.5
514,-80.5,-80.0,-77.0,-76.5,-74.5,-75.5,-74.5,-74.0,-76.5,-80.0
515,-81.0,-80.0,-78.0,-77.0,-75.0,-75.5,-74.0,-75.0,-76.5,-79.5
516,-79.0,-78.5,-76.5,-75.0,-74.0,-75.0,-73.5,-73.5,-75.5,-78.5
517,-81.0,-80.0,-78.0,-77.0,-75.0,-76.0,-75.0,-74.5,-76.5,-80.0
518,-79.0,-77.0,-75.0,-74.0,-72.0,-73.0,-72.0,-72.5,-75.0,-77.0
519,-80.0,-78.5,-76.5,-76.0,-73.5,-74.5,-73.0,-73.5,-76.0,-79.0
520,-84.0,-84.5,-82.0,-81.0,-79.5,-78.5,-76.0,-79.0,-80.0,-84.0
521,-84.5,-83.0,-81.0,-80.5,-78.5,-78.0,-78.0,-78.0,-80.5,-82.5
522,-81.0,-79.5,-78.5,-77.5,-75.0,-75.5,-75.0,-74.5,-75.0,-79.0
523,-82.5,-82.0,-80.0,-78.0,-76.5,-77.5,-76.5,-76.5,-79.0,-81.5
524,-82.0,-82.0,-79.0,-77.5,-76.5,-77.0,-77.0,-76.0,-79.0,-81.5
525,-82.5,-82.0,-80.5,-80.0,-78.0,-78.0,-78.0,-77.5,-79.5,-80.0
526,-82.0,-81.0,-79.5,-77.5,-76.0,-77.5,-76.5,-76.0,-78.0,-81.0
527,-84.0,-83.0,-82.0,-80.0,-78.0,-79.5,-78.5,-78.0,-80.0,-82.5
528,-79.5,-80.0,-77.5,-78.0,-77.0,-73.5,-76.5,-75.0,-75.5,-79.5
529,-87.0,-85.5,-83.5,-82.5,-81.0,-82.0,-80.0,-80.5,-83.0,-84.5
530,-86.0,-85.5,-83.5,-81.5,-80.0,-82.0,-80.0,-79.5,-83.0,-85.5
531,-84.5,-84.0,-82.0,-79.5,-79.0,-81.0,-78.5,-79.0,-81.5,-84.5
532,-82.0,-81.0,-79.5,-77.0,-76.0,-77.0,-76.0,-76.0,-78.5,-81.5
533,-83.5,-82.0,-81.5,-78.5,-77.5,-79.0,-77.5,-78.0,-80.0,-83.5
534,-82.5,-81.5,-79.5,-78.5,-77.0,-78.5,-77.0,-76.5,-79.0,-83.0
535,-83.5,-82.0,-80.5,-78.5,-77.0,-78.5,-77.0,-77.0,-79.5,-83.0
536,-82.5,-82.0,-80.5,-78.0,-77.0,-78.0,-77.0,-77.0,-79.5,-82.5
537,-83.0,-82.0,-80.5,-78.5,-77.0,-78.5,-77.0,-76.5,-79.0,-82.5
538,-81.0,-80.5,-77.0,-78.0,-76.5,-77.5,-75.0,-76.0,-78.0,-81.5
539,-81.5,-80.0,-79.0,-77.0,-75.5,-76.5,-75.5,-75.5,-78.5,-82.0
540,-86.5,-86.5,-83.5,-83.0,-80.5,-82.0,-81.0,-79.0,-81.5,-85.5
541,-82.0,-81.5,-77.5,-77.5,-75.5,-76.0,-75.5,-75.0,-78.0,-81.0
542,-80.5,-80.0,-76.5,-76.0,-74.5,-74.5,-74.5,-73.5,-76.5,-80.0
543,-81.0,-80.0,-78.0,-76.5,-75.5,-76.5,-75.5,-75.0,-77.5,-81.0
544,-80.5,-80.5,-76.0,-75.0,-75.5,-75.5,-75.5,-74.0,-77.5,-80.0
545,-81.5,-80.5,-77.0,-76.0,-74.5,-75.5,-74.5,-74.0,-77.0,-80.5
546,-81.0,-80.0,-77.5,-76.0,-75.0,-76.0,-75.5,-74.0,-76.0,-80.5
547,-81.0,-80.0,-77.5,-76.0,-74.5,-75.5,-75.0,-73.5,-76.5,-80.5
548,-80.5,-79.5,-76.0,-75.0,-74.5,-75.0,-74.5,-74.0,-76.5,-80.5
549,-79.5,-78.0,-75.5,-75.0,-73.0,-74.0,-73.0,-72.5,-75.0,-79.0
550,-83.0,-83.5,-79.0,-78.5,-77.0,-78.0,-76.5,-76.0,-79.0,-83.0
551,-83.0,-83.0,-79.5,-79.0,-77.0,-79.0,-76.0,-77.0,-79.5,-83.0
552,-81.5,-80.5,-78.0,-77.0,-75.0,-76.5,-74.5,-75.0,-76.5,-80.0
553,-82.5,-81.5,-79.5,-77.5,-76.5,-78.0,-76.0,-76.5,-78.5,-82.0
554,-81.5,-81.0,-77.5,-76.5,-75.5,-76.5,-75.5,-75.0,-77.5,-81.5
555,-81.0,-79.0,-76.0,-75.5,-73.0,-76.0,-73.5,-73.5,-73.5,-79.5
556,-80.0,-79.0,-76.5,-75.0,-74.0,-76.0,-74.0,-73.5,-75.5,-79.5
557,-83.0,-81.5,-79.0,-77.5,-76.0,-77.5,-76.5,-75.5,-78.0,-81.5
558,-82.5,-80.0,-78.5,-77.5,-76.0,-78.0,-76.0,-76.0,-76.5,-81.0
559,-80.5,-79.0,-76.0,-75.0,-73.5,-75.0,-73.5,-73.5,-76.0,-80.0
560,-82.5,-82.5,-79.0,-77.5,-77.0,-78.5,-76.5,-76.5,-80.0,-83.0
561,-84.0,-82.5,-80.0,-79.5,-77.5,-79.5,-77.5,-77.5,-79.5,-82.0
562,-80.0,-80.0,-76.5,-75.5,-74.5,-75.0,-74.5,-74.5,-76.0,-80.0
563,-83.0,-82.0,-80.0,-78.0,-77.0,-78.5,-77.5,-77.5,-79.5,-83.0
564,-83.0,-82.5,-79.5,-78.5,-78.0,-79.0,-77.5,-77.0,-80.0,-83.5
565,-82.5,-81.5,-78.5,-77.0,-76.5,-77.5,-76.0,-76.5,-79.0,-82.5
566,-82.0,-80.5,-78.5,-77.0,-76.5,-77.5,-75.5,-76.0,-77.5,-82.0
567,-82.5,-81.0,-80.0,-78.0,-77.0,-78.5,-77.0,-76.5,-77.5,-82.0
568,-79.5,-78.0,-75.5,-74.0,-73.5,-75.0,-73.5,-74.0,-75.5,-79.5
569,-81.5,-80.5,-78.0,-76.5,-75.5,-77.0,-75.5,-75.5,-78.5,-82.0
570,-86.0,-86.0,-83.0,-81.5,-80.0,-82.0,-81.0,-79.0,-82.0,-86.0
571,-87.0,-86.0,-83.0,-81.5,-80.0,-81.5,-80.5,-79.5,-82.5,-85.5
572,-82.5,-82.0,-79.0,-78.0,-76.5,-77.5,-77.0,-75.5,-78.0,-81.5
573,-83.5,-83.0,-81.0,-79.0,-77.5,-80.0,-78.5,-77.5,-80.0,-83.5
574,-81.5,-81.5,-78.0,-77.5,-76.0,-77.0,-76.5,-74.5,-77.5,-81.5
575,-85.5,-85.0,-82.0,-80.5,-79.0,-81.0,-80.0,-79.0,-81.0,-85.0
576,-85.0,-83.0,-82.0,-81.5,-78.5,-82.5,-79.5,-80.0,-80.5,-83.0
577,-84.0,-82.5,-80.5,-79.0,-78.0,-79.0,-78.5,-77.0,-79.0,-82.5
578,-82.0,-80.5,-78.0,-76.5,-75.5,-77.5,-76.5,-75.5,-78.0,-81.5
579,-83.0,-81.0,-79.0,-78.0,-76.0,-78.0,-76.5,-76.0,-78.0,-82.0
580,-82.0,-81.0,-78.0,-77.0,-75.5,-77.5,-75.5,-75.5,-78.0,-82.0
581,-83.0,-82.0,-78.5,-78.0,-76.5,-78.5,-76.5,-76.5,-79.0,-82.0
582,-81.0,-79.0,-76.5,-76.0,-74.0,-76.0,-74.0,-73.5,-75.5,-79.5
583,-82.5,-81.0,-78.5,-77.0,-76.0,-78.0,-76.5,-76.5,-78.5,-82.0
584,-82.5,-82.0,-78.0,-77.5,-77.0,-78.0,-77.5,-77.0,-79.5,-82.5
585,-83.5,-81.5,-79.0,-78.5,-76.5,-79.0,-77.0,-77.0,-78.5,-82.0
586,-79.0,-78.0,-75.5,-74.5,-73.5,-75.5,-74.0,-73.5,-75.5,-79.0
587,-81.5,-80.5,-78.0,-76.5,-75.5,-77.0,-76.0,-75.5,-77.5,-81.0
588,-81.0,-78.5,-77.0,-76.5,-76.0,-76.5,-74.5,-75.5,-76.5,-80.5
589,-81.5,-79.5,-77.0,-76.5,-75.5,-76.0,-75.0,-75.0,-77.5,-81.5
590,-82.5,-82.0,-78.5,-78.5,-76.5,-78.0,-76.5,-76.0,-79.0,-83.5
591,-82.5,-81.0,-78.5,-78.0,-75.5,-77.0,-75.5,-75.5,-78.0,-81.5
592,-83.0,-82.5,-80.0,-79.0,-77.0,-78.0,-77.5,-77.5,-80.0,-83.5
593,-83.5,-82.0,-80.0,-79.0,-77.0,-78.5,-77.5,-77.5,-80.5,-84.0
594,-82.5,-81.5,-79.5,-79.5,-77.0,-79.0,-77.5,-76.0,-78.0,-82.5
595,-84.0,-82.5,-80.0,-79.0,-77.0,-78.5,-77.0,-77.0,-80.0,-84.0
596,-81.5,-80.0,-78.0,-77.0,-75.5,-76.5,-75.5,-75.5,-77.5,-82.5
597,-83.5,-81.5,-80.0,-78.5,-76.5,-78.5,-77.0,-76.5,-79.0,-83.5
598,-83.0,-81.0,-78.5,-78.0,-76.5,-77.5,-76.0,-76.5,-78.5,-83.5
599,-85.0,-83.0,-80.5,-79.5,-78.0,-78.5,-77.5,-78.0,-80.0,-85.5
600,-88.5,-88.5,-85.0,-85.5,-83.5,-87.0,-82.5,-82.0,-85.0,-89.5
601,-87.0,-86.0,-82.0,-82.5,-80.5,-82.0,-79.5,-79.5,-83.5,-85.0
602,-85.5,-83.5,-81.5,-81.0,-78.5,-80.0,-78.5,-78.0,-80.5,-83.5
603,-86.5,-85.0,-83.5,-82.0,-80.0,-82.5,-80.0,-81.0,-82.5,-85.5
604,-84.5,-83.5,-80.0,-79.5,-79.0,-79.5,-78.0,-77.5,-81.5,-83.5
605,-83.0,-82.0,-78.5,-78.5,-76.0,-77.5,-75.5,-76.0,-79.0,-81.5
606,-86.5,-84.5,-81.5,-80.5,-80.0,-83.0,-78.5,-78.5,-79.5,-84.5
607,-81.5,-80.5,-78.0,-77.0,-75.5,-77.0,-74.5,-74.5,-77.0,-81.0
608,-82.5,-80.5,-78.0,-77.5,-76.0,-77.0,-75.0,-76.0,-78.0,-81.5
609,-81.0,-79.5,-77.5,-77.5,-75.5,-76.5,-75.0,-75.0,-77.0,-81.0
610,-85.0,-84.5,-80.0,-80.5,-79.0,-80.5,-78.0,-77.5,-81.0,-83.5
611,-88.0,-87.0,-82.5,-83.0,-82.5,-83.5,-81.5,-81.0,-83.5,-87.0
612,-85.0,-84.5,-81.0,-81.0,-79.0,-82.0,-78.5,-78.5,-80.5,-83.0
613,-87.0,-86.0,-83.0,-82.0,-81.0,-82.5,-80.5,-80.5,-84.0,-86.0
614,-86.5,-85.5,-82.0,-81.5,-81.0,-82.0,-80.0,-79.5,-82.5,-85.0
615,-86.0,-84.5,-82.0,-81.0,-79.0,-81.5,-79.0,-78.5,-81.0,-84.0
616,-86.5,-84.5,-82.0,-81.5,-80.0,-82.5,-79.5,-79.5,-80.0,-84.0
617,-85.0,-84.0,-82.0,-80.5,-79.5,-80.5,-79.0,-78.5,-81.0,-84.0
618,-83.0,-80.5,-77.5,-77.5,-76.0,-77.5,-74.0,-74.5,-77.0,-80.0
619,-83.5,-83.5,-79.0,-78.5,-77.5,-78.0,-76.0,-76.5,-80.0,-83.0
620,-86.0,-86.0,-82.5,-81.5,-80.0,-80.5,-79.0,-78.0,-82.0,-85.0
621,-86.5,-85.0,-82.5,-81.5,-79.5,-80.5,-79.5,-78.5,-81.5,-84.5
622,-84.0,-83.5,-81.0,-79.5,-78.0,-79.0,-78.0,-77.0,-80.0,-83.0
623,-85.5,-84.5,-82.5,-80.5,-79.0,-81.0,-79.5,-79.0,-81.5,-84.5
624,-88.0,-87.0,-84.0,-83.0,-81.5,-83.5,-81.5,-80.5,-83.5,-86.0
625,-84.5,-86.5,-82.5,-83.0,-81.0,-81.5,-79.0,-81.0,-83.0,-82.5
626,-79.0,-76.0,-78.0,-77.0,-75.0,-75.5,-69.0,-75.0,-76.0,-77.5
627,-83.5,-82.5,-81.0,-79.0,-77.5,-79.0,-77.0,-77.0,-78.5,-82.5
628,-83.0,-81.5,-79.0,-78.0,-76.5,-77.5,-76.0,-76.0,-78.0,-81.5
629,-83.0,-81.5,-79.5,-78.5,-77.0,-78.0,-76.5,-76.5,-79.0,-82.5
630,-88.0,-87.5,-86.0,-84.5,-82.0,-84.5,-82.5,-81.5,-84.0,-87.5
631,-85.5,-85.0,-82.5,-81.0,-80.0,-81.0,-80.0,-79.0,-82.5,-85.0
632,-84.5,-83.5,-82.5,-80.0,-79.0,-80.5,-79.0,-78.0,-81.0,-84.0
633,-87.0,-85.0,-84.5,-81.5,-81.5,-83.5,-81.0,-81.0,-82.5,-87.0
634,-85.0,-84.5,-82.0,-80.5,-80.0,-81.0,-80.0,-78.5,-82.0,-85.5
635,-83.5,-82.0,-80.5,-79.0,-77.5,-79.0,-78.0,-77.0,-79.5,-83.5
636,-84.5,-83.5,-82.0,-80.0,-79.0,-81.0,-79.0,-78.0,-80.0,-84.5
637,-84.0,-83.5,-81.0,-80.0,-79.0,-79.5,-78.5,-77.5,-80.0,-83.5
638,-83.0,-81.5,-80.0,-78.5,-78.0,-79.0,-77.5,-77.0,-79.5,-83.5
639,-85.0,-83.5,-82.5,-80.5,-79.5,-80.5,-79.0,-79.0,-80.5,-85.5
640,-83.0,-83.0,-80.5,-82.0,-79.0,-80.0,-79.0,-79.0,-82.0,-83.5
641,-82.5,-81.5,-78.5,-78.0,-77.0,-77.0,-76.0,-75.0,-79.0,-81.5
642,-84.0,-83.0,-81.0,-80.5,-78.5,-79.0,-78.0,-77.0,-80.0,-83.0
643,-84.0,-83.0,-81.0,-79.5,-79.0,-79.5,-78.5,-78.0,-81.5,-84.0
644,-82.5,-82.0,-79.0,-77.5,-78.5,-78.0,-77.5,-75.5,-80.0,-83.0
645,-83.0,-82.0,-79.5,-78.5,-77.0,-79.0,-77.0,-75.5,-79.0,-82.5
646,-81.0,-80.0,-77.5,-76.0,-75.5,-76.5,-75.0,-73.5,-76.5,-80.5
647,-81.5,-80.0,-78.5,-76.5,-75.5,-77.0,-75.5,-74.0,-77.0,-81.0
648,-84.5,-82.5,-81.0,-80.5,-78.5,-81.0,-79.0,-78.0,-80.0,-83.5
649,-81.5,-81.0,-78.5,-77.0,-76.0,-76.5,-76.0,-75.5,-78.5,-82.0
650,-82.5,-83.5,-80.0,-79.0,-77.5,-78.5,-77.0,-75.5,-79.5,-83.5
651,-83.0,-82.0,-79.5,-78.5,-76.5,-78.5,-76.0,-75.5,-78.5,-81.5
652,-81.5,-81.0,-78.5,-77.0,-75.5,-76.5,-75.0,-74.5,-77.5,-80.5
653,-83.5,-82.5,-80.5,-78.5,-77.0,-79.0,-77.0,-76.5,-80.0,-82.5
654,-82.0,-81.0,-78.0,-77.5,-76.5,-77.5,-76.0,-74.5,-77.5,-81.5
655,-83.5,-82.5,-79.5,-78.5,-77.5,-78.5,-76.5,-76.0,-78.5,-82.5
656,-81.0,-80.0,-77.0,-75.5,-75.0,-76.0,-74.0,-73.5,-77.0,-80.5
657,-81.5,-80.0,-78.5,-76.5,-75.0,-77.5,-75.5,-74.0,-76.5,-80.5
658,-81.0,-79.0,-76.5,-75.5,-74.5,-75.5,-74.5,-73.5,-76.0,-80.0
659,-81.5,-80.5,-77.5,-76.5,-75.5,-76.5,-75.0,-74.0,-77.5,-81.0
660,-83.5,-83.0,-79.5,-79.0,-78.0,-79.5,-76.5,-75.5,-78.0,-83.5
661,-84.5,-83.5,-80.5,-79.5,-79.0,-80.5,-78.0,-77.5,-80.0,-84.0
662,-81.5,-80.5,-78.5,-77.0,-75.5,-77.0,-75.0,-74.5,-76.0,-81.5
663,-85.5,-84.5,-83.0,-81.0,-80.0,-82.5,-80.0,-80.0,-81.5,-86.0
664,-83.5,-82.5,-79.5,-78.0,-78.5,-79.0,-77.0,-76.0,-79.5,-83.5
665,-83.0,-81.5,-79.0,-77.5,-77.0,-78.0,-76.0,-75.0,-78.0,-82.5
666,-90.0,-85.5,-87.0,-83.5,-85.5,-89.5,-83.0,-85.0,-82.0,-89.0
667,-82.5,-81.0,-79.0,-77.0,-77.0,-78.0,-76.0,-75.0,-77.0,-82.5
668,-79.5,-78.0,-76.0,-74.0,-74.0,-75.5,-72.5,-72.5,-75.0,-80.0
669,-80.5,-78.5,-76.5,-75.0,-74.5,-76.0,-73.0,-73.0,-75.0,-80.5
670,-81.5,-81.5,-78.5,-77.5,-76.5,-78.0,-76.0,-73.5,-78.0,-82.0
671,-83.5,-83.0,-80.0,-79.0,-77.5,-79.5,-77.0,-76.0,-79.5,-83.5
672,-82.5,-82.5,-80.5,-79.0,-78.0,-80.0,-77.0,-76.0,-79.5,-82.5
673,-84.0,-83.0,-81.0,-79.5,-78.5,-80.0,-78.0,-76.5,-80.5,-84.0
674,-81.5,-81.0,-78.5,-77.0,-76.5,-77.5,-76.5,-74.0,-78.0,-82.5
675,-83.0,-81.5,-80.5,-79.0,-77.0,-80.0,-78.0,-76.0,-78.0,-82.5
676,-85.5,-85.5,-83.0,-82.0,-82.0,-83.0,-81.0,-80.0,-80.0,-83.5
677,-81.5,-80.5,-79.0,-77.0,-76.5,-78.0,-76.0,-74.5,-77.0,-82.0
678,-80.0,-78.5,-77.0,-75.0,-74.0,-76.5,-74.5,-72.5,-75.0,-80.5
679,-81.5,-80.5,-78.0,-76.5,-75.5,-77.0,-75.5,-74.0,-77.5,-82.0
680,-78.5,-78.0,-74.5,-74.0,-73.0,-74.5,-72.0,-71.0,-75.0,-79.0
681,-82.5,-81.0,-78.0,-78.0,-76.5,-78.5,-75.5,-75.0,-78.0,-82.0
682,-77.0,-77.0,-75.0,-74.5,-74.0,-75.0,-75.0,-75.0,-75.5,-78.0
683,-81.5,-80.5,-78.0,-77.0,-76.0,-77.5,-75.5,-75.0,-78.0,-82.0
684,-81.0,-79.5,-77.0,-77.0,-76.0,-77.5,-75.0,-74.0,-77.0,-81.0
685,-80.5,-79.0,-76.0,-75.5,-74.0,-76.0,-74.0,-73.0,-76.0,-80.0
686,-79.5,-77.5,-76.5,-76.5,-75.0,-75.5,-72.0,-74.0,-75.0,-80.0
687,-80.0,-79.0,-77.0,-76.0,-75.0,-76.5,-74.0,-73.5,-76.0,-80.5
688,-79.0,-77.0,-74.5,-74.0,-73.5,-73.5,-72.0,-73.5,-75.5,-79.5
689,-80.0,-78.5,-76.0,-75.5,-74.5,-75.5,-73.5,-73.0,-76.5,-80.5
690,-82.5,-83.5,-80.0,-80.0,-78.5,-80.0,-77.0,-75.5,-79.5,-85.5
691,-84.5,-84.0,-81.0,-80.5,-79.0,-80.5,-77.5,-78.0,-81.5,-85.5
692,-83.5,-83.5,-80.5,-80.0,-78.5,-79.5,-77.5,-77.0,-80.5,-84.5
693,-85.0,-84.5,-83.0,-81.0,-80.0,-82.5,-79.0,-79.0,-82.0,-86.5
694,-82.5,-82.5,-79.0,-79.0,-78.0,-78.5,-76.5,-75.5,-79.5,-84.0
695,-81.0,-81.0,-77.5,-77.0,-75.5,-77.0,-74.5,-74.0,-77.5,-82.0
696,-82.0,-81.5,-79.0,-78.0,-77.0,-79.5,-75.5,-75.5,-77.0,-83.0
697,-83.5,-83.0,-80.5,-79.0,-78.0,-79.5,-77.5,-76.5,-79.5,-85.0
698,-81.0,-80.0,-77.5,-77.0,-75.5,-77.0,-74.0,-74.0,-77.5,-83.0
699,-79.5,-79.0,-76.0,-75.0,-75.0,-75.5,-72.5,-72.0,-75.5,-81.0
700,-98.0,-97.0,-94.0,-93.0,-92.5,-94.0,-92.5,-90.5,-93.0,-99.0
701,-93.0,-91.5,-88.5,-87.5,-86.5,-87.5,-87.0,-85.0,-88.5,-92.5
702,-87.5,-85.5,-83.5,-82.0,-81.0,-81.5,-82.0,-79.5,-81.5,-86.5
703,-91.0,-89.0,-87.5,-85.5,-84.5,-86.0,-84.5,-84.0,-86.5,-91.0
704,-83.5,-82.5,-79.5,-78.0,-78.5,-79.0,-79.0,-77.0,-80.0,-83.5
705,-90.0,-88.0,-85.5,-84.0,-82.5,-84.0,-83.0,-81.5,-84.0,-88.5
706,-87.5,-85.5,-83.5,-81.5,-81.5,-82.5,-81.0,-80.0,-82.0,-88.0
707,-82.5,-79.5,-80.0,-77.5,-78.5,-77.5,-77.5,-77.0,-76.0,-82.0
708,-82.0,-80.0,-78.5,-76.5,-76.5,-77.0,-76.5,-75.5,-77.0,-83.0
709,-86.0,-84.0,-82.0,-81.0,-80.0,-81.0,-80.0,-78.5,-81.5,-86.5
710,-83.0,-83.0,-78.5,-77.0,-78.5,-78.5,-77.0,-76.5,-78.0,-82.0
711,-83.5,-82.0,-78.5,-77.0,-78.0,-78.0,-76.0,-75.0,-78.5,-81.0
712,-88.0,-87.5,-84.0,-83.0,-82.5,-83.0,-82.0,-81.0,-83.5,-87.0
713,-91.5,-88.5,-87.5,-85.0,-84.0,-86.0,-85.0,-84.5,-86.5,-90.5
714,-87.5,-86.0,-83.0,-82.0,-81.5,-82.0,-81.5,-79.5,-81.5,-87.0
715,-90.5,-88.5,-85.5,-84.0,-83.0,-85.0,-83.5,-82.0,-84.5,-89.0
716,-89.5,-87.5,-85.0,-83.0,-83.0,-84.5,-83.5,-81.5,-84.0,-89.0
717,-92.0,-89.0,-87.5,-85.0,-85.0,-86.0,-85.5,-83.5,-83.5,-90.0
718,-88.5,-85.5,-82.5,-81.0,-80.0,-81.0,-81.0,-79.5,-81.0,-86.5
719,-89.0,-86.5,-84.0,-82.5,-81.5,-83.0,-81.5,-80.5,-83.5,-88.0
720,-88.5,-88.0,-88.5,-86.5,-83.0,-85.5,-84.0,-79.5,-82.5,-88.0
721,-92.5,-90.5,-87.5,-86.5,-85.0,-85.5,-86.0,-83.5,-87.0,-90.5
722,-89.5,-87.5,-85.0,-83.5,-82.5,-83.0,-83.0,-81.0,-83.0,-88.5
723,-92.0,-89.5,-88.5,-86.0,-85.0,-87.0,-86.0,-84.5,-87.0,-91.5
724,-87.0,-86.0,-83.0,-82.5,-81.5,-82.0,-82.0,-79.5,-82.5,-86.0
725,-92.0,-90.0,-88.0,-86.5,-85.5,-86.0,-86.0,-84.5,-86.5,-90.0
726,-91.0,-88.5,-87.0,-85.0,-83.5,-86.0,-84.5,-83.0,-84.5,-90.0
727,-93.5,-90.5,-88.0,-86.0,-85.5,-86.0,-86.5,-85.5,-85.5,-91.5
728,-89.0,-87.0,-84.5,-83.0,-83.0,-84.0,-83.0,-82.5,-84.5,-88.5
729,-94.0,-91.0,-90.0,-91.0,-88.0,-89.5,-87.5,-88.5,-89.5,-93.0
730,-90.5,-89.0,-87.0,-85.5,-84.0,-86.0,-85.0,-82.5,-86.0,-90.0
731,-86.0,-84.0,-82.5,-80.5,-79.0,-81.5,-78.5,-78.5,-82.0,-85.5
732,-91.0,-88.5,-87.5,-85.0,-84.0,-86.0,-85.0,-82.5,-86.0,-90.0
733,-89.5,-87.5,-86.5,-84.0,-83.5,-85.5,-84.0,-83.0,-85.0,-89.5
734,-88.0,-86.0,-84.0,-82.5,-82.0,-83.0,-82.5,-80.0,-83.5,-88.0
735,-91.0,-88.5,-87.5,-85.0,-84.0,-86.0,-85.0,-82.5,-85.5,-90.0
736,-90.0,-88.5,-86.5,-84.0,-84.0,-85.5,-84.5,-82.5,-85.5,-90.0
737,-89.5,-88.0,-85.0,-82.0,-82.5,-84.0,-83.0,-81.5,-84.0,-89.5
738,-88.0,-85.5,-84.0,-82.0,-81.5,-83.5,-82.0,-80.0,-82.5,-87.5
739,-88.0,-85.5,-84.0,-82.0,-81.5,-82.5,-81.5,-80.0,-83.5,-88.0
740,-87.5,-86.5,-82.0,-82.0,-81.0,-82.0,-81.0,-78.0,-82.0,-87.0
741,-87.0,-84.5,-82.0,-81.0,-80.0,-81.0,-80.0,-78.0,-81.0,-85.5
742,-85.0,-84.0,-80.5,-80.0,-79.0,-79.5,-79.0,-76.0,-80.0,-84.5
743,-87.0,-85.0,-82.5,-81.5,-80.5,-81.5,-81.0,-79.0,-82.0,-87.0
744,-83.5,-81.5,-78.5,-77.5,-78.0,-78.5,-78.0,-75.5,-76.5,-83.0
745,-87.0,-85.5,-82.0,-81.0,-80.0,-81.5,-81.0,-78.5,-81.5,-86.0
746,-86.0,-84.0,-81.0,-80.0,-79.5,-80.5,-79.5,-77.0,-80.0,-85.5
747,-91.0,-89.5,-83.5,-84.0,-84.0,-85.0,-83.0,-81.5,-84.5,-90.5
748,-84.5,-82.0,-79.0,-77.5,-77.5,-79.0,-78.5,-76.5,-79.0,-84.0
749,-87.0,-85.0,-82.0,-81.0,-80.0,-81.5,-80.5,-78.5,-81.5,-87.0
750,-91.0,-90.5,-87.5,-86.5,-85.0,-87.5,-86.0,-84.0,-85.5,-91.0
751,-90.5,-89.0,-86.0,-84.5,-83.0,-85.0,-83.0,-83.0,-85.0,-89.0
752,-89.5,-88.0,-85.0,-83.5,-82.5,-84.0,-82.5,-82.0,-84.0,-88.0
753,-86.0,-84.0,-81.5,-79.5,-78.5,-81.5,-79.0,-79.0,-81.0,-85.0
754,-87.5,-86.5,-82.5,-81.5,-81.0,-82.0,-81.5,-79.5,-82.0,-87.0
755,-87.5,-86.0,-83.0,-81.5,-80.5,-82.5,-81.0,-80.0,-81.5,-86.5
756,-89.0,-87.5,-85.5,-83.5,-82.5,-85.5,-83.5,-82.0,-82.5,-88.5
757,-88.0,-87.0,-83.0,-81.0,-80.5,-81.5,-82.5,-80.5,-81.5,-86.5
758,-84.5,-82.0,-79.0,-77.5,-77.5,-79.0,-78.0,-77.0,-78.5,-83.5
759,-85.0,-82.5,-80.5,-79.0,-78.0,-79.5,-78.0,-77.0,-79.0,-84.5
760,-86.5,-86.0,-82.0,-80.5,-81.0,-82.0,-80.5,-78.5,-81.5,-86.5
761,-87.5,-86.0,-83.0,-81.5,-81.5,-82.5,-81.0,-80.0,-82.5,-87.0
762,-84.0,-83.0,-79.5,-78.5,-77.0,-80.0,-78.0,-75.5,-78.5,-83.0
763,-87.5,-86.5,-84.0,-81.5,-81.5,-83.0,-81.5,-80.0,-83.0,-87.5
764,-84.0,-83.0,-80.0,-78.5,-79.0,-79.5,-79.0,-76.5,-79.5,-84.5
765,-86.5,-84.5,-82.5,-81.0,-80.0,-82.0,-80.5,-78.5,-80.5,-86.0
766,-84.0,-82.5,-80.0,-78.0,-78.5,-79.5,-78.0,-76.0,-78.0,-84.0
767,-86.0,-84.5,-81.0,-79.5,-79.5,-80.5,-79.5,-78.0,-79.5,-86.0
768,-82.5,-81.0,-80.0,-79.0,-77.0,-79.0,-77.0,-77.5,-78.0,-82.5
769,-86.0,-84.5,-81.5,-80.0,-80.0,-81.0,-79.5,-78.0,-81.0,-86.5
770,-85.5,-83.5,-81.0,-80.0,-80.5,-80.5,-79.5,-77.5,-79.5,-85.5
771,-89.5,-86.5,-84.5,-83.0,-82.5,-84.0,-82.5,-81.5,-83.0,-88.5
772,-87.5,-85.5,-83.5,-81.5,-81.5,-82.0,-81.5,-79.5,-81.5,-87.0
773,-89.5,-87.0,-86.0,-83.5,-83.0,-85.5,-84.0,-83.0,-84.0,-89.5
774,-85.5,-83.0,-81.0,-80.0,-79.5,-80.5,-79.5,-77.5,-79.0,-85.0
775,-88.0,-85.5,-83.5,-81.5,-81.0,-82.5,-82.0,-80.5,-81.5,-86.5
776,-85.0,-85.0,-81.5,-79.0,-80.5,-80.5,-79.5,-79.0,-80.0,-85.5
777,-91.0,-86.0,-86.5,-83.0,-83.0,-85.0,-83.0,-84.0,-81.0,-89.5
778,-83.0,-80.0,-78.0,-76.0,-77.0,-78.0,-77.0,-76.0,-77.0,-83.0
779,-86.5,-83.5,-82.0,-80.0,-80.0,-81.0,-80.0,-79.0,-80.5,-86.5
780,-85.0,-83.0,-80.5,-79.0,-78.5,-80.5,-78.5,-77.0,-78.5,-85.0
781,-85.0,-82.5,-80.0,-78.5,-78.0,-79.5,-78.0,-77.0,-79.5,-84.0
782,-85.0,-82.5,-80.0,-79.0,-78.0,-80.0,-78.0,-76.5,-79.0,-84.5
783,-86.0,-83.5,-82.0,-79.5,-79.0,-81.5,-79.5,-78.5,-80.5,-85.5
784,-88.5,-89.5,-86.5,-86.5,-87.0,-86.0,-86.5,-84.5,-85.0,-87.0
785,-84.5,-82.0,-79.5,-78.5,-78.0,-79.5,-78.5,-76.5,-78.5,-83.5
786,-83.5,-80.0,-76.5,-75.0,-75.0,-77.0,-75.5,-75.0,-75.0,-81.5
787,-85.5,-83.5,-80.0,-78.5,-78.5,-78.0,-78.0,-77.0,-78.5,-85.0
788,-82.0,-80.0,-77.5,-75.5,-76.5,-77.5,-76.0,-75.5,-76.5,-82.5
789,-85.0,-82.0,-81.0,-79.0,-79.0,-80.0,-79.0,-78.0,-79.0,-86.0
790,-84.0,-83.0,-79.5,-79.0,-78.5,-79.0,-78.0,-76.0,-79.0,-85.0
791,-85.5,-83.5,-81.0,-80.0,-79.0,-80.5,-79.0,-77.5,-80.5,-86.0
792,-85.5,-84.5,-83.0,-82.0,-80.5,-82.5,-81.5,-78.5,-80.5,-86.0
793,-87.5,-86.0,-84.0,-82.0,-81.5,-83.0,-82.0,-80.5,-83.5,-88.5
794,-83.5,-82.5,-79.5,-78.5,-78.0,-78.5,-78.0,-76.0,-79.0,-85.0
795,-85.5,-83.5,-81.0,-80.0,-79.0,-80.5,-79.0,-77.5,-79.5,-85.5
796,-84.0,-82.5,-80.5,-78.5,-78.5,-79.5,-78.0,-76.5,-79.0,-85.5
797,-88.5,-86.5,-84.5,-83.0,-82.0,-83.0,-82.0,-81.0,-83.0,-89.0
798,-82.5,-80.0,-78.5,-77.0,-77.0,-77.5,-76.0,-75.5,-77.5,-83.5
799,-87.0,-84.5,-82.5,-81.0,-80.5,-81.0,-79.5,-79.0,-81.0,-88.0
800,-87.0,-84.0,-82.0,-81.5,-81.0,-83.5,-79.0,-80.5,-82.0,-89.0
801,-87.5,-84.5,-82.0,-82.0,-80.0,-82.5,-79.0,-80.0,-83.0,-87.0
802,-87.5,-85.0,-82.5,-82.0,-80.5,-82.5,-80.0,-80.5,-82.5,-87.0
803,-89.0,-86.5,-84.5,-83.0,-82.0,-84.5,-81.5,-83.0,-85.0,-89.5
804,-85.0,-82.5,-79.0,-79.5,-78.5,-80.0,-78.0,-77.5,-80.5,-84.5
805,-87.0,-84.5,-80.5,-80.5,-79.0,-80.5,-79.0,-80.0,-81.5,-85.5
806,-84.5,-82.5,-79.5,-78.5,-77.5,-79.5,-77.0,-77.5,-79.5,-84.5
807,-86.0,-83.0,-81.0,-79.5,-78.5,-80.5,-78.0,-78.5,-80.0,-85.5
808,-88.5,-85.5,-80.0,-82.0,-81.0,-82.0,-79.5,-83.0,-84.5,-89.0
809,-85.0,-82.0,-79.5,-79.5,-78.0,-79.0,-77.0,-78.0,-79.5,-85.0
810,-85.5,-83.0,-80.0,-81.0,-78.5,-81.5,-79.0,-78.5,-80.5,-84.5
811,-85.0,-82.0,-78.0,-79.5,-78.5,-80.0,-77.5,-78.0,-79.5,-84.0
812,-84.5,-83.0,-79.0,-79.5,-77.5,-79.5,-77.5,-78.0,-80.0,-83.5
813,-88.5,-85.0,-83.0,-82.0,-80.5,-83.0,-80.5,-81.5,-84.0,-87.0
814,-85.5,-83.5,-79.5,-80.0,-79.0,-80.0,-78.0,-78.5,-81.5,-85.0
815,-78.5,-77.0,-73.5,-74.5,-72.5,-74.0,-72.0,-72.5,-74.0,-78.0
816,-83.0,-81.0,-78.5,-78.0,-76.0,-78.0,-75.5,-76.5,-78.5,-82.5
817,-85.0,-82.0,-80.0,-79.5,-78.0,-80.0,-77.5,-77.5,-80.0,-83.5
818,-83.0,-79.0,-76.0,-75.5,-75.0,-76.0,-73.5,-75.0,-76.5,-80.5
819,-82.0,-79.5,-78.0,-78.0,-76.0,-77.0,-74.5,-76.0,-78.0,-81.5
820,-87.0,-85.0,-81.5,-81.5,-80.0,-80.5,-78.5,-78.5,-82.0,-86.0
821,-87.5,-84.0,-81.0,-81.5,-79.5,-80.0,-78.5,-78.5,-82.0,-85.5
822,-85.0,-82.0,-80.0,-80.0,-78.0,-79.0,-77.0,-76.5,-78.5,-83.5
823,-87.0,-83.5,-81.5,-80.5,-79.0,-81.0,-78.5,-79.0,-82.5,-85.5
824,-87.0,-84.5,-81.5,-81.5,-80.0,-81.0,-79.5,-79.5,-82.5,-86.0
825,-86.0,-83.0,-81.0,-80.5,-78.5,-80.5,-78.0,-78.0,-80.5,-84.5
826,-84.5,-83.0,-79.0,-80.0,-78.5,-79.0,-77.5,-78.0,-80.0,-83.0
827,-86.0,-83.0,-81.0,-80.0,-78.5,-80.0,-78.0,-78.0,-80.5,-85.0
828,-82.5,-78.5,-76.5,-76.5,-75.0,-76.5,-74.0,-74.5,-74.0,-79.5
829,-85.5,-82.0,-80.0,-80.0,-78.0,-79.5,-77.0,-77.5,-80.5,-84.5
830,-89.0,-87.0,-84.5,-83.5,-82.0,-84.0,-81.5,-82.0,-84.5,-88.5
831,-87.0,-84.0,-82.0,-81.0,-79.5,-81.5,-79.0,-80.0,-82.5,-86.5
832,-87.5,-84.5,-83.0,-81.5,-80.0,-83.0,-80.0,-81.0,-83.5,-87.0
833,-84.5,-81.5,-80.0,-78.5,-78.5,-80.0,-77.0,-78.5,-80.0,-85.0
834,-85.0,-82.0,-80.0,-79.5,-78.5,-80.5,-78.0,-78.0,-81.0,-85.5
835,-85.5,-82.5,-80.5,-79.5,-78.5,-80.5,-78.0,-78.0,-80.5,-85.0
836,-84.0,-81.5,-80.0,-78.5,-78.0,-79.5,-77.5,-77.5,-80.0,-85.0
837,-86.0,-83.0,-82.5,-81.0,-79.5,-82.0,-79.5,-79.0,-81.5,-86.0
838,-84.5,-80.5,-79.0,-78.5,-77.5,-79.5,-76.5,-77.0,-79.0,-84.0
839,-84.5,-82.0,-80.0,-79.5,-78.5,-79.5,-77.5,-78.0,-81.0,-85.0
840,-89.0,-88.0,-84.0,-84.5,-83.5,-85.0,-82.5,-81.5,-84.5,-89.0
841,-86.0,-85.5,-82.0,-83.0,-82.5,-82.0,-81.5,-80.5,-81.5,-85.0
842,-85.5,-83.5,-80.0,-80.0,-79.0,-79.5,-78.5,-77.5,-81.5,-85.0
843,-87.0,-85.5,-82.0,-81.5,-80.5,-82.0,-80.5,-80.0,-83.5,-87.0
844,-81.5,-80.0,-75.5,-76.0,-76.5,-76.0,-75.5,-74.0,-77.5,-82.0
845,-84.0,-81.5,-78.0,-78.5,-77.0,-78.5,-77.0,-76.0,-79.5,-83.0
846,-85.0,-82.5,-80.0,-79.5,-78.5,-80.0,-78.0,-77.0,-80.5,-85.0
847,-84.0,-82.0,-79.5,-79.0,-77.5,-79.0,-77.5,-76.5,-80.0,-84.0
848,-82.5,-80.0,-76.5,-76.5,-75.5,-77.5,-75.0,-75.5,-78.0,-82.0
849,-85.0,-82.5,-79.5,-79.5,-78.5,-79.0,-77.5,-77.5,-80.5,-85.0
850,-86.5,-85.0,-81.5,-82.0,-80.0,-81.5,-79.5,-79.5,-82.5,-87.0
851,-86.0,-83.5,-80.5,-80.5,-78.5,-81.0,-78.5,-78.5,-81.5,-85.0
852,-82.0,-79.5,-77.5,-76.5,-74.5,-76.5,-73.5,-75.0,-77.5,-81.0
853,-86.0,-83.5,-81.0,-80.5,-79.0,-81.0,-78.5,-79.5,-81.5,-85.0
854,-84.5,-82.5,-79.0,-79.0,-78.0,-79.5,-78.0,-77.5,-80.5,-84.5
855,-84.5,-81.5,-79.0,-78.5,-77.0,-79.0,-76.0,-76.5,-78.5,-83.0
856,-84.5,-82.0,-79.5,-78.5,-77.5,-79.5,-77.0,-78.0,-80.0,-84.0
857,-83.5,-81.5,-78.5,-78.0,-76.5,-78.5,-76.5,-76.0,-79.0,-83.0
858,-82.5,-79.5,-76.5,-76.5,-75.5,-76.5,-74.5,-75.0,-77.0,-81.0
859,-83.5,-81.0,-78.0,-78.0,-76.5,-78.0,-76.0,-76.0,-79.0,-83.0
860,-86.5,-85.0,-81.5,-81.5,-80.5,-82.0,-79.5,-79.0,-82.5,-87.0
861,-87.5,-85.5,-82.5,-82.0,-80.5,-82.5,-80.5,-80.0,-83.0,-87.0
862,-85.5,-84.0,-81.0,-80.5,-79.0,-80.5,-78.5,-78.5,-81.0,-85.5
863,-88.0,-86.0,-83.5,-82.5,-81.0,-83.0,-81.0,-81.5,-83.5,-88.0
864,-87.5,-85.5,-83.0,-83.0,-81.5,-83.5,-81.5,-81.0,-83.0,-86.5
865,-86.0,-83.5,-81.0,-80.0,-79.0,-81.0,-78.5,-78.5,-81.5,-86.0
866,-83.0,-80.5,-77.5,-77.5,-76.5,-78.0,-75.0,-75.0,-77.0,-83.0
867,-80.5,-79.0,-76.5,-75.5,-74.0,-76.0,-74.5,-74.0,-75.5,-81.0
868,-83.5,-81.0,-78.0,-77.5,-77.0,-78.5,-76.0,-76.0,-78.0,-83.0
869,-84.5,-82.0,-79.0,-79.0,-78.0,-79.0,-76.5,-77.0,-80.0,-85.0
870,-87.0,-86.5,-83.5,-83.0,-81.5,-84.0,-81.5,-80.0,-83.0,-88.0
871,-85.0,-83.0,-80.0,-79.5,-78.5,-80.5,-78.0,-77.5,-80.5,-85.0
872,-84.0,-82.5,-80.0,-79.0,-78.0,-79.5,-77.5,-77.5,-80.0,-84.5
873,-87.0,-85.0,-83.0,-81.5,-80.5,-83.0,-80.5,-80.0,-83.0,-87.5
874,-83.0,-81.0,-78.0,-77.5,-77.0,-78.0,-76.5,-75.5,-78.0,-84.0
875,-84.5,-83.0,-79.5,-79.5,-78.5,-79.5,-78.5,-78.0,-80.0,-84.0
876,-83.0,-81.0,-79.0,-77.5,-77.0,-79.0,-77.0,-76.0,-78.0,-83.5
877,-82.0,-79.5,-78.0,-76.5,-76.0,-77.0,-75.0,-75.0,-76.0,-82.0
878,-82.5,-81.0,-78.0,-77.0,-77.0,-78.5,-76.0,-76.0,-78.0,-83.0
879,-84.0,-81.5,-79.5,-78.5,-77.5,-79.5,-77.0,-76.5,-79.0,-84.5
880,-89.5,-87.0,-84.0,-84.5,-84.0,-84.5,-82.0,-82.5,-85.5,-90.0
881,-86.0,-82.5,-79.5,-80.0,-79.5,-79.5,-77.0,-78.5,-81.5,-85.0
882,-85.0,-81.5,-80.0,-80.0,-79.0,-80.0,-77.0,-77.5,-79.5,-84.5
883,-86.5,-83.5,-81.0,-80.5,-80.5,-81.0,-79.0,-80.0,-82.5,-86.0
884,-85.5,-83.0,-80.0,-80.0,-80.5,-80.0,-78.5,-79.0,-82.0,-86.0
885,-85.0,-81.5,-79.5,-79.5,-78.5,-79.5,-76.5,-77.5,-79.5,-84.0
886,-84.0,-81.0,-78.5,-78.0,-78.0,-78.5,-76.0,-77.0,-79.0,-84.5
887,-84.0,-81.0,-79.5,-78.5,-78.0,-79.0,-76.5,-77.5,-79.5,-84.0
888,-87.5,-82.5,-80.5,-79.5,-80.5,-81.5,-77.5,-81.0,-80.0,-87.5
889,-85.0,-81.5,-79.5,-79.5,-79.5,-79.0,-76.5,-78.0,-80.5,-85.0
890,-86.5,-85.0,-82.0,-82.0,-81.5,-81.5,-79.0,-80.0,-82.5,-88.0
891,-84.5,-82.0,-80.0,-80.5,-79.5,-79.5,-77.5,-78.5,-80.5,-85.0
892,-86.5,-84.0,-82.0,-82.0,-81.0,-81.0,-79.5,-80.0,-82.5,-87.5
893,-85.5,-83.0,-81.5,-81.0,-79.5,-80.5,-78.5,-79.5,-82.0,-86.5
894,-85.5,-83.0,-81.0,-81.0,-80.0,-80.5,-78.5,-78.5,-81.5,-86.5
895,-85.5,-83.0,-80.5,-80.5,-79.0,-80.0,-78.0,-78.5,-81.0,-86.0
896,-87.0,-85.0,-83.5,-82.5,-82.5,-82.5,-80.5,-82.0,-84.0,-88.0
897,-85.0,-82.0,-81.0,-80.5,-79.0,-80.0,-78.0,-78.5,-80.5,-85.5
898,-87.5,-84.0,-82.0,-82.0,-81.5,-81.5,-79.0,-81.0,-82.5,-88.0
899,-86.0,-83.0,-81.5,-81.0,-81.0,-80.0,-78.0,-79.5,-81.5,-87.5
900,-86.5,-85.0,-84.0,-84.0,-82.0,-83.5,-80.0,-80.0,-82.5,-89.5
901,-83.0,-81.0,-79.5,-78.0,-76.5,-77.5,-76.0,-76.0,-79.0,-83.5
902,-81.0,-80.0,-78.5,-77.5,-75.5,-75.0,-75.0,-74.5,-77.5,-82.0
903,-83.0,-81.0,-81.0,-79.0,-77.0,-78.5,-76.5,-77.0,-79.5,-84.5
904,-80.5,-79.0,-77.0,-76.0,-74.5,-74.5,-74.5,-73.5,-77.0,-81.5
905,-82.0,-80.0,-79.0,-78.0,-75.0,-76.5,-75.0,-75.0,-77.5,-82.5
906,-81.0,-78.5,-78.0,-76.5,-74.5,-75.5,-74.0,-74.0,-76.0,-82.5
907,-81.5,-79.0,-78.5,-77.0,-75.5,-75.5,-75.0,-74.5,-76.5,-82.5
908,-83.5,-80.5,-79.5,-78.5,-77.5,-77.5,-77.0,-77.0,-78.5,-85.0
909,-81.0,-78.5,-77.5,-77.0,-75.5,-75.5,-74.0,-75.0,-76.0,-82.0
910,-84.5,-83.0,-81.0,-80.5,-78.5,-79.0,-77.5,-77.5,-80.5,-86.0
911,-81.5,-80.5,-80.0,-79.0,-79.0,-79.0,-79.0,-76.5,-78.5,-81.5
912,-84.5,-82.5,-81.0,-81.0,-78.5,-79.5,-78.0,-77.5,-80.5,-84.0
913,-85.5,-83.0,-83.5,-81.0,-79.5,-80.5,-79.0,-79.5,-82.0,-87.0
914,-84.0,-82.5,-80.5,-81.0,-78.5,-79.0,-78.5,-76.5,-80.0,-84.5
915,-83.0,-80.5,-80.0,-79.5,-76.5,-77.5,-76.0,-75.5,-78.0,-83.5
916,-81.0,-79.0,-78.0,-76.5,-75.5,-76.5,-74.0,-74.5,-76.5,-82.0
917,-84.5,-82.0,-82.5,-80.0,-78.5,-79.0,-78.5,-77.5,-79.5,-86.0
918,-86.0,-82.5,-81.5,-81.0,-78.5,-79.5,-78.5,-78.0,-79.5,-85.5
919,-82.5,-80.5,-79.5,-79.0,-77.0,-76.5,-76.0,-75.5,-78.5,-83.5
920,-87.0,-86.0,-83.5,-83.0,-80.5,-80.0,-79.0,-78.5,-83.0,-87.5
921,-87.0,-85.0,-84.0,-83.0,-80.0,-80.0,-79.5,-79.0,-83.0,-87.0
922,-83.5,-81.5,-80.5,-80.0,-77.5,-77.0,-76.5,-75.5,-79.0,-83.5
923,-85.5,-83.0,-82.5,-81.0,-79.0,-79.5,-78.5,-78.0,-81.5,-86.0
924,-85.0,-83.0,-82.0,-81.5,-79.0,-79.5,-78.5,-77.0,-81.0,-85.5
925,-87.5,-84.0,-84.5,-83.0,-81.0,-81.0,-80.0,-81.5,-82.5,-86.5
926,-86.0,-83.0,-83.0,-81.5,-79.5,-80.0,-79.0,-78.5,-81.5,-86.5
927,-86.0,-82.5,-83.5,-81.5,-79.0,-80.0,-79.0,-78.5,-80.5,-86.0
928,-86.5,-83.0,-82.5,-81.0,-79.5,-80.0,-79.0,-79.5,-81.5,-86.5
929,-85.0,-82.5,-82.0,-81.0,-79.0,-79.0,-77.5,-78.0,-81.0,-86.0
930,-86.5,-84.5,-85.5,-82.5,-80.0,-81.5,-80.0,-79.5,-83.0,-88.0
931,-86.0,-83.5,-84.0,-81.5,-79.5,-81.0,-79.5,-79.5,-83.0,-87.5
932,-84.5,-82.0,-82.5,-80.0,-78.0,-79.0,-78.0,-77.5,-81.0,-85.5
933,-84.0,-81.5,-82.5,-80.0,-78.5,-79.5,-78.5,-78.0,-80.5,-85.5
934,-82.5,-80.5,-80.0,-78.5,-77.0,-78.0,-76.5,-75.5,-79.5,-84.5
935,-83.5,-80.5,-81.0,-79.0,-76.5,-77.5,-77.0,-76.5,-79.5,-84.5
936,-85.0,-82.5,-83.0,-81.0,-79.0,-80.5,-79.5,-78.5,-80.5,-86.0
937,-83.5,-81.0,-81.5,-79.5,-77.5,-78.5,-77.5,-76.5,-79.5,-84.5
938,-83.5,-80.5,-80.5,-79.0,-77.5,-78.0,-77.0,-76.0,-79.5,-84.5
939,-84.0,-81.5,-82.0,-80.0,-78.5,-79.0,-78.5,-78.0,-81.0,-85.5
940,-84.5,-83.5,-80.5,-80.5,-79.0,-79.0,-78.0,-76.0,-80.5,-86.0
941,-85.0,-83.0,-81.0,-80.5,-78.5,-78.0,-78.0,-77.0,-81.0,-85.0
942,-83.5,-82.0,-81.0,-80.0,-78.0,-78.0,-77.5,-75.5,-79.0,-84.5
943,-84.0,-82.5,-81.5,-80.5,-78.5,-79.0,-78.5,-77.5,-81.0,-86.0
944,-80.5,-79.0,-76.5,-76.5,-75.0,-75.5,-75.0,-73.0,-76.5,-81.5
945,-84.5,-82.5,-81.5,-81.0,-78.0,-79.0,-79.0,-76.5,-79.5,-84.5
946,-82.5,-81.0,-79.5,-78.5,-76.5,-76.5,-76.5,-75.0,-78.0,-84.0
947,-82.5,-80.5,-80.0,-79.0,-77.0,-77.0,-77.0,-75.0,-78.0,-83.5
948,-83.5,-80.5,-79.5,-79.0,-77.0,-78.0,-77.0,-75.5,-78.5,-84.0
949,-82.5,-80.5,-79.5,-79.0,-76.5,-76.5,-76.0,-75.5,-78.5,-83.5
950,-87.0,-86.0,-84.0,-83.5,-80.5,-81.5,-80.0,-79.5,-83.0,-88.5
951,-85.5,-82.5,-82.0,-80.5,-77.5,-79.5,-78.0,-77.5,-80.5,-85.0
952,-83.0,-80.5,-80.0,-78.5,-76.0,-77.0,-75.5,-75.5,-78.5,-83.0
953,-84.5,-82.0,-81.5,-80.0,-77.5,-79.0,-78.0,-78.0,-80.5,-85.0
954,-81.0,-78.5,-77.5,-77.0,-74.0,-75.0,-74.5,-73.5,-76.5,-82.0
955,-83.5,-81.0,-80.0,-79.0,-76.5,-77.5,-76.0,-76.5,-78.5,-84.0
956,-82.5,-80.0,-79.0,-78.0,-75.5,-76.5,-76.0,-75.5,-77.5,-83.5
957,-82.5,-79.5,-79.5,-78.0,-75.5,-76.5,-75.5,-75.0,-77.0,-82.5
958,-82.5,-79.5,-78.5,-77.0,-75.0,-76.0,-75.5,-75.0,-77.5,-83.5
959,-82.5,-80.0,-79.0,-78.0,-76.0,-76.0,-75.5,-75.0,-78.0,-83.5
960,-88.5,-86.0,-84.5,-84.5,-81.0,-83.5,-81.0,-80.5,-83.5,-88.0
961,-89.0,-88.5,-85.5,-86.0,-83.5,-84.0,-83.5,-83.5,-85.0,-87.0
962,-83.5,-82.0,-81.0,-80.0,-77.5,-78.0,-77.0,-76.5,-79.5,-84.5
963,-84.0,-81.5,-82.5,-80.0,-78.0,-79.5,-78.0,-78.0,-80.0,-85.5
964,-84.0,-82.0,-80.0,-79.5,-78.0,-78.0,-77.5,-76.5,-80.0,-84.5
965,-83.5,-81.0,-80.0,-79.0,-77.0,-77.5,-76.5,-76.0,-79.0,-84.0
966,-82.0,-79.5,-79.0,-78.0,-76.0,-77.0,-75.0,-75.0,-77.0,-83.0
967,-82.5,-80.5,-80.0,-78.5,-76.5,-76.5,-76.0,-75.5,-78.0,-83.5
968,-83.5,-80.5,-80.0,-78.5,-77.0,-77.5,-76.5,-76.5,-79.0,-84.5
969,-82.5,-79.5,-78.5,-78.0,-76.5,-76.5,-75.5,-75.0,-77.5,-83.0
970,-88.0,-86.0,-85.0,-83.5,-81.5,-83.0,-81.5,-79.0,-83.5,-89.5
971,-86.0,-83.5,-82.5,-81.0,-79.0,-80.0,-79.0,-77.5,-81.5,-86.5
972,-83.0,-80.5,-80.5,-79.5,-77.0,-78.5,-77.5,-75.0,-78.0,-83.5
973,-86.0,-83.5,-83.0,-81.5,-79.0,-81.0,-79.5,-78.0,-82.0,-86.5
974,-84.0,-82.0,-80.5,-79.5,-77.5,-78.5,-78.5,-76.0,-79.5,-85.5
975,-84.5,-82.0,-82.0,-80.5,-77.5,-79.5,-78.5,-77.0,-79.0,-85.0
976,-82.5,-81.0,-79.5,-78.5,-76.5,-77.0,-76.5,-75.0,-77.5,-83.5
977,-83.0,-80.0,-80.5,-78.5,-77.0,-77.5,-76.5,-75.5,-77.0,-84.0
978,-80.5,-77.0,-77.0,-76.5,-74.0,-75.0,-73.5,-72.5,-75.0,-81.0
979,-83.0,-80.5,-80.5,-79.0,-77.5,-77.5,-77.0,-75.5,-78.5,-84.5
980,-85.0,-83.0,-81.5,-81.0,-79.5,-79.5,-78.0,-77.0,-80.5,-86.5
981,-87.0,-84.0,-82.5,-82.5,-80.0,-81.0,-79.5,-79.0,-82.0,-86.5
982,-84.0,-81.0,-80.0,-79.5,-77.5,-77.5,-76.5,-76.0,-79.0,-84.5
983,-83.0,-80.5,-80.0,-79.0,-77.0,-78.0,-76.5,-76.5,-79.5,-84.5
984,-85.0,-83.0,-81.0,-81.5,-80.0,-80.5,-79.0,-78.0,-81.0,-86.0
985,-83.5,-81.0,-80.0,-79.5,-77.0,-78.0,-76.0,-76.0,-79.0,-83.5
986,-84.0,-81.0,-80.0,-79.5,-77.5,-78.0,-77.0,-76.0,-78.5,-85.0
987,-81.0,-78.5,-78.5,-77.5,-76.0,-76.5,-75.5,-74.0,-76.0,-82.5
988,-85.5,-83.5,-81.5,-81.0,-80.5,-79.5,-78.0,-78.5,-79.0,-84.0
989,-84.0,-81.5,-80.0,-80.0,-79.0,-78.0,-77.0,-77.0,-79.5,-84.5
990,-83.5,-82.0,-80.5,-81.0,-79.0,-79.5,-77.0,-76.5,-80.0,-85.5
991,-85.5,-83.0,-81.5,-81.0,-78.5,-79.0,-77.5,-77.5,-81.5,-86.0
992,-86.0,-84.0,-82.5,-82.0,-80.0,-80.0,-78.5,-78.0,-82.5,-86.0
993,-88.5,-85.0,-85.0,-84.0,-81.5,-83.0,-81.0,-81.0,-84.0,-88.5
994,-84.0,-82.0,-80.5,-80.5,-79.0,-78.5,-77.5,-76.5,-80.5,-86.0
995,-86.0,-83.0,-82.5,-82.0,-79.5,-80.0,-78.5,-78.5,-81.5,-86.5
996,-83.5,-81.5,-81.5,-80.0,-78.5,-79.0,-76.0,-77.5,-79.5,-84.5
997,-83.0,-80.0,-80.0,-80.0,-77.0,-77.0,-76.0,-74.5,-78.5,-83.0
998,-85.0,-81.5,-80.5,-81.5,-79.5,-79.0,-77.0,-76.5,-79.5,-85.5
999,-82.5,-78.0,-81.0,-79.0,-77.5,-78.5,-77.0,-78.0,-77.0,-85.0
