,dolphin,octopus,panda,sea turtle,quokka,koala,peacock,snow leopard,sea otter,honeybee
0,14.25,15.5,17.125,18.25,16.75,17.75,20.25,18.0,14.0,17.25
1,14.0625,11.5625,15.9375,18.875,17.75,16.5,22.0,19.0,15.5,17.0
2,17.25,13.5,17.0,22.125,18.25,20.0,24.5,18.5,17.25,19.625
3,17.0,12.625,19.25,20.5,18.625,18.0,21.25,18.75,16.0,20.75
4,15.5,13.6875,17.125,20.5,21.125,18.25,22.625,20.0,14.8125,16.75
5,15.625,12.9375,18.25,19.75,21.0,18.5,22.125,20.25,16.0,19.375
6,15.6875,13.5625,16.25,20.25,18.75,16.75,23.25,22.125,16.5,19.875
7,15.3125,12.1875,15.9375,20.0,19.0,15.375,24.0,21.75,16.75,16.125
8,14.25,17.5,16.75,17.875,17.25,16.75,20.75,21.875,16.75,16.5
9,15.0625,13.125,16.25,20.25,18.0,20.5,21.5,20.625,17.0,18.75
00,16.75,16.875,18.0,20.375,19.0,18.75,22.25,19.0,14.875,17.0
01,15.25,16.25,17.375,19.125,19.0,17.5,22.75,20.0,16.0,16.5
02,16.0,18.0,15.0625,18.75,15.875,18.0,21.75,18.25,14.375,15.4375
03,17.875,17.0,18.25,18.875,17.875,19.0,23.25,19.75,15.625,17.875
04,17.625,16.375,16.875,21.75,19.625,19.375,25.125,20.125,14.9375,16.5
05,17.75,14.875,17.5,20.25,20.125,18.5,23.875,19.375,15.1875,16.625
06,18.0,15.5,17.25,21.125,18.75,19.125,25.375,22.0,16.25,20.125
07,17.5,15.1875,17.0,19.75,19.25,17.5,24.125,21.375,16.75,16.0
08,15.5625,17.625,16.75,17.25,16.75,18.0,21.75,20.5,14.3125,15.6875
09,17.125,15.0625,18.25,20.25,19.0,20.625,23.75,21.25,16.625,17.375
10,15.3125,15.25,18.5,18.25,20.375,17.75,23.25,18.75,15.6875,16.625
11,18.5,10.8125,16.375,16.5,18.5,17.5,22.75,18.375,16.375,17.125
12,16.875,12.5,17.5,17.0,17.125,16.5,22.25,17.5,13.5625,19.25
13,13.3125,13.125,17.5,15.75,18.625,15.625,22.0,20.625,11.875,19.5
14,15.375,12.75,17.0,20.5,17.875,19.25,23.5,19.5,15.8125,19.0
15,15.625,12.1875,17.25,19.375,23.0,16.75,22.875,20.25,15.0,19.0
16,17.25,14.375,17.5,21.25,21.625,17.25,23.875,19.0,13.625,20.875
17,16.0,12.6875,18.0,21.375,21.625,18.125,23.75,18.25,15.75,19.5
18,14.625,15.875,16.5,21.125,19.5,18.25,24.25,18.5,15.5,20.0
19,14.4375,10.8125,16.75,19.0,20.875,18.5,24.25,19.125,15.25,19.0
20,13.4375,14.0,17.5,20.5,21.875,19.0,24.625,17.5,15.8125,19.125
21,16.375,10.875,16.5,24.0,18.5,18.25,24.75,16.875,17.5,19.5
22,14.8125,13.3125,15.75,22.0,19.25,20.125,23.5,17.75,16.5,18.125
23,14.875,12.375,16.0,18.75,19.25,18.375,22.25,18.5,15.5625,18.25
24,15.9375,14.75,16.5,19.375,17.375,19.25,23.875,17.75,14.875,20.25
25,13.5,11.6875,16.0,19.0,23.875,17.5,21.75,17.25,14.0,18.125
26,13.6875,11.875,16.375,20.25,20.75,17.625,23.375,19.25,14.5625,17.0
27,16.125,13.125,18.75,21.0,18.75,17.25,23.625,20.0,16.0,19.625
28,14.25,15.625,17.75,21.75,18.75,18.5,22.625,21.5,16.25,18.0
29,13.5625,10.3125,17.75,21.25,19.5,18.0,23.0,20.75,15.6875,17.125
30,14.8125,14.0625,17.875,20.0,19.5,17.875,22.375,17.5,14.6875,17.5
31,15.125,12.125,15.9375,21.25,20.0,16.75,21.0,18.5,17.125,16.0
32,16.25,13.125,16.75,22.25,18.75,17.75,21.375,19.625,15.5,15.5625
33,15.375,10.25,15.875,20.375,17.5,16.0,22.0,20.5,14.0,15.6875
34,16.25,11.625,15.3125,21.25,16.75,18.75,23.0,18.625,14.75,14.625
35,16.25,10.1875,16.75,20.0,18.0,17.0,23.75,18.5,12.6875,16.625
36,15.75,12.125,16.625,20.75,17.25,17.0,25.875,18.625,13.8125,18.75
37,16.75,10.5625,15.75,17.875,19.75,16.75,25.0,19.25,15.0,16.875
38,15.125,12.125,14.875,17.25,17.125,16.875,23.875,20.0,14.8125,15.25
39,14.5,8.8125,14.75,18.25,16.375,17.25,25.375,20.25,15.375,16.0
40,13.3125,14.3125,15.125,21.25,19.5,16.25,24.0,18.75,15.25,17.25
41,16.125,10.5625,15.625,22.375,17.25,16.5,24.375,18.625,18.375,17.125
42,16.75,13.5,16.5,24.125,18.75,17.75,26.125,18.25,16.375,18.125
43,15.25,12.6875,17.25,22.25,17.5,16.75,23.25,18.75,17.5,18.0
44,13.5,12.9375,15.375,23.25,18.875,18.25,24.375,20.0,18.375,16.5
45,15.25,13.0,16.25,20.75,17.25,15.8125,25.25,18.5,15.5625,17.5
46,15.0,11.75,14.9375,21.375,18.5,17.5,24.75,19.25,16.25,17.0
47,15.625,11.875,15.9375,20.375,18.75,17.0,24.5,20.125,17.375,16.5
48,16.125,14.0,16.5,21.5,19.25,17.5,24.5,19.75,17.25,17.75
49,14.5,10.0625,14.6875,20.0,16.0,16.5,23.75,19.25,17.5,17.125
50,13.1875,10.875,16.25,20.125,22.5,16.0,23.75,17.5,14.25,16.0
51,15.875,8.625,16.25,20.75,20.75,15.625,23.25,18.5,17.25,15.3125
52,14.875,10.375,17.5,21.25,17.0,15.75,24.0,19.25,14.9375,15.6875
53,13.5625,8.375,16.875,19.125,17.0,15.6875,23.0,19.875,14.25,15.625
54,13.8125,10.625,16.25,20.5,15.8125,17.375,23.75,19.5,15.6875,16.0
55,14.5,9.875,16.5,21.25,17.0,16.0,23.125,18.875,13.6875,17.0
56,15.25,11.1875,17.125,21.25,17.75,16.375,24.25,20.125,15.4375,18.125
57,15.5,10.125,18.625,19.25,18.25,16.5,24.5,20.625,16.0,18.25
58,14.625,12.125,17.25,21.625,19.25,17.0,24.0,21.25,15.875,17.25
59,14.0625,8.75,17.125,20.125,18.0,16.5,24.5,20.5,15.0,17.875
60,13.9375,12.4375,17.125,21.25,20.0,15.6875,25.75,18.875,13.0,18.375
61,15.875,9.0625,15.9375,22.0,20.5,17.125,26.0,20.125,17.0,16.5
62,15.9375,11.5,16.5,22.75,19.25,19.0,25.5,20.5,16.125,17.0
63,14.5,10.25,16.75,19.875,19.625,17.25,25.125,21.0,15.5,18.25
64,14.0625,14.375,18.25,22.125,19.75,18.75,24.5,21.5,13.375,17.0
65,14.0625,10.625,15.75,19.75,17.25,16.25,26.5,20.625,11.0,16.0
66,13.6875,10.5625,16.5,21.75,18.75,18.375,24.625,20.0,12.5,17.5
67,14.6875,10.0625,15.5625,20.625,19.5,17.25,24.875,21.375,13.75,16.125
68,13.3125,13.25,16.5,20.25,18.5,18.625,23.75,21.75,13.875,16.5
69,14.625,11.875,16.25,21.125,19.125,19.0,24.875,21.0,15.0,18.5
70,11.8125,12.125,17.875,21.5,19.75,17.875,25.0,20.5,13.75,17.25
71,14.6875,10.0625,16.75,22.5,20.25,17.25,23.875,20.125,16.25,16.5
72,14.125,12.75,18.375,22.25,18.75,18.125,25.625,19.125,13.6875,19.625
73,14.375,13.0625,17.5,22.75,19.5,19.0,23.75,19.75,15.5625,16.625
74,13.8125,12.875,15.9375,22.25,20.25,19.0,23.75,20.5,15.8125,15.625
75,13.9375,12.0,18.0,20.0,22.5,17.125,22.75,20.5,13.5625,16.625
76,14.625,13.125,17.125,22.0,20.75,17.5,24.75,20.75,15.6875,17.75
77,15.5625,12.8125,17.25,20.5,23.125,18.375,23.75,21.625,16.375,16.25
78,13.5625,14.5,15.75,21.25,20.0,17.375,23.0,21.375,16.25,16.5
79,13.5,11.0,17.5,21.25,21.75,17.125,23.5,21.75,16.75,15.4375
80,11.3125,17.25,17.0,21.75,22.0,17.5,22.625,19.0,14.75,14.4375
81,15.5,15.375,17.625,22.5,21.25,16.25,24.0,19.75,17.875,16.125
82,15.5,16.625,17.25,24.0,21.0,17.375,23.75,20.375,18.375,15.4375
83,14.1875,16.0,17.625,21.25,19.75,16.75,23.0,20.75,16.5,16.5
84,14.6875,16.75,17.75,22.625,20.375,20.5,24.375,21.5,17.75,16.625
85,14.5,16.25,18.0,21.0,21.625,17.625,23.75,21.125,16.0,17.875
86,13.875,17.25,17.25,20.25,19.75,18.75,22.75,20.5,16.5,18.25
87,14.6875,14.875,17.25,19.5,19.5,17.0,22.875,20.625,16.5,17.375
88,14.5,16.875,18.625,22.875,19.375,18.0,21.5,21.25,16.0,17.375
89,13.5625,12.75,16.75,21.0,19.875,17.75,21.75,21.75,17.125,17.75
90,14.5,15.25,17.375,22.25,21.125,19.5,22.875,19.0,15.3125,17.0
91,16.125,11.875,16.75,21.125,20.0,18.5,23.125,20.125,17.125,16.125
92,16.5,14.0,17.625,24.375,19.0,19.375,24.0,21.125,17.5,16.375
93,15.625,13.125,17.625,21.75,19.75,18.5,22.5,21.0,16.25,16.25
94,15.25,13.625,16.75,22.75,19.75,19.875,23.5,20.625,17.5,15.625
95,15.75,13.0,17.5,21.625,20.0,18.0,23.0,20.875,15.875,17.625
96,17.0,14.0,18.0,22.75,21.0,18.5,24.5,22.0,15.9375,18.5
97,15.5,12.8125,16.875,20.75,20.25,17.5,23.75,21.75,16.5,17.75
98,15.0,15.375,16.625,21.5,19.0,18.375,24.0,21.375,17.0,17.5
99,14.75,12.0,16.0,21.5,20.875,17.875,24.5,20.75,16.25,18.75
000,15.875,16.0,19.25,21.0,20.625,20.75,22.75,19.25,13.9375,19.25
001,17.25,16.375,18.25,21.0,19.5,19.0,23.0,20.0,16.5,18.25
002,17.625,17.125,17.25,20.375,19.5,19.375,23.75,20.0,15.875,18.5
003,18.875,16.25,18.5,20.875,19.375,19.25,23.25,20.0,16.5,18.625
004,17.125,17.0,17.25,21.0,21.375,19.0,24.5,19.75,15.6875,17.25
005,18.0,16.5,18.25,19.875,21.25,19.0,24.25,20.5,16.25,17.25
006,18.0,17.5,16.5,19.25,18.25,18.625,24.25,21.625,16.25,18.875
007,16.0,17.5,14.6875,19.5,16.0,15.3125,22.25,20.75,15.5625,17.5
008,15.6875,18.125,15.0,16.25,16.75,16.25,21.25,19.0,14.4375,15.75
009,17.75,15.0625,18.0,18.75,18.0,18.75,24.25,21.625,16.875,17.75
010,16.375,17.25,16.625,17.625,18.375,16.5,21.0,18.25,14.375,16.375
011,17.5,16.5,15.25,17.75,19.0,16.875,21.875,17.5,14.625,16.5
012,18.625,16.0,16.25,19.0,18.75,17.25,22.625,19.25,15.0625,17.75
013,17.0,16.0,17.5,17.75,19.375,16.75,22.5,21.125,14.8125,18.25
014,17.25,16.25,17.25,21.25,20.0,19.0,23.5,19.625,16.5,17.0
015,17.375,15.625,17.25,19.75,22.125,17.25,22.75,20.0,14.8125,17.0
016,17.5,16.625,17.5,20.0,19.375,17.625,23.625,19.625,13.8125,18.5
017,16.625,16.25,18.125,21.375,20.25,17.75,24.625,19.75,16.25,17.875
018,16.0,17.125,16.5,18.75,18.25,17.5,23.5,18.625,14.875,16.75
019,17.0,15.375,17.75,19.625,20.25,18.375,24.625,19.625,16.0,17.25
020,17.5,17.25,17.25,20.0,20.75,19.0,24.25,19.5,16.25,18.75
021,17.375,16.375,17.125,20.25,18.375,18.5,24.375,18.75,16.5,17.25
022,17.25,16.75,17.0,21.0,19.0,19.25,24.5,19.0,15.4375,18.0
023,17.0,16.625,17.375,20.375,18.875,18.5,24.0,19.375,15.5,17.0
024,17.625,16.25,17.5,20.5,20.25,19.5,24.75,19.5,16.25,17.75
025,17.25,15.0,17.125,20.25,20.75,18.25,23.75,19.625,15.4375,17.625
026,17.5,15.875,16.875,22.0,19.25,18.5,24.0,20.0,14.875,17.5
027,17.0,15.625,18.0,19.75,19.125,18.25,24.25,20.375,15.3125,18.0
028,15.75,17.125,17.125,19.75,18.25,18.0,23.125,20.5,15.375,16.125
029,16.625,15.125,18.125,20.5,20.0,18.25,24.0,20.375,16.0,17.0
030,17.625,16.0,18.5,18.75,18.75,18.375,22.5,19.5,15.1875,17.5
031,17.125,16.25,16.5,18.5,17.5,17.75,21.125,19.0,14.8125,15.3125
032,17.25,16.625,17.0,21.0,18.5,18.0,23.25,19.625,14.5625,15.75
033,17.25,15.6875,17.5,19.375,18.75,18.0,23.5,20.0,14.75,16.5
034,17.375,16.375,17.0,21.75,19.0,19.0,24.375,20.0,16.125,15.4375
035,17.625,15.9375,18.0,19.25,19.0,18.25,24.25,20.75,14.625,15.75
036,17.375,15.5,17.375,19.5,17.125,18.0,25.0,19.75,14.625,17.125
037,17.5,15.375,16.75,18.0,19.25,17.875,24.25,20.25,15.5625,16.75
038,17.0,16.5,16.0,18.375,18.5,18.375,24.25,19.75,15.875,16.0
039,17.125,13.5,16.625,19.0,17.25,18.25,25.25,19.875,15.875,16.75
040,17.5,16.875,17.5,20.75,20.0,18.125,24.75,18.75,15.1875,17.5
041,17.25,15.75,16.875,21.25,20.5,18.75,23.875,18.75,16.875,16.625
042,17.75,16.375,17.5,22.0,17.75,18.0,24.25,19.25,16.25,17.75
043,17.0,16.125,18.25,21.0,19.625,18.25,24.25,19.0,16.0,16.5
044,16.875,15.6875,16.25,22.5,19.25,19.0,24.0,20.125,16.75,16.75
045,17.625,15.1875,17.25,21.0,19.5,17.75,24.5,19.125,16.25,16.5
046,17.625,15.625,15.6875,21.125,19.5,18.25,24.875,20.0,16.375,17.0
047,16.625,15.25,16.0,20.0,19.75,17.25,24.375,19.5,16.0,16.75
048,17.5,16.625,16.0,20.25,19.875,18.125,23.5,19.25,15.8125,16.75
049,16.75,14.25,16.25,21.5,20.75,18.25,24.375,19.75,17.25,17.5
050,16.375,14.4375,16.5,18.5,21.0,16.75,24.25,18.875,14.25,16.875
051,16.625,13.125,16.25,19.75,19.0,15.9375,23.25,18.875,14.3125,16.25
052,17.625,13.625,17.0,21.125,17.375,17.0,24.25,18.875,14.5,17.25
053,16.5,13.75,17.25,19.5,18.5,16.75,23.5,19.5,14.3125,16.375
054,17.5,15.0,17.25,21.625,19.25,18.0,24.5,20.0,15.625,17.0
055,17.25,14.0625,16.625,21.0,19.5,17.0,23.375,19.25,14.8125,17.0
056,17.5,13.9375,17.0,20.75,18.5,17.0,24.0,20.125,15.0625,18.25
057,17.25,13.3125,17.75,20.25,19.625,16.75,24.375,20.75,15.0625,17.75
058,16.625,16.125,17.5,21.5,19.25,17.5,24.125,20.5,16.0,17.25
059,17.25,14.0,18.5,22.5,18.5,17.375,23.75,20.375,15.25,17.5
060,18.0,15.125,17.5,21.25,19.0,17.5,25.125,20.0,15.1875,18.875
061,18.0,13.6875,16.375,20.5,19.125,17.5,24.75,20.5,15.6875,18.25
062,17.75,15.625,17.0,21.625,19.5,18.5,25.125,20.75,16.0,18.0
063,17.625,14.875,17.25,21.0,19.5,18.0,25.25,20.75,15.3125,17.75
064,17.25,16.125,17.125,22.625,19.125,18.75,25.25,21.0,15.25,17.25
065,17.0,14.4375,16.75,20.5,19.75,17.5,25.0,20.0,13.6875,16.75
066,17.25,15.25,16.25,21.25,19.5,18.375,24.5,20.25,13.6875,17.5
067,16.5,14.1875,15.75,19.625,19.5,16.75,25.125,20.75,14.375,17.75
068,16.25,16.875,16.0,20.5,18.625,18.25,23.75,21.0,15.3125,16.875
069,16.75,13.6875,17.25,21.25,19.125,17.75,24.75,21.375,15.375,17.75
070,16.625,14.875,17.5,21.0,20.0,17.0,25.875,21.25,16.25,17.5
071,16.875,14.0,16.375,20.75,19.875,16.75,23.75,20.375,15.9375,16.5
072,17.375,14.75,16.875,22.75,19.125,18.125,25.375,20.25,15.5625,18.0
073,16.25,15.1875,17.25,20.75,19.125,17.5,23.5,20.125,15.6875,17.25
074,16.125,15.625,16.25,22.5,20.25,18.25,24.25,20.375,16.0,17.0
075,17.0,14.875,17.875,19.875,21.875,17.875,24.25,20.25,15.125,18.5
076,17.0,15.0625,16.5,21.5,19.375,17.375,24.375,20.25,15.0625,19.0
077,16.75,14.875,16.375,21.5,21.25,17.875,24.375,20.5,16.5,17.75
078,15.125,16.75,16.5,19.875,19.375,17.75,23.0,20.5,16.125,17.0
079,15.5,15.0,17.0,20.0,20.875,17.25,24.25,20.625,16.0,17.25
080,15.875,17.5,16.5,18.75,18.625,17.0,23.375,18.125,14.125,15.25
081,16.0,17.375,15.9375,19.5,18.25,16.5,22.5,18.25,15.1875,14.625
082,16.5,17.75,15.9375,21.25,19.0,17.5,23.0,19.125,15.875,15.625
083,15.875,17.5,16.5,19.25,18.0,17.5,22.5,19.25,14.8125,15.1875
084,15.875,18.0,16.0,19.75,19.0,19.125,23.75,19.0,15.6875,15.3125
085,16.875,17.375,17.0,19.0,20.0,18.0,23.0,19.125,15.1875,16.25
086,16.5,17.625,16.75,19.25,18.25,18.5,23.5,19.75,14.9375,17.5
087,16.0,16.5,16.0,17.0,19.0,17.25,23.25,19.5,15.125,16.5
088,16.125,17.25,16.375,19.75,18.75,18.5,22.5,20.125,15.4375,16.25
089,16.625,15.75,16.75,20.125,19.0,18.5,23.625,19.75,16.0,16.25
090,17.375,15.375,18.5,19.25,20.125,18.875,24.375,19.75,15.6875,17.5
091,17.625,15.0625,17.875,20.75,19.125,18.75,23.75,19.375,16.5,16.5
092,17.25,15.25,18.0,22.375,19.75,18.75,25.375,20.5,17.0,16.75
093,17.5,15.25,18.75,21.125,19.25,19.5,24.375,20.25,16.125,16.75
094,17.5,15.5,17.75,23.0,20.75,19.875,25.0,20.625,17.625,16.5
095,17.375,14.5,18.5,21.625,20.375,19.125,24.625,20.375,16.125,17.5
096,18.0,15.3125,18.5,22.25,19.75,18.875,25.5,21.375,15.1875,19.0
097,16.5,14.4375,17.0,21.75,19.75,18.0,25.875,20.5,15.6875,18.25
098,15.375,17.0,16.375,19.75,19.0,18.5,23.75,19.625,15.6875,16.5
099,16.625,13.9375,17.0,21.0,20.25,18.75,24.75,20.75,16.375,18.0
100,13.8125,13.5,16.75,21.625,20.75,18.25,24.25,18.25,15.25,20.25
101,17.5,13.625,16.25,23.5,20.5,19.625,24.5,18.25,18.625,16.5
102,16.75,14.625,16.75,23.0,18.0,19.0,24.5,19.0,16.5,17.375
103,15.125,13.0625,16.75,21.0,17.25,17.5,22.75,19.5,14.8125,16.875
104,16.0,13.625,16.5,22.5,18.0,17.75,23.625,20.0,16.25,15.25
105,15.25,11.4375,17.0,19.875,18.75,17.25,23.625,19.5,14.25,16.5
106,16.0,12.75,16.25,21.75,17.75,17.875,24.0,19.5,16.0,18.0
107,15.625,11.5625,16.5,20.25,18.25,17.0,23.375,20.0,16.0,17.25
108,15.5,14.0,17.5,21.25,18.25,17.0,27.625,20.875,15.1875,19.125
109,14.3125,10.25,15.6875,18.0,17.75,16.5,23.0,19.25,15.1875,17.125
110,14.75,12.625,15.875,19.75,17.875,16.375,22.375,18.0,15.25,18.0
111,17.25,10.375,16.25,21.375,19.0,17.75,22.75,18.0,17.125,19.0
112,17.625,11.4375,16.25,22.75,16.75,17.625,24.125,18.0,16.0,18.75
113,16.5,10.5625,17.125,19.75,18.75,16.75,21.5,19.75,16.25,18.25
114,16.5,11.1875,16.75,21.5,18.0,17.75,22.5,19.125,16.75,18.0
115,15.875,10.25,16.5,19.75,20.75,17.25,21.5,19.75,15.5,18.25
116,17.25,12.25,16.5,20.75,19.75,18.0,22.625,18.75,16.5,20.0
117,16.5,10.5625,17.25,19.25,20.75,17.25,22.5,19.5,16.5,19.75
118,15.75,13.125,16.0,18.625,18.25,17.0,21.875,18.875,16.25,19.125
119,16.0,9.8125,16.25,19.0,19.25,16.5,23.25,19.0,16.0,19.5
120,16.25,10.875,17.5,20.0,20.375,15.8125,24.0,18.75,15.75,20.25
121,16.75,10.125,16.5,21.0,19.25,17.0,22.25,18.5,16.875,20.0
122,16.375,11.6875,15.9375,22.0,18.75,18.0,22.75,19.25,17.125,18.75
123,16.25,11.5,16.25,20.5,19.25,16.125,22.25,17.75,15.8125,20.375
124,16.25,12.25,16.375,20.75,20.5,18.0,22.875,20.0,17.25,18.5
125,15.5,10.8125,17.5,17.5,22.625,16.75,21.75,20.125,14.9375,19.0
126,16.25,11.5,16.75,19.25,19.625,16.875,23.125,20.0,16.25,19.625
127,16.25,13.625,17.625,18.25,20.0,15.5625,21.25,21.5,15.875,19.0
128,15.9375,16.125,19.5,18.75,20.75,16.5,22.25,21.0,16.5,18.5
129,14.5625,10.75,16.75,18.5,19.75,15.8125,22.25,20.75,15.5625,17.75
130,14.375,13.625,18.375,18.625,19.875,16.5,21.875,20.75,15.3125,18.0
131,15.875,11.75,17.25,18.25,19.375,17.0,20.625,20.25,15.875,17.875
132,16.125,12.25,17.25,20.75,17.875,17.25,22.75,20.0,16.0,17.5
133,16.25,12.375,17.625,19.25,18.875,16.625,21.5,20.5,14.875,18.0
134,15.25,12.125,16.75,18.75,18.5,18.125,22.0,20.625,15.875,16.5
135,15.5625,10.8125,17.5,19.0,19.0,16.75,22.5,20.5,14.5,18.0
136,15.875,12.0625,16.5,20.75,18.25,16.75,23.5,20.0,15.4375,18.75
137,16.625,12.125,15.5,19.0,19.125,15.8125,23.75,20.5,17.0,19.625
138,14.625,12.625,15.25,18.75,18.0,16.25,22.5,19.875,15.8125,18.25
139,14.375,9.4375,15.1875,17.875,18.0,16.75,23.0,20.25,15.625,18.5
140,14.125,13.5,15.9375,21.0,18.75,17.5,24.0,19.5,16.125,20.75
141,15.75,9.9375,15.3125,20.25,18.375,16.75,22.0,18.0,16.75,18.5
142,16.25,11.875,16.25,23.25,17.5,17.5,23.25,18.5,17.875,18.5
143,16.75,12.5,16.875,22.25,16.75,17.625,22.25,18.0,17.0,18.375
144,16.375,14.375,16.25,22.375,19.5,17.125,25.5,19.0,15.0,21.0
145,14.75,11.1875,15.8125,20.625,18.75,15.8125,22.25,20.25,15.5,18.0
146,15.5,12.25,14.8125,21.0,18.75,17.0,23.375,19.625,16.25,18.75
147,15.5,11.0625,15.3125,21.125,18.25,15.875,23.25,19.75,15.875,18.875
148,15.125,13.5,15.1875,19.75,20.25,16.375,22.5,20.0,16.75,19.0
149,15.1875,11.1875,14.9375,20.5,19.25,15.75,23.25,19.25,15.9375,18.25
150,14.1875,13.125,17.375,19.0,21.75,15.75,23.0,17.5,15.0625,18.75
151,16.75,12.0625,17.0,22.25,22.375,15.9375,22.25,17.125,15.75,17.5
152,15.125,12.375,16.5,20.25,20.125,16.25,22.25,18.0,15.4375,17.0
153,16.5,11.125,16.75,21.5,18.25,15.6875,23.5,18.25,13.1875,18.0
154,15.125,12.0625,15.375,20.25,18.25,17.375,23.375,18.75,15.5625,17.5
155,14.75,10.75,15.9375,18.75,19.625,15.5,21.5,19.125,13.9375,17.625
156,15.5,11.375,16.25,19.75,19.25,15.9375,23.875,18.75,14.9375,18.25
157,15.9375,10.6875,16.875,19.125,21.0,15.625,23.25,19.125,15.25,17.5
158,15.1875,12.875,17.625,20.25,19.75,15.875,22.625,19.5,16.25,18.0
159,15.625,10.5,17.75,19.25,19.5,15.4375,24.0,19.5,15.3125,18.0
160,16.5,14.25,18.5,21.0,21.375,16.5,24.25,18.25,14.1875,18.5
161,16.875,11.4375,16.75,21.375,20.5,16.75,22.75,18.5,15.625,17.625
162,16.875,13.25,17.625,22.875,18.25,17.25,24.75,19.25,16.875,18.5
163,15.5,12.0,17.0,19.75,19.625,16.625,23.5,19.125,15.0625,18.0
164,16.0,13.8125,16.5,21.5,19.625,18.125,24.625,19.75,15.8125,17.25
165,15.5,11.875,17.25,19.625,21.0,16.75,24.25,20.0,13.375,18.0
166,15.625,13.25,16.5,21.0,20.0,17.875,24.0,19.125,13.8125,18.5
167,15.625,12.625,16.5,20.5,21.0,16.75,23.5,20.0,15.3125,18.375
168,16.0,15.0,18.5,21.75,20.25,17.0,24.75,20.75,15.8125,20.125
169,13.8125,11.375,16.0,18.25,19.375,16.75,23.25,19.75,13.1875,18.125
170,12.9375,12.875,17.0,20.25,20.25,16.5,23.75,18.25,15.125,17.875
171,15.0,10.6875,17.0,21.5,20.0,16.75,23.0,17.5,15.5625,18.25
172,14.875,12.75,17.875,22.25,19.5,17.75,24.125,18.75,17.0,18.75
173,14.0,11.625,17.5,20.25,19.875,17.0,21.625,18.625,15.8125,17.0
174,14.6875,12.8125,16.375,21.875,19.75,18.0,23.25,18.5,16.75,16.75
175,14.0,10.8125,17.5,20.125,21.0,16.5,22.5,18.5,14.125,16.875
176,15.5,13.125,17.75,22.25,20.25,16.875,23.5,18.5,15.875,18.25
177,15.5625,12.0,17.0,21.25,20.0,17.25,23.5,18.5,15.6875,18.25
178,14.25,14.0625,16.5,21.75,19.25,16.75,22.875,19.25,15.8125,18.125
179,14.0625,11.3125,17.5,21.0,20.0,17.25,23.625,19.375,16.5,18.25
180,15.5,15.6875,18.125,22.75,19.875,15.625,23.5,17.25,15.0625,19.75
181,16.625,12.6875,17.25,22.75,19.5,17.625,23.25,18.0,17.5,17.375
182,16.5,14.75,17.5,23.0,20.25,18.0,23.75,19.125,18.25,18.125
183,15.125,13.0,16.5,20.75,19.375,17.0,23.25,19.0,16.0,17.25
184,16.0,15.375,16.5,22.5,20.0,19.625,24.0,19.375,17.5,17.5
185,15.25,13.125,17.125,20.5,20.0,17.75,23.25,20.25,16.25,18.25
186,14.9375,13.9375,17.0,20.75,18.5,18.625,23.75,19.875,15.9375,19.5
187,15.875,14.0,16.625,20.25,19.5,17.875,24.125,19.5,17.0,19.0
188,14.625,14.875,16.375,20.75,19.125,17.25,23.5,20.125,16.25,18.25
189,14.1875,11.9375,16.75,19.125,18.75,17.25,23.875,20.375,15.6875,18.0
190,14.3125,13.25,17.25,19.75,19.25,18.0,24.375,19.25,16.0,17.75
191,15.8125,11.875,17.125,21.0,18.875,18.375,24.125,18.75,17.0,17.625
192,16.25,15.25,17.75,23.125,19.125,18.875,26.25,19.875,17.25,17.5
193,15.5625,12.25,18.125,21.25,18.875,18.0,24.5,19.75,16.875,17.25
194,15.9375,14.0625,17.25,23.25,18.25,18.875,25.375,19.125,18.125,16.75
195,16.25,12.25,18.0,21.625,19.0,16.75,23.75,19.0,15.875,16.25
196,15.9375,13.8125,17.0,22.75,18.875,18.0,25.75,19.0,16.25,18.0
197,16.375,12.875,17.375,22.25,20.875,17.625,24.625,19.25,17.625,17.875
198,15.875,14.75,16.875,22.5,20.5,17.25,24.0,19.5,17.125,17.75
199,15.625,11.875,16.5,21.0,18.5,17.0,24.5,20.0,16.125,17.75
200,15.9375,13.8125,17.5,23.875,20.0,18.75,25.0,18.25,17.0,19.375
201,16.625,12.25,15.9375,23.125,18.375,18.5,24.375,18.25,17.5,17.75
202,16.5,14.375,16.75,23.75,18.75,19.0,25.5,18.375,18.0,18.5
203,17.0,13.25,17.75,21.75,18.375,18.0,24.25,19.5,17.25,18.5
204,17.375,14.75,17.0,23.875,19.0,19.625,25.875,19.875,18.125,17.75
205,16.875,12.5,17.5,21.75,19.25,17.75,25.125,19.5,15.9375,17.75
206,17.375,14.3125,16.5,22.75,19.0,18.75,25.5,19.625,18.75,19.25
207,17.125,13.6875,17.5,22.25,18.375,18.25,25.0,20.375,18.0,18.0
208,16.25,16.375,17.0,21.125,18.25,18.25,24.5,20.25,17.0,17.25
209,15.375,10.875,15.9375,20.5,15.6875,17.5,25.0,19.625,16.25,16.875
210,15.9375,14.3125,17.125,20.5,17.75,17.75,25.0,18.625,17.125,18.25
211,17.0,11.9375,15.75,22.375,17.25,17.375,24.375,18.75,17.125,18.75
212,16.25,12.625,15.625,22.625,15.25,16.75,26.0,19.0,15.125,19.0
213,15.875,12.0625,16.75,20.75,16.25,17.0,23.75,19.25,16.5,18.25
214,15.875,12.375,16.5,22.875,16.5,18.5,24.5,19.0,16.75,17.625
215,15.8125,11.5625,17.0,21.5,19.0,17.25,23.75,19.0,15.625,18.25
216,17.0,15.875,17.5,22.375,17.25,17.375,24.875,18.25,15.0,22.875
217,15.375,11.75,16.75,21.25,19.0,17.375,24.125,19.25,16.5,19.25
218,14.875,13.375,15.9375,18.875,18.0,17.375,23.0,19.25,16.25,18.25
219,14.75,10.5,16.5,20.5,18.0,17.25,24.125,19.25,15.8125,18.5
220,13.3125,13.0625,15.4375,21.75,19.0,17.5,23.75,17.5,15.5,19.375
221,15.25,11.25,16.25,23.625,18.5,17.75,22.75,18.25,16.75,18.75
222,18.0,13.4375,16.5,24.625,19.5,19.375,24.375,18.0,16.5,20.625
223,13.75,11.625,15.4375,19.5,17.75,16.75,21.5,19.25,15.4375,18.25
224,16.25,14.375,17.375,23.625,19.75,18.25,23.375,19.25,17.0,19.125
225,15.625,11.875,17.5,22.0,19.75,17.5,22.875,18.75,14.875,19.5
226,16.0,13.375,16.75,22.375,18.5,18.25,23.5,19.25,16.75,19.25
227,17.25,14.0,17.25,22.25,18.75,18.375,25.125,18.875,17.5,20.25
228,16.125,15.9375,18.125,23.0,18.25,18.0,24.5,20.0,16.5,18.375
229,14.625,11.8125,17.0,21.375,18.625,17.375,24.0,20.0,16.375,18.25
230,15.0,15.0625,16.625,21.25,18.75,18.0,23.25,18.5,16.25,18.0
231,15.625,12.25,16.25,21.75,17.75,17.0,21.75,19.0,15.9375,17.5
232,16.125,14.0,16.625,22.25,18.25,18.0,23.25,19.25,16.5,18.375
233,15.75,13.4375,16.25,20.875,19.0,17.0,22.5,19.875,15.875,17.625
234,16.125,14.0,15.0625,21.75,18.5,17.75,23.75,18.25,15.5,18.0
235,15.125,12.25,15.6875,19.875,19.125,16.5,22.625,19.625,15.25,17.25
236,16.125,14.0,15.3125,21.5,18.75,17.5,24.0,20.0,16.5,19.0
237,16.625,13.5,16.125,20.75,19.5,17.25,24.5,19.5,16.875,19.375
238,15.125,13.6875,14.25,20.5,18.75,16.5,22.5,19.75,16.5,18.0
239,16.375,12.375,14.625,22.25,19.25,16.5,22.75,19.25,17.875,17.5
240,16.25,15.75,16.5,22.25,20.375,17.0,24.625,18.5,15.5,20.25
241,17.25,13.0,15.625,23.5,19.5,18.25,23.75,19.25,17.75,19.0
242,17.25,13.75,15.1875,23.25,18.5,18.5,24.25,18.125,16.5,19.75
243,16.5,13.4375,16.5,21.375,20.25,18.25,23.5,19.0,17.75,20.25
244,15.875,14.375,15.125,22.875,19.5,18.625,24.0,19.0,17.0,18.875
245,15.625,12.75,14.75,21.25,20.5,17.0,23.75,18.625,16.5,19.375
246,16.75,13.0,14.0,21.875,20.0,18.25,25.0,18.75,16.375,20.0
247,16.5,13.625,14.625,20.75,17.25,17.125,23.75,16.25,17.0,21.125
248,15.75,16.0,14.75,19.5,21.125,17.75,23.5,19.0,16.5,19.5
249,14.8125,11.5625,14.3125,19.75,20.5,16.5,23.75,18.5,16.25,19.25
250,15.3125,14.875,16.75,21.25,24.5,17.75,23.5,17.5,16.25,20.375
251,16.25,11.375,14.875,21.25,22.0,16.25,22.5,17.5,16.25,19.125
252,17.25,14.625,17.25,22.25,21.375,17.75,24.0,18.0,15.1875,21.0
253,16.75,13.5,17.0,20.0,20.5,17.25,23.875,18.875,17.25,19.0
254,15.0,14.375,15.0,21.125,21.0,17.25,23.75,17.75,14.75,19.75
255,15.3125,15.0625,17.25,20.75,21.625,15.3125,24.25,17.875,13.9375,21.5
256,16.0,15.25,18.75,21.875,23.5,17.5,24.875,18.25,15.5,21.25
257,15.375,12.1875,16.625,20.625,20.75,15.875,24.25,18.25,15.625,19.25
258,15.9375,14.125,17.375,22.0,18.875,16.875,24.625,18.875,16.125,19.375
259,14.625,10.4375,17.125,20.625,18.875,16.25,24.25,18.75,15.75,18.5
260,15.3125,14.8125,18.0,22.25,20.25,17.0,25.75,18.75,15.6875,19.5
261,16.5,12.1875,17.0,22.75,18.5,17.0,24.375,19.25,17.0,18.75
262,15.25,13.25,16.25,22.375,19.375,17.875,25.0,18.5,15.75,18.75
263,14.5,12.875,16.375,21.125,19.5,17.125,24.0,19.75,15.375,18.5
264,15.25,14.6875,16.5,22.5,18.625,18.25,24.625,18.75,15.6875,18.0
265,14.0,12.875,16.0,20.25,19.0,16.5,24.0,19.625,14.5625,18.625
266,14.5,14.0,15.9375,22.125,19.5,18.25,24.5,19.5,15.125,19.25
267,14.625,12.6875,15.875,20.75,19.5,17.25,24.625,19.25,15.4375,19.25
268,14.75,14.875,16.125,21.75,20.0,18.125,24.0,20.25,16.25,18.75
269,14.125,12.0,16.0,19.5,20.5,17.5,24.0,19.5,15.9375,18.625
270,15.25,14.625,17.5,22.125,18.75,17.0,24.25,19.0,13.75,20.25
271,15.1875,11.625,16.75,21.75,18.5,17.25,23.75,19.0,16.375,19.75
272,16.125,13.875,18.375,22.75,18.875,18.0,24.625,19.0,15.6875,20.375
273,14.75,12.375,18.625,21.875,18.625,18.25,22.5,20.0,16.625,19.75
274,14.625,12.875,16.25,22.25,18.75,18.375,23.25,18.5,17.0,18.0
275,15.0,11.6875,18.0,21.5,20.25,17.0,22.5,19.375,15.0625,18.875
276,15.875,13.75,17.875,22.25,20.625,17.5,24.0,19.5,15.6875,20.125
277,15.375,12.6875,16.875,21.0,19.5,17.125,23.25,19.5,16.125,19.25
278,15.375,14.0625,16.875,22.25,19.75,17.125,23.125,20.375,16.5,19.0
279,15.375,11.125,18.25,21.25,19.75,17.25,23.5,20.5,16.5,19.0
280,15.625,15.5,18.875,22.75,22.0,17.375,24.25,20.375,16.75,19.75
281,16.25,12.5625,17.625,22.75,19.75,17.375,23.125,19.75,16.75,19.5
282,17.0,14.0,18.0,23.25,20.0,18.0,23.75,20.0,16.75,18.5
283,15.875,13.0625,18.0,23.0,19.75,17.75,22.875,20.5,17.25,18.5
284,16.25,15.25,18.25,24.0,20.125,19.75,24.25,19.375,18.25,18.75
285,15.625,12.875,18.0,22.125,20.0,17.5,22.625,20.75,16.625,18.375
286,16.75,14.75,18.5,22.125,19.875,18.5,24.0,20.75,17.25,18.75
287,15.4375,12.75,16.875,21.0,18.25,17.0,23.25,20.0,15.9375,19.25
288,16.75,15.375,19.625,23.25,20.5,17.75,23.75,20.0,15.1875,21.0
289,14.875,12.0,17.5,21.75,18.5,17.0,23.0,20.375,16.25,18.25
290,15.375,13.25,17.75,21.375,20.5,17.625,23.125,20.0,16.875,18.0
291,16.125,12.375,17.625,21.375,18.75,18.0,23.75,20.25,16.625,18.0
292,16.5,13.6875,18.125,23.25,19.25,18.5,24.25,20.5,17.75,18.25
293,15.625,12.1875,17.75,22.0,20.5,18.0,22.75,20.25,17.0,17.5
294,16.25,13.3125,17.25,23.125,20.5,19.25,24.5,19.75,17.5,18.25
295,15.75,12.375,17.5,21.875,20.0,17.5,24.25,20.5,15.875,18.75
296,16.0,12.875,17.375,22.375,20.25,17.875,24.0,20.5,16.125,18.75
297,15.8125,11.75,17.25,21.5,20.25,17.375,23.875,19.75,16.25,19.25
298,15.8125,14.25,17.5,22.5,20.75,17.875,23.375,21.0,17.875,18.5
299,15.75,11.5625,17.5,22.0,20.5,17.5,23.0,20.25,17.0,19.25
300,15.5625,12.0,15.875,20.75,16.0,14.6875,22.25,19.25,13.75,17.5
301,17.5,13.25,17.0,23.75,20.75,19.0,23.5,19.5,17.375,18.75
302,17.625,14.625,16.75,22.625,20.0,19.125,23.5,19.5,16.625,18.25
303,17.375,13.75,17.25,21.75,20.0,19.0,23.5,19.75,17.0,18.25
304,16.875,14.375,17.0,24.5,19.75,19.375,24.0,19.5,16.75,17.375
305,18.0,13.6875,16.5,22.125,20.25,17.5,23.75,19.5,14.125,17.125
306,17.625,13.125,17.25,21.75,20.0,18.5,24.25,20.375,17.125,19.25
307,16.25,12.4375,17.0,20.0,19.625,18.25,23.5,20.75,17.0,18.0
308,14.875,14.6875,15.375,18.75,17.0,16.625,23.0,20.5,16.25,15.875
309,15.9375,11.625,16.5,20.375,18.875,18.0,24.375,19.75,15.5,18.625
310,17.625,15.25,16.875,22.125,20.0,17.375,22.75,18.875,17.25,18.25
311,17.0,13.125,15.875,22.75,18.375,17.875,22.25,17.75,15.1875,20.0
312,17.625,12.75,17.0,22.25,18.75,18.0,23.5,19.5,16.0,19.25
313,16.5,12.6875,16.5,20.375,18.125,17.0,22.0,20.125,15.125,19.5
314,15.5,13.875,16.25,22.875,19.0,17.5,22.5,17.25,17.5,18.125
315,16.75,11.25,17.5,21.25,20.0,17.75,23.0,20.375,14.9375,18.0
316,17.25,12.75,16.0,21.875,19.25,17.375,25.125,19.25,11.25,19.0
317,16.75,12.5625,17.125,20.5,21.25,18.0,23.875,19.625,16.5,18.75
318,16.25,13.3125,16.875,21.625,19.125,17.75,23.25,19.25,16.0,17.75
319,16.25,10.8125,16.75,21.75,19.5,17.75,24.25,19.75,15.9375,18.375
320,17.125,13.125,17.0,22.5,21.125,17.625,24.0,19.125,15.3125,17.75
321,18.375,11.875,17.0,25.75,19.0,18.25,22.5,18.875,16.25,17.375
322,17.25,13.4375,16.25,23.125,19.125,18.75,23.75,18.5,14.9375,18.0
323,16.375,12.25,16.375,21.5,20.25,17.75,23.0,19.25,15.1875,17.875
324,17.125,12.625,16.5,22.25,20.0,18.625,24.5,19.0,16.5,17.75
325,16.25,11.1875,17.25,21.0,21.25,17.125,23.0,20.0,14.875,16.75
326,16.0,12.4375,16.25,21.625,20.25,18.125,24.125,19.625,14.625,17.5
327,16.875,12.25,17.25,21.25,20.0,17.25,23.25,20.375,15.9375,17.5
328,15.625,13.625,16.625,22.25,20.5,17.125,23.25,21.0,15.0,16.75
329,15.5625,11.5,16.5,21.0,20.5,17.0,23.0,20.25,15.3125,16.875
330,15.75,12.5,16.5,19.875,19.625,17.0,22.125,19.0,14.0,16.75
331,16.375,11.25,16.625,20.25,19.75,17.5,21.25,19.5,15.5625,16.5
332,16.5,12.875,16.375,22.25,19.75,17.625,22.75,19.5,15.1875,16.5
333,18.0,11.125,16.625,23.25,17.875,17.75,22.5,18.875,15.5,18.875
334,16.75,13.75,16.25,21.5,20.0,18.5,22.75,20.0,16.75,16.25
335,16.25,11.0,16.25,20.25,19.5,16.5,22.5,19.75,13.8125,16.25
336,16.75,12.6875,17.0,20.0,18.875,17.25,24.25,19.0,13.25,18.125
337,17.25,13.0,16.0,20.75,19.25,17.0,24.5,20.0,15.3125,16.75
338,14.375,11.375,15.25,17.25,17.375,16.75,22.0,21.0,14.9375,14.9375
339,16.25,10.75,15.375,20.0,18.0,17.25,23.75,19.875,15.125,16.75
340,16.375,13.125,15.8125,21.0,19.5,17.75,24.125,19.25,15.6875,15.6875
341,17.0,11.1875,15.75,21.25,18.75,18.25,22.875,18.75,16.0,16.125
342,17.25,12.5625,16.5,22.5,18.5,18.25,24.5,18.5,16.25,17.75
343,18.0,13.375,17.0,22.375,18.5,16.5,22.0,19.125,12.25,19.125
344,16.875,13.5,16.125,22.375,19.0,18.5,23.75,19.75,16.875,17.125
345,16.75,11.875,16.25,21.0,19.5,17.375,23.5,18.625,14.8125,17.0
346,16.625,12.25,15.375,21.125,18.75,18.125,24.125,19.25,15.625,17.25
347,16.625,12.0,15.1875,21.0,18.75,16.875,24.25,19.375,15.6875,17.5
348,15.75,12.625,15.625,21.0,18.625,17.125,23.5,20.0,15.9375,16.0
349,16.375,11.0625,15.875,20.875,18.875,16.875,23.5,19.5,15.875,16.5
350,17.0,12.875,18.625,22.25,20.25,17.375,23.25,19.75,15.6875,18.5
351,17.375,9.625,16.5,20.75,17.5,15.8125,21.25,19.0,16.25,16.125
352,17.75,12.625,17.75,23.125,19.5,17.0,23.25,18.875,15.375,17.0
353,16.5,10.4375,17.125,21.125,18.5,15.875,22.5,19.125,14.25,16.0
354,18.0,13.3125,17.5,22.25,18.0,17.25,23.625,19.375,15.5625,16.75
355,17.5,12.625,17.25,21.25,19.125,15.875,23.25,18.75,14.0625,16.75
356,18.375,12.625,17.5,22.625,18.0,17.125,25.125,18.75,14.5,17.5
357,16.25,10.375,17.0,20.0,15.6875,15.6875,24.125,19.25,15.3125,16.25
358,17.75,14.75,19.75,22.5,18.875,17.25,24.0,20.375,17.0,16.75
359,17.0,10.375,17.5,21.75,18.5,16.0,23.75,18.75,14.75,17.0
360,15.5,17.25,16.875,21.75,19.0,15.875,22.875,17.875,10.9375,20.25
361,17.875,10.6875,17.0,22.875,18.5,16.625,23.375,18.5,15.375,17.75
362,17.75,11.9375,16.5,22.125,17.75,17.375,24.375,18.75,15.625,16.75
363,16.875,12.25,16.875,21.5,19.375,16.875,23.375,19.0,15.875,17.625
364,17.0,14.625,16.75,23.0,19.125,18.0,24.25,19.75,16.5,17.25
365,15.875,11.375,17.5,20.5,19.5,16.875,23.25,18.625,13.5625,20.125
366,16.875,14.5,19.0,20.5,20.0,17.75,24.25,20.5,16.25,19.125
367,16.5,11.25,16.5,19.5,19.625,17.25,24.5,20.25,15.375,17.375
368,15.75,13.625,16.25,20.75,19.25,17.75,23.75,20.375,15.0,16.5
369,16.5,11.4375,17.0,20.25,19.0,17.875,24.25,19.75,14.6875,17.75
370,15.1875,12.6875,17.25,18.25,19.375,17.5,24.75,19.875,14.5625,17.75
371,15.75,10.4375,16.25,18.625,18.875,16.75,22.5,19.125,14.75,16.875
372,16.375,12.0,16.75,21.0,18.5,17.25,23.5,19.0,15.125,17.125
373,15.25,11.75,16.75,20.0,19.5,17.0,22.875,19.75,14.6875,16.5
374,15.9375,12.75,16.375,21.125,19.25,17.75,23.625,19.625,16.5,16.0
375,16.125,11.375,18.25,17.875,21.0,16.75,22.25,19.5,14.0625,16.75
376,16.625,12.6875,17.0,20.25,20.0,16.875,24.625,19.25,14.75,16.875
377,17.0,13.5625,17.5,18.5,21.875,17.25,24.5,20.0,15.25,17.5
378,15.25,12.25,16.25,18.625,19.25,16.375,23.25,18.875,15.1875,15.375
379,15.625,10.5,16.375,18.875,19.75,16.75,23.75,19.75,15.25,15.9375
380,15.625,14.625,16.5,19.75,19.625,16.75,24.75,19.5,15.0625,16.125
381,17.375,12.625,17.0,19.625,20.0,17.0,23.25,19.75,16.125,16.75
382,17.125,13.5,16.0,20.75,19.25,17.0,23.75,19.5,16.25,16.625
383,16.375,13.375,17.125,20.5,19.25,17.375,23.125,20.5,16.25,16.5
384,18.25,15.5,18.125,23.0,20.5,18.625,24.0,20.25,17.0,18.0
385,16.0,12.3125,16.875,18.875,20.0,17.5,23.25,20.125,15.375,17.0
386,17.0,13.875,17.25,19.75,18.875,17.75,26.5,19.25,14.875,18.5
387,16.0,12.1875,16.5,18.75,18.75,17.625,24.375,20.25,15.5625,17.875
388,15.625,13.875,16.25,19.875,19.125,18.0,24.0,20.75,15.75,17.25
389,15.0,11.5,16.25,18.125,18.5,17.875,23.25,20.375,15.5,17.25
390,15.5,12.5,16.75,18.125,18.5,17.5,25.25,19.75,14.875,17.625
391,16.625,11.3125,16.5,20.0,18.0,17.75,24.25,20.0,15.75,17.25
392,16.625,12.625,16.75,21.5,17.25,17.875,24.75,20.125,16.5,17.75
393,15.8125,10.3125,16.75,20.25,18.5,17.25,24.0,20.0,15.4375,17.0
394,16.25,12.4375,16.375,21.125,18.625,18.375,25.25,20.25,16.625,17.0
395,15.5,11.875,17.625,20.0,17.5,18.0,25.5,21.25,15.8125,18.25
396,16.875,12.25,17.75,21.5,17.5,17.875,27.0,20.375,15.5625,18.375
397,16.5,11.875,17.375,20.5,19.375,17.75,25.75,20.5,16.5,17.5
398,16.25,14.125,17.625,20.25,20.0,18.5,25.25,22.125,17.25,17.5
399,16.125,10.875,17.0,20.75,18.875,17.875,23.75,20.25,16.25,17.875
400,15.125,13.875,17.5,23.25,21.25,17.75,24.75,19.5,17.25,18.25
401,17.125,14.0,16.75,22.25,16.875,19.25,24.25,19.0,18.0,17.75
402,17.75,14.375,17.5,21.5,18.125,18.625,25.25,19.5,17.5,18.625
403,16.25,14.75,17.875,20.125,19.75,17.5,24.375,20.5,16.875,17.875
404,15.625,15.75,16.0,21.75,20.125,18.25,26.0,19.5,16.75,16.25
405,17.5,14.4375,17.625,21.25,19.5,17.5,26.125,19.625,17.25,18.25
406,17.5,14.4375,16.5,20.5,19.25,17.5,26.0,20.5,17.125,18.125
407,17.375,14.25,16.875,21.25,18.25,17.25,26.5,19.75,16.875,18.25
408,16.125,16.875,16.5,19.0,19.25,17.75,25.875,19.25,16.5,17.5
409,17.125,14.25,16.5,21.375,18.25,17.25,25.0,19.75,17.75,17.75
410,15.0,14.625,16.25,20.5,16.75,16.75,25.125,18.25,15.9375,17.75
411,17.875,13.125,16.5,20.75,17.5,17.25,22.75,17.75,16.875,18.25
412,17.75,13.625,17.25,22.5,16.0,17.5,24.625,18.75,16.75,19.0
413,17.0,12.125,18.0,20.75,16.625,17.25,23.5,19.25,16.0,17.5
414,17.25,13.75,17.25,21.75,15.4375,17.5,24.625,18.625,16.25,17.625
415,16.625,13.375,18.375,19.375,20.125,17.125,25.0,19.375,17.25,17.5
416,16.875,14.625,17.75,21.5,18.25,16.25,25.25,19.75,16.0,19.0
417,16.5,13.25,18.5,21.75,18.75,17.5,25.75,20.0,17.25,19.0
418,15.6875,15.9375,17.625,20.75,19.75,18.375,25.75,19.75,17.75,18.5
419,15.25,11.25,15.625,20.75,19.75,16.25,25.25,19.75,16.25,17.375
420,16.0,13.625,19.375,21.25,19.0,18.75,25.5,18.5,18.375,20.0
421,16.875,12.0,18.875,23.75,15.875,17.75,24.0,19.0,18.5,17.75
422,16.625,13.4375,18.0,23.5,16.875,18.25,25.25,19.0,17.75,18.375
423,16.375,12.625,18.875,21.5,17.5,17.5,24.0,19.0,17.0,18.5
424,17.0,14.0,18.5,22.5,16.125,18.75,25.25,19.75,17.75,18.25
425,16.0,13.5,18.875,20.5,18.25,17.5,24.625,20.0,17.125,18.75
426,16.625,13.375,19.0,22.5,16.75,17.875,24.5,19.5,17.25,18.5
427,15.75,11.75,17.75,20.25,14.9375,17.0,23.5,19.5,16.75,18.375
428,16.0,15.5,19.125,21.375,18.25,17.75,24.75,21.125,16.75,18.375
429,14.625,11.9375,18.0,21.75,17.0,16.625,24.25,20.125,17.375,17.5
430,15.25,15.125,19.25,20.375,20.5,17.5,24.25,19.25,16.75,17.75
431,16.125,12.875,18.375,22.25,18.375,17.0,23.25,19.25,17.25,17.75
432,18.5,15.375,18.0,23.75,17.0,17.75,26.875,19.125,16.5,21.25
433,17.375,14.25,18.5,21.5,19.75,17.0,24.25,20.25,16.875,18.75
434,16.25,14.125,17.0,22.5,18.375,18.5,24.625,19.5,17.75,18.25
435,15.6875,13.5,18.0,21.0,17.875,16.5,25.5,19.0,16.75,19.0
436,16.25,13.4375,16.75,22.25,17.5,17.375,25.5,19.25,17.0,18.75
437,15.75,12.625,16.75,21.5,18.5,17.25,24.75,19.0,17.375,18.25
438,15.1875,13.5,16.25,21.25,18.25,17.375,25.0,19.25,17.25,17.625
439,14.75,11.3125,16.0,21.125,18.375,17.0,23.625,19.0,16.75,17.375
440,14.875,13.75,16.25,22.5,18.75,17.25,24.625,18.25,16.5,19.25
441,15.4375,11.9375,17.0,22.75,18.5,17.25,22.5,18.5,17.5,19.125
442,16.75,14.0,17.5,24.75,17.75,18.5,25.0,18.5,18.5,19.0
443,15.9375,13.0625,17.75,22.5,19.25,17.5,22.5,19.0,17.5,18.25
444,17.0,12.75,16.375,23.75,19.75,17.75,25.75,19.0,16.0,19.125
445,15.3125,12.3125,16.625,22.25,19.625,17.25,23.25,19.5,17.25,17.625
446,15.75,12.375,15.6875,22.25,18.875,18.0,24.125,19.25,17.5,18.125
447,15.875,12.125,16.5,22.0,18.875,17.125,24.0,19.625,17.75,18.0
448,16.25,14.125,17.25,22.875,19.75,17.25,24.0,20.25,18.5,18.125
449,15.1875,11.1875,15.875,21.75,19.5,16.75,23.5,19.75,17.625,17.5
450,15.375,12.4375,17.5,21.5,20.5,16.25,24.0,18.75,16.75,17.25
451,16.625,11.3125,16.5,20.5,17.125,15.875,25.625,19.25,15.5,18.125
452,16.5,11.625,17.375,22.5,17.25,16.75,23.25,18.5,17.25,17.5
453,16.25,11.3125,18.25,21.0,17.5,16.0,22.625,18.75,16.25,16.875
454,15.8125,12.1875,17.25,22.25,16.75,17.125,23.25,20.0,17.25,16.5
455,16.5,12.0,18.0,21.0,19.875,16.0,23.375,18.75,16.0,17.75
456,18.0,12.875,17.5,22.375,18.875,16.0,23.875,18.5,15.875,17.875
457,17.125,12.5,18.875,21.75,20.5,17.0,24.5,19.75,16.75,17.25
458,16.25,13.625,18.25,21.625,19.25,16.25,24.125,20.25,17.625,17.0
459,16.125,11.4375,17.75,21.375,18.75,16.25,23.875,19.125,16.625,17.875
460,16.5,13.3125,17.0,21.75,20.5,17.5,25.125,19.0,16.75,17.25
461,17.5,12.125,16.25,22.375,17.5,17.75,24.0,18.625,17.125,17.375
462,16.625,12.875,16.25,22.0,18.0,18.5,24.75,18.625,17.25,17.375
463,15.5625,12.5,16.5,20.75,18.625,17.5,23.75,19.375,16.0,17.625
464,16.375,14.125,17.0,22.75,19.0,18.75,24.25,20.0,16.875,17.625
465,15.75,12.1875,16.5,20.5,19.75,17.5,24.25,19.25,15.5,17.75
466,15.9375,12.75,16.25,21.75,19.5,18.375,24.125,19.0,16.5,17.5
467,15.375,12.125,15.6875,20.25,19.125,17.75,24.0,19.125,16.625,17.625
468,15.875,13.75,16.25,21.0,19.25,18.25,25.0,19.5,16.25,18.5
469,14.5,11.0625,15.125,19.75,19.625,17.25,24.0,19.75,15.5,17.25
470,17.0,14.375,16.25,22.75,20.625,18.25,24.875,20.0,18.5,18.0
471,15.375,11.5625,17.0,21.5,18.5,17.0,23.5,19.0,16.5,18.25
472,15.375,12.125,16.5,22.375,18.0,17.25,24.0,19.0,17.5,18.5
473,14.875,12.0,16.75,20.75,18.875,16.5,23.0,19.0,17.0,17.75
474,15.875,13.0,16.125,22.375,18.0,17.75,25.0,19.25,17.125,17.5
475,15.3125,11.9375,16.5,21.0,20.25,16.25,23.625,18.375,16.5,17.5
476,16.5,13.8125,17.25,22.125,19.5,17.25,25.375,19.75,17.25,19.0
477,16.25,12.0,16.875,20.375,20.375,16.75,24.0,19.5,16.5,17.75
478,15.4375,13.375,16.25,20.875,20.25,16.75,24.0,19.625,17.25,17.5
479,16.125,13.0,17.25,20.75,21.5,17.0,24.25,20.25,17.5,17.75
480,17.5,15.0625,17.5,21.625,22.5,16.25,25.0,19.5,16.25,18.0
481,17.75,13.375,18.0,21.625,20.0,17.75,23.75,20.5,18.0,17.75
482,17.75,14.625,16.25,21.0,19.0,17.5,23.25,19.625,17.75,18.375
483,16.875,13.5,17.5,20.25,20.75,17.5,23.0,20.0,17.25,18.125
484,16.75,15.375,16.25,21.25,19.0,19.75,24.375,19.25,16.75,18.5
485,16.75,14.375,16.5,19.5,20.375,18.0,24.0,19.75,16.5,18.875
486,17.5,14.5625,17.25,18.625,18.875,17.625,25.125,20.125,16.75,18.25
487,16.125,12.875,15.25,19.25,17.75,17.0,23.25,19.5,17.0,18.875
488,16.75,14.75,15.875,21.0,20.125,17.875,23.0,20.25,17.5,19.0
489,15.875,12.25,16.0,20.0,17.5,17.25,23.25,20.0,17.0,19.0
490,16.25,13.4375,16.5,20.0,20.75,17.5,24.25,19.875,16.75,17.375
491,16.625,12.625,15.6875,21.0,16.5,17.5,23.5,19.375,17.125,17.75
492,17.625,13.625,16.5,21.875,18.0,17.375,25.0,19.5,17.25,19.125
493,16.0,11.6875,17.0,19.75,18.5,16.75,23.0,19.75,17.625,18.0
494,16.125,13.375,15.3125,21.25,18.375,18.25,24.25,19.5,17.5,18.625
495,16.25,13.0,16.5,21.375,18.5,17.0,24.25,19.25,15.875,19.75
496,16.875,14.125,16.75,20.75,18.75,17.25,25.25,19.75,17.125,19.125
497,16.25,11.875,15.5,20.5,18.875,16.0,23.25,19.125,17.25,18.75
498,16.25,14.4375,16.25,21.25,20.125,17.375,24.5,20.0,17.5,18.75
499,15.375,12.25,15.4375,20.5,20.75,16.25,22.75,19.5,17.25,18.75
500,15.75,13.375,17.625,22.0,22.875,17.375,23.375,17.5,16.25,19.25
501,17.25,12.0,16.375,21.5,21.0,18.375,23.25,18.125,16.5,17.5
502,16.625,14.125,16.25,20.625,19.5,17.75,24.25,19.5,17.125,17.75
503,15.5,13.25,16.375,19.75,20.5,17.0,24.0,20.0,17.125,17.0
504,17.125,15.0,16.0,21.75,18.5,18.25,24.5,19.0,17.0,17.75
505,16.625,13.125,16.25,21.25,19.125,17.75,24.75,19.25,15.6875,18.0
506,18.0,13.9375,16.375,21.75,19.625,17.75,24.125,20.0,16.75,18.5
507,16.5,12.5,16.125,19.25,20.25,16.875,25.0,19.625,16.25,18.5
508,16.375,16.125,15.625,21.25,19.5,17.125,23.625,20.0,16.625,17.25
509,15.75,12.375,15.9375,19.625,19.0,16.5,24.5,20.0,16.125,17.75
510,16.375,15.625,16.75,20.0,19.75,16.125,23.5,18.75,16.625,18.125
511,16.75,12.125,16.0,21.375,19.25,16.125,23.125,19.25,16.0,18.25
512,17.75,13.5625,17.5,21.5,21.5,17.875,23.25,17.75,15.75,19.75
513,16.125,10.625,16.625,20.0,18.25,16.75,23.5,19.0,13.5625,18.75
514,16.375,13.125,15.9375,21.75,17.75,17.5,23.75,19.5,16.0,17.5
515,15.9375,11.1875,16.25,20.75,20.0,16.5,23.5,18.75,13.75,18.25
516,18.0,13.25,17.5,22.75,19.625,17.375,24.5,19.375,14.25,19.75
517,15.5,11.375,16.75,20.375,21.125,16.375,24.5,19.5,15.375,18.5
518,14.3125,13.5625,16.25,21.25,19.125,16.875,23.25,19.75,15.25,17.5
519,15.5,10.375,16.25,20.375,18.75,16.25,24.25,19.0,15.5,17.75
520,16.5,12.75,18.25,21.875,20.5,17.0,25.375,19.25,16.75,18.0
521,16.75,10.875,17.875,23.25,19.25,17.25,24.25,19.25,16.5,18.0
522,16.25,11.875,17.125,22.875,18.25,17.5,24.625,18.75,14.875,18.125
523,15.375,12.125,17.25,21.75,19.75,17.5,24.0,19.5,16.375,18.0
524,16.25,12.875,17.0,22.625,19.375,18.625,24.125,18.875,16.25,17.5
525,16.125,11.25,18.0,20.375,19.125,17.0,23.25,18.75,15.25,17.875
526,16.25,12.75,17.5,21.125,18.375,17.75,24.375,19.75,15.875,18.625
527,15.875,12.25,17.75,21.25,18.625,16.75,24.25,19.75,15.5625,18.25
528,19.0,15.25,16.5,23.125,16.5,17.25,25.75,19.5,15.0,20.0
529,14.875,12.5,17.625,21.75,19.5,17.25,24.25,20.5,15.625,17.25
530,14.625,13.25,18.125,18.75,20.375,17.5,23.75,19.0,14.9375,17.25
531,15.75,12.125,17.75,21.0,17.25,16.875,22.5,19.5,15.375,17.25
532,16.0,13.5,17.5,21.625,17.75,16.75,24.25,19.375,14.875,18.0
533,15.5,11.5,17.25,20.625,19.25,17.125,23.0,20.0,14.875,17.5
534,16.0,13.5,17.0,21.25,18.25,18.125,24.0,19.625,16.25,17.5
535,15.875,12.625,17.0,21.0,19.0,16.875,24.5,19.875,14.9375,17.75
536,16.125,13.125,17.25,21.5,17.75,16.75,24.75,20.375,14.125,18.5
537,16.0,11.5625,17.0,21.25,19.0,16.75,24.0,19.625,15.125,17.75
538,15.375,15.25,16.25,22.5,17.25,16.75,25.75,20.625,16.125,19.25
539,14.625,9.8125,15.5625,19.875,15.375,16.5,24.125,19.0,13.875,17.25
540,15.625,13.125,17.625,21.0,19.5,17.75,24.125,20.0,16.75,18.75
541,15.0625,11.5625,16.75,19.5,18.25,17.625,22.125,19.25,17.5,17.5
542,15.9375,12.625,17.25,23.0,16.5,18.375,23.25,19.0,17.75,18.375
543,15.5,11.3125,17.0,21.25,17.25,17.25,22.75,19.0,16.75,18.0
544,16.0,13.125,16.75,23.5,17.5,18.375,23.125,19.0,16.0,17.75
545,15.5625,12.5625,16.5,22.5,17.875,17.5,23.125,19.75,16.625,18.0
546,16.375,12.625,16.25,21.0,17.875,17.875,24.125,19.0,16.5,18.875
547,15.25,11.3125,15.625,20.75,18.25,16.75,23.5,19.25,15.9375,18.0
548,15.1875,12.6875,15.8125,21.0,18.25,17.625,23.25,19.5,17.0,17.75
549,15.375,10.75,15.75,19.5,17.0,17.0,23.5,19.25,16.25,17.625
550,14.5625,12.0,17.0,20.0,18.75,16.75,22.875,18.5,15.9375,18.125
551,15.5,10.875,16.5,21.25,18.75,16.25,22.0,18.25,15.4375,17.875
552,16.125,12.25,17.5,22.25,16.5,16.875,23.125,18.75,15.375,18.5
553,15.375,10.625,16.75,20.75,16.75,16.25,21.625,19.0,14.6875,17.0
554,14.875,12.75,15.6875,21.375,16.75,17.25,22.875,19.0,15.625,17.0
555,16.125,12.375,17.25,22.25,18.75,17.0,23.5,20.0,14.5625,18.875
556,16.5,13.125,17.375,21.25,17.5,17.25,22.5,19.75,15.6875,18.625
557,16.0,10.875,17.0,20.875,19.0,15.875,23.0,19.0,15.125,18.0
558,15.3125,12.75,17.75,21.0,18.5,16.25,22.5,19.25,16.125,17.75
559,15.0,10.4375,17.75,19.25,17.25,16.125,23.5,18.5,14.75,18.375
560,16.875,13.5,18.625,22.0,21.125,17.0,24.125,19.125,16.25,18.75
561,17.25,11.5,16.5,22.0,19.5,16.25,24.0,19.0,14.1875,18.25
562,17.125,13.625,17.625,22.375,19.5,17.75,24.0,18.75,18.0,19.0
563,15.25,11.75,17.125,20.75,18.0,17.375,22.75,19.5,14.8125,18.5
564,16.25,13.375,16.75,22.5,18.5,18.25,24.25,19.375,15.5625,18.125
565,16.125,12.625,16.75,21.25,19.25,17.125,23.0,19.5,14.875,18.25
566,16.25,13.0,16.75,21.5,19.5,17.875,23.25,19.875,16.25,18.5
567,16.0,12.0625,17.125,19.5,20.25,17.0,24.0,19.75,15.0625,18.75
568,15.625,14.375,17.25,21.375,20.75,17.5,23.0,20.5,16.375,18.5
569,14.875,10.75,17.25,20.375,19.875,17.375,23.5,19.75,15.0,18.5
570,14.4375,12.375,18.75,20.0,20.25,17.625,23.875,19.875,14.5625,18.75
571,16.0,10.5,17.875,20.875,19.75,17.5,23.25,19.5,15.125,18.25
572,16.25,12.25,18.5,23.375,19.75,18.375,23.75,19.5,15.5,18.625
573,14.875,11.625,18.75,21.75,19.25,18.125,23.25,19.5,14.5625,18.0
574,15.75,13.625,17.875,22.75,18.875,18.875,24.0,20.125,15.9375,18.0
575,16.0,12.0625,18.0,21.875,21.25,17.75,23.5,19.625,14.625,18.25
576,16.75,14.5,19.0,21.375,20.75,17.625,23.5,20.125,15.25,19.25
577,16.375,12.75,18.25,21.75,21.125,17.75,24.0,20.0,16.5,19.0
578,15.375,13.75,18.25,21.75,20.125,17.25,23.5,20.5,16.75,18.25
579,16.25,12.0,19.375,21.5,21.25,17.75,23.875,20.0,17.0,18.5
580,15.6875,15.1875,18.25,21.5,20.75,17.875,24.5,19.75,17.875,18.25
581,16.75,12.8125,18.5,23.125,22.125,18.25,23.25,20.5,18.125,18.25
582,17.5,14.5625,18.625,23.25,20.625,19.25,23.5,19.875,18.5,18.75
583,15.875,13.125,18.0,22.0,19.75,18.5,23.0,20.625,16.75,17.75
584,17.0,15.25,18.25,23.0,20.625,20.0,23.75,20.875,18.0,18.125
585,16.125,14.375,17.875,21.25,19.625,18.25,24.5,21.0,15.1875,19.25
586,16.875,14.875,17.5,20.25,19.625,18.375,23.75,21.0,16.5,19.5
587,16.0,12.875,17.0,20.875,20.625,17.875,24.375,20.375,16.5,19.0
588,16.75,14.375,18.0,23.0,20.125,18.25,24.5,20.5,16.75,19.625
589,14.875,11.75,17.5,20.125,18.75,17.75,23.25,20.75,16.125,19.0
590,15.375,13.5625,17.25,20.625,20.5,17.25,24.125,20.25,16.5,18.25
591,16.25,12.0,17.25,20.75,19.0,17.375,23.0,20.5,16.375,17.5
592,16.75,13.0625,17.75,23.0,17.75,17.25,23.5,20.0,16.25,18.75
593,15.75,11.625,17.375,21.625,19.25,17.75,23.125,20.0,16.0,18.5
594,16.375,13.75,17.0,22.75,18.625,18.375,24.25,20.125,16.75,18.75
595,15.625,11.875,16.75,21.5,19.5,17.0,23.375,19.75,15.3125,18.5
596,16.25,12.625,17.5,21.75,19.375,17.5,23.0,19.875,15.8125,19.25
597,16.25,12.0625,17.75,21.875,20.5,17.5,24.375,20.125,15.9375,19.5
598,16.0,13.9375,17.75,22.5,20.25,17.5,24.0,20.5,17.0,19.25
599,15.875,11.5625,17.75,21.5,20.75,17.25,23.5,21.0,16.75,19.25
600,16.5,13.8125,17.75,22.75,20.875,18.25,24.375,19.75,17.0,20.25
601,17.0,13.0,15.75,22.375,19.5,17.625,25.5,20.25,16.75,18.375
602,17.5,13.875,16.5,21.75,20.625,19.0,24.0,20.375,18.0,18.5
603,17.375,14.125,17.375,21.0,19.375,18.0,23.625,20.75,16.75,18.375
604,16.75,15.5,17.25,20.75,19.75,19.5,24.625,20.625,18.25,18.0
605,16.875,12.5,17.0,19.875,20.0,18.0,24.25,20.0,16.0,17.875
606,16.25,13.1875,16.625,20.25,19.75,18.5,25.25,20.25,15.9375,19.625
607,16.5,13.375,16.75,21.75,19.5,17.75,24.75,21.25,16.0,18.75
608,16.25,16.125,17.25,20.5,18.75,17.5,23.625,20.125,16.25,18.75
609,17.125,12.625,15.5625,22.25,18.75,17.125,24.75,20.125,15.9375,18.75
610,16.5,13.8125,15.8125,20.25,20.0,17.25,24.625,19.25,15.4375,18.375
611,16.875,11.875,15.0,21.5,19.0,17.25,24.5,19.25,15.1875,19.0
612,17.375,12.5,16.5,21.25,18.25,17.5,23.875,19.75,16.75,19.5
613,16.375,11.875,17.125,21.25,18.25,18.25,24.25,20.5,15.9375,20.875
614,16.0,13.125,15.6875,21.5,18.25,18.375,24.5,19.5,14.6875,18.25
615,16.5,11.625,16.125,20.0,20.75,17.5,24.625,19.75,14.0625,19.25
616,17.0,14.0,15.9375,21.25,19.625,17.625,24.75,19.875,14.9375,20.75
617,16.75,13.5,16.875,22.25,20.0,17.875,25.25,20.25,15.4375,19.0
618,15.75,14.875,17.625,21.75,20.25,18.5,25.5,19.5,15.25,19.25
619,15.9375,13.25,16.25,21.0,20.125,18.75,25.25,18.25,16.25,18.5
620,16.25,13.125,16.5,22.0,20.875,18.125,25.125,20.0,16.75,18.5
621,16.75,11.4375,16.25,22.75,19.5,17.75,24.25,20.125,16.875,18.75
622,17.125,13.375,16.375,23.0,19.0,18.875,24.875,19.625,17.0,18.75
623,15.875,12.375,16.25,21.5,20.0,17.75,24.25,20.125,15.4375,18.25
624,17.0,13.5,17.375,22.0,18.875,18.25,24.875,20.375,17.0,18.5
625,15.875,12.375,16.5,20.5,21.25,17.75,24.0,19.75,15.9375,18.625
626,16.0,13.625,19.125,21.875,19.5,18.625,24.875,20.75,16.25,18.0
627,16.25,12.375,16.5,21.5,19.25,17.75,25.125,20.75,16.75,19.0
628,15.8125,15.125,16.25,21.375,19.625,18.25,24.5,21.25,17.0,17.75
629,16.375,12.0,16.25,21.75,19.5,17.375,24.5,21.375,16.875,17.875
630,16.25,13.375,16.5,20.25,19.75,18.25,25.375,19.75,15.375,18.75
631,16.5,12.875,15.875,22.0,19.5,17.75,24.0,20.5,14.375,18.625
632,16.25,14.375,16.5,21.5,19.625,17.75,24.625,21.25,15.3125,18.25
633,16.5,12.75,16.625,21.25,19.25,17.5,23.25,20.75,14.8125,18.0
634,16.75,14.4375,16.5,22.25,20.0,18.75,24.5,20.5,16.75,18.0
635,16.0,12.625,15.625,20.5,19.5,16.75,24.25,20.0,14.625,18.125
636,15.75,12.125,15.0,21.25,18.625,17.5,25.625,20.75,14.0625,19.0
637,16.25,12.375,15.25,21.25,19.25,17.25,24.875,20.625,15.9375,18.125
638,15.25,14.5625,15.4375,21.75,19.0,17.25,24.875,21.25,16.25,17.875
639,15.75,11.5,15.1875,21.25,17.25,17.125,24.875,21.0,15.4375,18.125
640,16.375,15.25,16.5,22.0,19.75,17.75,24.25,19.625,16.25,18.75
641,16.875,12.6875,15.3125,23.125,18.25,17.875,24.25,20.125,17.0,19.0
642,17.75,14.6875,16.875,24.375,16.875,18.75,25.75,20.5,18.125,19.625
643,15.875,12.25,15.3125,21.5,17.5,17.0,23.75,19.5,16.75,17.75
644,16.125,13.625,15.5625,23.0,19.625,18.5,24.75,20.5,17.375,18.0
645,15.875,12.125,15.4375,21.625,18.875,17.25,25.125,20.125,16.0,18.0
646,16.75,13.125,14.375,22.5,19.25,18.25,25.75,19.625,15.8125,19.0
647,16.0,12.0,14.6875,21.375,19.25,17.0,25.75,20.625,17.125,18.5
648,16.375,14.375,16.25,21.75,19.75,17.75,25.625,20.125,16.75,18.875
649,16.375,12.875,15.625,23.25,18.25,17.25,25.625,20.25,16.25,18.0
650,15.75,13.5,16.5,20.5,21.0,17.5,24.75,18.75,16.0,17.75
651,15.75,11.5,15.5625,19.25,20.0,16.875,24.375,19.0,15.625,17.5
652,16.0,12.6875,16.5,21.0,17.5,17.125,24.75,19.375,15.25,17.75
653,15.375,10.875,16.0,19.75,19.25,16.0,23.75,18.75,14.3125,16.625
654,15.75,12.375,15.25,20.5,19.0,17.5,25.25,18.5,15.8125,17.25
655,15.75,11.875,16.0,20.75,20.125,16.375,24.125,19.125,14.0,17.5
656,16.5,12.9375,16.75,21.75,20.5,17.5,25.5,20.0,14.6875,17.875
657,16.625,12.0625,17.375,21.25,19.5,16.375,25.875,20.25,15.375,18.0
658,15.375,13.625,17.25,22.0,19.75,16.375,24.125,19.75,15.875,17.0
659,15.3125,10.4375,16.25,19.75,19.25,15.9375,24.75,20.0,15.5625,17.0
660,15.375,12.0,16.25,21.5,20.5,17.125,25.75,19.375,14.8125,17.5
661,16.125,11.125,15.75,22.0,20.25,17.5,25.625,19.5,15.6875,17.875
662,16.0,12.0,14.9375,22.25,18.5,17.25,25.25,19.25,14.75,17.75
663,16.0,12.125,16.25,21.0,20.25,17.125,25.125,19.5,15.125,18.25
664,16.125,13.4375,15.4375,22.5,18.5,18.0,24.875,20.0,14.9375,16.25
665,15.25,11.625,15.8125,20.5,20.0,17.0,24.5,20.25,14.25,18.0
666,12.75,13.0,13.25,19.375,17.25,15.5,23.0,17.25,10.375,20.0
667,15.875,12.375,16.75,21.25,19.5,17.75,24.25,20.375,15.6875,18.0
668,15.375,14.75,16.125,21.75,20.125,18.25,24.5,20.625,15.3125,17.25
669,15.1875,10.75,15.25,20.25,19.5,17.625,24.25,20.5,15.0625,17.5
670,14.375,12.5,15.375,20.75,20.0,17.25,24.5,20.0,15.5625,17.25
671,15.875,11.4375,16.125,21.5,19.5,17.25,24.25,20.375,16.25,17.0
672,16.875,13.4375,17.5,22.875,19.625,17.75,24.625,20.5,16.625,18.75
673,14.9375,11.75,15.9375,20.75,19.0,16.875,23.5,20.0,15.625,17.125
674,15.5,13.375,15.1875,22.5,19.5,18.0,24.25,19.875,17.25,17.125
675,15.25,11.25,16.75,20.0,20.0,17.0,24.25,19.75,14.8125,17.875
676,15.5,12.875,16.75,22.0,20.375,17.75,25.125,19.75,16.0,18.0
677,15.75,12.375,15.8125,21.25,20.625,17.5,24.25,20.25,16.0,17.75
678,15.75,13.75,15.8125,21.75,20.25,17.25,24.5,20.375,16.0,17.75
679,16.125,12.375,16.125,21.5,20.25,16.75,24.5,21.0,17.0,17.0
680,15.5,14.875,17.0,19.375,21.0,18.0,24.875,21.125,16.5,17.5
681,16.75,13.5,16.75,21.5,20.75,18.0,24.25,21.25,16.75,17.75
682,16.75,15.5,17.25,22.25,20.25,18.25,24.0,20.5,17.5,17.75
683,15.4375,13.625,16.375,21.375,20.0,17.75,24.375,20.625,16.0,17.75
684,16.875,14.875,17.25,23.375,20.25,19.625,24.875,21.5,17.375,18.0
685,16.625,14.0625,16.75,21.25,20.75,18.5,24.125,20.75,16.625,18.25
686,16.25,15.125,17.75,21.25,18.75,18.75,23.75,23.25,17.0,18.25
687,16.375,12.375,16.25,19.875,19.875,17.75,24.25,21.75,16.75,18.125
688,16.5,15.25,16.5,23.0,20.0,17.75,23.75,21.375,16.5,17.75
689,15.5,12.375,16.25,20.5,19.5,17.5,24.0,21.25,17.0,18.0
690,15.3125,12.4375,16.625,20.25,19.75,17.5,24.875,21.0,16.25,18.5
691,16.375,11.5625,16.0,21.0,20.0,17.75,24.75,21.0,16.5,18.75
692,16.5,12.1875,16.625,22.875,18.25,17.75,25.0,21.125,17.125,17.5
693,15.5,11.125,16.5,21.0,20.0,17.375,24.5,20.5,16.0,18.625
694,16.375,13.375,16.75,22.5,21.125,18.625,25.5,21.25,17.75,18.0
695,15.375,11.4375,16.75,21.5,19.125,17.0,24.625,20.625,15.9375,18.25
696,16.5,13.25,17.25,22.5,20.25,18.0,25.25,21.0,16.25,19.75
697,15.4375,11.25,15.9375,21.25,18.25,16.875,25.25,21.25,15.875,18.25
698,15.0,13.75,16.5,22.25,20.0,17.5,24.5,21.5,17.25,17.75
699,14.8125,10.5625,16.0,21.0,20.0,16.75,24.25,20.875,16.25,18.125
700,15.5,12.375,18.0,22.5,21.375,18.25,24.25,20.5,17.5,17.75
701,15.75,11.3125,16.0,22.75,18.5,17.0,24.125,20.125,17.0,17.0
702,17.0,13.75,16.0,23.875,17.5,18.0,25.375,19.5,16.75,17.75
703,16.25,13.0625,17.25,21.75,19.25,17.875,24.0,20.25,16.75,17.75
704,17.0,14.3125,17.75,23.0,19.75,18.625,24.25,20.875,17.0,16.875
705,16.5,11.5625,17.0,21.25,20.25,17.5,24.125,20.0,16.25,17.25
706,16.625,12.25,16.875,22.375,19.0,18.0,25.5,20.75,16.625,17.875
707,15.875,12.625,16.75,21.375,17.25,17.625,26.125,20.375,17.75,16.25
708,16.625,15.9375,17.375,20.875,18.625,18.125,25.0,20.625,17.0,17.75
709,16.125,12.875,16.75,21.75,19.25,16.875,23.5,21.0,17.0,17.25
710,17.0,15.25,16.5,21.75,19.5,16.75,23.75,18.875,17.5,17.0
711,15.875,11.875,14.75,21.625,17.125,15.0,21.5,17.125,14.625,17.25
712,17.0,11.5625,16.25,23.25,17.0,16.75,24.25,19.125,16.5,18.0
713,15.75,11.625,16.375,22.25,18.0,16.5,23.75,19.0,15.0625,17.75
714,16.75,12.75,16.75,24.25,18.0,18.0,25.25,19.0,17.75,17.5
715,16.25,10.625,17.375,22.5,18.5,17.0,23.75,19.625,15.0625,17.5
716,15.875,12.25,16.0,22.5,16.75,16.125,22.75,19.875,14.0625,18.75
717,16.125,12.3125,17.5,22.75,19.625,17.75,24.875,20.25,15.4375,18.25
718,15.375,15.0,16.125,23.125,18.0,16.0,24.0,19.125,15.125,18.125
719,14.375,10.25,15.6875,20.625,18.0,17.25,24.125,20.0,15.625,17.5
720,16.25,14.625,17.75,22.25,19.625,16.875,25.875,20.25,15.375,20.5
721,16.125,10.25,16.75,23.5,18.125,16.5,23.875,19.5,15.125,18.5
722,16.125,12.25,17.0,24.0,18.25,18.0,24.625,19.0,15.6875,18.875
723,15.5,11.875,16.875,23.0,19.25,17.25,24.375,19.0,16.0,18.625
724,15.875,12.625,16.875,23.0,19.0,18.25,25.25,19.625,17.0,18.375
725,14.8125,10.9375,17.0,21.25,20.0,17.0,23.5,19.5,16.0,18.125
726,15.8125,11.9375,17.0,22.25,18.75,17.5,24.25,19.875,16.75,19.125
727,15.875,12.0,15.5625,22.25,17.0,16.75,24.75,19.875,17.25,18.5
728,15.0,13.5,16.75,22.25,18.5,16.625,23.875,20.75,15.8125,18.0
729,15.625,12.875,19.0,21.5,18.75,17.5,24.125,19.5,16.75,20.25
730,15.3125,13.4375,16.75,21.0,18.875,17.5,23.375,19.75,15.5,16.5
731,15.25,13.0625,17.0,21.0,18.375,16.625,22.5,20.25,15.375,17.25
732,15.875,13.875,16.5,23.0,17.125,16.875,23.5,19.5,15.9375,18.0
733,15.75,12.75,16.75,22.0,18.5,16.75,22.375,19.625,15.3125,16.25
734,15.0,14.0,15.4375,21.875,18.25,17.5,23.5,20.5,16.125,17.25
735,15.375,11.5,16.5,20.75,18.75,16.875,23.25,20.25,14.9375,17.125
736,16.25,13.25,16.5,23.0,18.125,17.0,23.5,20.25,16.0,18.0
737,13.8125,11.0625,13.9375,22.0,16.25,15.625,24.0,18.5,15.5625,17.75
738,14.3125,13.25,15.375,20.75,18.0,16.625,23.25,20.125,16.5,16.875
739,14.375,11.0,15.5,20.625,18.0,17.25,23.0,20.25,16.375,16.5
740,14.8125,13.3125,14.625,20.875,19.25,17.75,24.25,20.125,16.0,17.25
741,15.75,11.25,13.8125,23.125,18.25,16.75,22.875,19.5,16.5,17.5
742,15.125,12.125,14.875,22.25,17.5,17.625,23.125,19.25,17.25,18.875
743,14.5625,11.875,15.375,21.75,18.75,17.375,23.25,19.75,17.0,18.0
744,15.375,13.5,15.75,23.0,20.0,17.75,24.0,20.0,16.5,18.75
745,14.875,11.625,14.75,21.25,19.75,16.75,23.25,20.0,16.25,17.625
746,15.125,12.375,14.5,21.25,19.75,17.625,23.75,20.0,17.5,18.625
747,13.5625,9.875,12.9375,20.375,18.0,15.0625,24.5,17.625,15.5,16.75
748,14.625,13.1875,14.5,20.75,19.25,17.25,23.5,20.125,16.75,17.75
749,14.5625,11.4375,15.0,19.75,19.75,17.125,23.5,20.0,16.5,17.5
750,16.25,14.75,17.5,20.5,22.75,18.25,23.5,19.875,16.5,19.0
751,16.25,11.3125,16.5,20.0,21.25,16.25,22.5,19.0,15.6875,17.25
752,16.375,12.625,17.25,21.875,19.25,16.875,23.75,19.375,15.25,18.25
753,15.625,12.625,18.75,20.125,19.125,16.5,24.0,19.25,13.8125,17.5
754,15.8125,12.25,15.6875,21.75,19.25,17.125,24.25,19.0,14.875,17.125
755,15.875,12.125,17.75,21.5,18.75,16.625,23.75,19.25,14.0625,17.25
756,16.625,12.75,18.125,21.75,18.625,17.0,24.75,20.0,16.25,19.25
757,16.5,10.3125,16.5,22.125,15.5,15.25,24.0,19.125,15.0,18.0
758,15.75,13.6875,18.5,21.75,19.25,16.75,23.25,19.75,16.75,17.75
759,16.0,11.1875,19.0,21.125,19.5,17.0,24.625,19.75,16.25,18.375
760,16.5,13.25,16.375,21.75,19.5,17.0,25.0,19.5,17.0,18.0
761,16.625,11.125,15.6875,21.5,19.25,16.625,23.0,19.5,16.25,17.75
762,14.75,13.0,15.6875,21.25,17.5,16.375,24.5,20.0,16.0,17.5
763,15.5,12.5,16.25,21.0,19.25,16.5,23.75,20.0,15.6875,17.75
764,16.125,14.3125,15.4375,23.0,19.5,17.75,24.0,20.125,17.5,17.375
765,16.75,13.3125,17.25,20.875,20.25,17.0,23.75,19.625,15.625,18.625
766,15.875,13.125,15.4375,21.5,19.5,17.625,24.0,19.75,16.25,18.75
767,15.875,11.4375,14.875,21.125,18.25,15.9375,25.125,20.0,15.875,17.5
768,16.375,16.125,18.875,22.5,21.625,18.375,23.75,21.125,17.125,18.75
769,15.125,11.6875,15.5625,21.125,20.0,17.5,23.75,20.75,15.25,17.5
770,15.6875,15.125,16.0,21.0,20.0,17.5,25.25,20.5,15.5625,18.875
771,15.875,11.8125,15.375,20.875,18.75,16.75,23.75,20.125,15.75,17.875
772,16.0,13.375,16.125,23.0,18.625,17.75,24.375,20.125,15.9375,18.25
773,15.125,12.875,16.625,21.5,17.75,17.25,23.25,20.125,15.4375,17.5
774,15.875,14.3125,16.25,22.5,20.375,18.75,24.0,20.25,16.5,17.5
775,15.25,12.375,16.5,20.25,20.0,17.25,23.125,20.5,15.9375,17.25
776,16.25,14.4375,16.75,22.625,18.25,17.5,24.5,20.625,17.375,18.75
777,17.125,13.1875,16.5,23.25,18.875,17.625,23.5,20.625,17.5,18.25
778,14.6875,14.3125,16.0,20.625,18.75,16.75,22.75,20.75,17.0,16.75
779,15.125,11.125,16.0,21.0,19.0,17.125,23.5,20.5,16.75,17.25
780,15.75,14.5,16.5,19.25,19.625,17.0,23.5,20.5,17.5,16.375
781,16.0,12.875,16.0,19.75,18.5,17.0,22.75,20.5,17.75,17.0
782,16.75,14.5,17.0,23.25,19.25,17.625,24.25,20.625,18.75,17.75
783,15.3125,13.0,16.5,21.25,18.75,17.125,23.75,20.5,17.0,17.125
784,16.5,15.25,16.5,22.5,19.25,18.875,23.75,20.875,18.625,18.0
785,15.5,13.375,16.5,20.5,18.25,17.125,23.125,21.0,16.75,17.75
786,17.0,15.1875,15.5625,21.0,18.125,16.75,26.625,20.25,16.0,18.75
787,17.75,14.0,15.75,21.25,17.625,16.5,24.625,20.5,18.0,17.375
788,15.625,14.625,16.125,21.75,18.5,17.0,22.75,21.375,17.75,17.625
789,15.25,11.8125,16.0,21.5,18.75,17.25,23.375,20.75,17.0,17.25
790,15.0,13.375,16.0,20.5,18.75,17.125,24.0,21.125,16.5,17.0
791,16.0,11.625,16.25,21.375,18.75,16.875,22.5,20.625,16.875,16.75
792,17.375,13.5,17.5,23.5,18.0,17.5,24.375,20.125,17.75,18.25
793,15.125,12.75,17.0,20.75,19.25,16.5,22.5,21.125,16.75,17.25
794,15.4375,14.0,16.25,21.5,18.25,18.0,23.75,20.75,17.25,17.25
795,15.625,12.8125,17.0,21.5,18.875,16.75,23.25,20.5,15.75,17.75
796,16.375,14.0,17.125,22.75,19.25,17.375,24.0,20.875,17.0,18.625
797,15.75,13.1875,16.625,21.25,19.25,17.0,23.875,21.0,16.75,18.0
798,15.875,16.875,19.75,20.5,19.125,16.75,23.875,20.75,16.875,18.0
799,15.25,12.625,16.75,21.75,19.375,16.5,23.25,20.5,17.0,18.0
800,14.9375,16.625,16.75,21.25,20.5,16.875,23.5,19.5,16.75,17.25
801,16.0,16.0,15.0,20.25,18.875,16.75,23.0,18.5,16.25,16.5
802,16.125,17.0,15.375,20.625,19.375,17.25,22.5,19.0,16.875,17.25
803,15.3125,16.0,16.0,19.625,18.25,16.75,22.75,19.0,15.75,16.75
804,16.0,17.375,16.0,21.25,18.0,18.5,23.5,18.25,15.9375,16.75
805,16.5,16.875,16.125,19.5,19.125,17.5,23.5,18.375,17.5,15.75
806,16.75,16.75,16.625,21.5,19.25,18.0,24.5,20.0,16.625,18.0
807,16.75,16.25,16.125,20.75,19.25,17.0,24.375,19.375,16.5,17.625
808,17.625,17.125,16.25,23.625,18.0,17.875,23.5,16.75,14.25,18.0
809,16.75,15.75,16.375,21.875,19.75,17.5,24.5,19.5,16.125,17.75
810,16.375,16.375,15.625,20.375,19.125,16.5,23.5,17.125,15.5,17.5
811,16.75,16.25,14.875,20.5,18.0,17.375,23.0,17.75,15.9375,19.0
812,17.25,15.9375,15.8125,22.0,18.375,16.75,24.0,18.5,17.0,17.25
813,16.0,16.0,15.875,21.0,18.375,16.375,23.875,19.0,15.375,17.25
814,14.9375,16.375,16.0,21.75,17.625,18.375,23.5,18.75,16.75,16.75
815,17.125,15.75,16.5,22.125,21.125,17.25,23.5,19.0,15.25,18.0
816,16.75,15.875,16.5,21.375,17.125,17.375,25.125,18.875,15.625,18.875
817,16.0,14.875,15.625,21.75,20.375,16.875,24.75,18.75,16.25,18.5
818,15.25,15.9375,15.75,20.75,19.25,17.25,24.5,18.25,15.75,17.5
819,15.5,14.125,17.0,21.5,20.25,17.25,24.625,19.625,17.125,18.375
820,15.875,15.875,16.75,21.25,20.75,17.25,24.625,19.0,16.75,17.5
821,16.0,14.75,16.25,23.375,20.25,17.25,23.25,19.25,18.375,16.75
822,16.75,15.75,16.0,23.5,19.75,17.625,24.125,18.75,17.25,17.5
823,15.5,15.625,17.0,21.75,20.875,17.0,24.0,19.75,17.0,17.75
824,16.75,16.125,16.75,23.0,20.625,18.125,24.5,20.0,17.625,17.25
825,16.375,14.9375,16.625,21.0,22.0,16.75,24.0,19.25,16.5,18.0
826,16.75,17.375,17.375,21.5,20.5,18.0,24.375,20.0,17.5,19.0
827,15.875,15.5,16.375,21.0,18.75,16.375,23.75,19.375,17.0,17.5
828,15.75,17.125,17.25,21.25,19.75,17.25,23.5,20.375,16.25,17.0
829,15.5625,14.8125,16.75,21.25,20.75,16.5,23.5,20.75,17.125,17.25
830,15.0,16.75,17.0,19.25,20.5,16.75,23.25,19.25,15.5,16.125
831,17.5,16.25,16.75,21.5,19.25,17.125,22.5,19.5,18.0,16.5
832,17.0,16.25,16.125,22.25,19.25,16.75,23.75,20.0,16.75,17.25
833,16.25,15.5,16.625,21.5,19.5,16.75,22.75,20.625,16.75,16.75
834,15.5625,16.25,15.8125,21.0,19.75,17.25,23.25,19.5,16.75,15.6875
835,15.5,14.9375,16.25,19.625,20.0,16.125,23.625,19.75,15.625,16.5
836,16.25,15.75,15.625,20.5,19.125,17.0,24.375,19.75,15.9375,18.0
837,16.25,15.625,16.25,20.0,19.75,16.5,24.375,20.0,16.75,17.625
838,14.875,15.75,15.1875,20.0,18.5,16.5,23.25,20.25,16.5,16.0
839,15.3125,14.4375,15.75,20.5,19.25,17.25,23.75,20.75,17.125,17.0
840,16.0,15.3125,15.6875,20.75,19.5,18.125,24.125,19.5,16.25,17.5
841,16.625,14.625,15.0,21.625,17.5,18.25,22.75,19.5,17.75,17.5
842,16.75,15.875,15.75,22.75,19.0,18.25,23.875,19.25,18.5,17.25
843,16.375,15.75,15.875,23.625,18.625,17.625,23.75,19.0,15.875,17.875
844,16.375,15.9375,15.125,22.625,18.75,19.5,23.75,19.75,17.5,17.5
845,15.875,15.25,15.6875,21.125,20.25,18.0,23.75,20.125,16.75,18.375
846,17.25,15.8125,14.8125,21.375,19.375,18.75,24.75,19.0,16.625,18.25
847,16.625,14.875,15.0,21.0,18.25,17.25,24.0,19.5,17.0,18.0
848,16.875,15.8125,16.125,22.0,20.75,18.25,24.0,20.625,17.75,17.875
849,16.5,14.125,15.75,21.125,20.125,17.625,24.0,20.25,17.5,17.75
850,16.375,16.0,16.25,21.625,20.875,17.0,23.75,19.25,16.75,17.625
851,16.625,13.5,16.0,20.25,19.5,16.0,23.0,18.5,16.5,16.25
852,17.5,15.5625,17.875,22.25,19.5,16.75,25.0,18.75,16.75,17.25
853,16.0,14.4375,17.0,19.75,18.5,15.9375,22.75,19.5,16.0,16.25
854,16.125,14.8125,16.0,21.875,19.25,17.625,23.5,19.125,16.75,16.75
855,16.25,13.875,16.75,21.25,19.0,15.8125,23.375,18.5,15.125,17.5
856,17.0,14.5625,16.25,21.25,17.75,16.25,23.875,19.25,15.9375,17.75
857,16.75,13.8125,17.375,20.75,19.25,16.25,23.75,19.5,16.75,17.25
858,16.5,15.625,18.125,21.0,18.75,16.625,24.0,20.5,17.625,17.25
859,15.625,13.5,17.875,20.0,18.375,16.25,23.625,20.375,16.5,17.875
860,17.125,16.0,17.25,21.0,19.5,17.125,24.25,20.0,16.75,17.875
861,17.75,15.375,16.875,21.25,17.75,17.25,23.5,19.75,16.5,17.0
862,17.0,15.625,17.0,21.5,18.625,17.375,24.0,20.125,17.25,18.0
863,16.75,16.0,17.0,21.875,19.25,17.5,23.625,20.75,16.5,17.75
864,17.125,17.0,18.0,23.25,20.25,18.75,24.375,20.75,17.0,19.25
865,16.0,15.125,16.75,20.25,19.375,17.5,23.0,20.625,15.4375,18.25
866,16.875,15.625,15.625,21.25,18.75,18.25,23.25,19.375,15.5,18.25
867,15.5625,14.1875,17.0,19.5,18.75,18.25,22.375,21.0,16.25,18.25
868,16.25,16.0,17.0,22.0,19.5,18.5,24.5,21.25,15.4375,18.75
869,15.0625,13.1875,15.6875,20.5,19.75,18.0,23.5,21.25,15.6875,18.0
870,14.9375,14.1875,16.0,19.375,18.25,17.375,23.75,20.25,15.625,18.25
871,15.6875,12.875,15.6875,20.375,18.75,17.0,22.125,19.75,16.25,17.875
872,15.5,13.625,16.0,22.25,18.5,17.375,23.25,19.5,16.5,18.0
873,15.0,13.8125,16.75,21.125,18.875,17.25,22.625,19.5,16.375,17.25
874,15.3125,14.75,16.125,21.375,20.375,18.5,23.0,20.375,17.25,17.125
875,15.125,12.9375,16.75,20.25,20.25,17.0,22.25,19.25,15.9375,17.0
876,17.0,15.6875,16.5,23.125,20.0,18.0,24.25,19.25,14.625,19.0
877,16.125,13.875,15.6875,21.25,18.5,16.75,22.75,19.25,16.75,18.0
878,15.1875,15.25,16.75,21.5,19.5,16.875,23.25,20.125,16.5,17.75
879,15.0,12.3125,17.0,21.0,19.375,16.75,23.0,20.25,17.0,17.5
880,16.25,15.25,18.0,20.75,21.0,17.5,23.25,20.5,17.25,18.125
881,16.875,14.0,16.5,22.5,19.0,17.5,22.625,20.0,17.25,17.375
882,17.25,15.0,18.0,23.25,19.5,18.0,23.125,20.0,17.75,18.25
883,16.875,15.5,17.75,22.0,19.625,18.625,23.375,19.875,16.125,19.0
884,16.75,16.0,17.875,23.75,20.625,20.125,23.0,20.875,18.0,17.875
885,16.0,13.75,17.0,20.5,19.875,17.5,22.75,19.75,16.0,18.25
886,16.25,15.5625,17.125,20.875,18.75,18.375,23.25,20.25,16.5,18.25
887,15.5,13.125,15.5625,21.125,17.75,16.75,22.5,19.5,16.625,17.375
888,17.125,17.0,18.625,23.5,17.75,18.375,22.375,19.75,16.0,19.0
889,15.375,12.875,16.25,21.5,18.5,17.5,22.75,20.75,16.75,18.0
890,15.25,13.4375,16.0,20.0,18.75,17.75,22.25,19.5,16.25,17.0
891,15.875,11.5625,16.25,20.125,17.0,17.75,21.75,20.0,16.75,17.0
892,17.0,14.8125,16.875,23.125,17.0,17.75,23.5,20.0,17.75,17.5
893,15.625,12.75,17.0,22.0,18.0,18.0,23.0,20.125,16.75,17.125
894,16.0,14.25,16.875,22.75,18.25,19.0,23.25,20.25,17.875,17.375
895,15.75,12.8125,17.25,21.75,17.75,17.75,22.75,20.125,17.0,18.0
896,16.75,14.875,18.0,22.625,18.125,18.25,23.25,20.625,16.75,18.75
897,15.8125,12.25,16.75,22.0,17.75,17.125,23.0,19.5,16.125,18.0
898,15.75,15.0625,17.0,22.0,18.75,18.0,23.375,20.25,17.5,17.75
899,15.8125,13.0,16.875,22.375,19.25,18.0,23.25,20.375,17.0,18.625
900,16.75,13.625,17.625,22.25,20.5,19.0,23.75,19.75,16.75,18.75
901,18.25,13.9375,16.25,22.5,18.0,18.875,24.0,19.125,17.0,18.0
902,18.875,15.875,17.25,22.5,19.5,20.5,24.875,19.125,18.375,18.0
903,17.375,13.75,17.75,21.875,18.75,18.875,23.625,20.25,16.75,17.75
904,18.875,15.375,16.5,25.75,19.625,18.75,24.25,19.0,17.75,16.25
905,16.75,13.875,17.5,20.375,19.625,18.625,24.75,19.25,15.75,17.5
906,17.5,13.5,16.875,19.25,18.75,18.5,23.25,20.5,16.875,18.5
907,16.75,14.125,16.875,18.75,17.875,17.625,22.25,20.625,18.0,17.75
908,16.875,15.9375,17.25,20.0,19.0,18.625,24.0,20.0,17.0,17.25
909,16.75,12.5,17.125,20.75,18.75,19.25,25.125,19.875,16.75,18.5
910,17.0,14.5625,16.875,20.875,18.75,18.0,24.25,18.625,17.125,17.75
911,16.0,11.25,14.875,20.875,13.625,16.75,22.75,15.6875,12.875,21.125
912,18.0,13.125,16.75,23.5,15.5625,18.125,24.75,19.125,16.875,18.75
913,16.625,12.125,17.25,21.0,17.75,18.0,24.0,19.875,15.9375,18.5
914,16.375,13.625,16.375,22.75,16.5,18.125,24.875,18.875,16.5,17.75
915,16.5,12.25,17.0,21.75,19.25,18.25,24.875,19.5,15.8125,18.25
916,17.75,14.5,18.0,22.625,18.75,19.125,25.0,19.75,17.25,19.0
917,16.625,12.6875,17.5,23.375,18.625,17.5,25.25,19.75,16.25,19.0
918,16.375,14.375,17.375,22.25,18.0,18.25,25.0,19.25,15.5625,18.75
919,16.375,12.0625,17.25,22.875,18.5,18.5,25.5,19.0,15.5,19.375
920,17.625,14.25,18.25,23.5,20.0,18.125,25.0,19.5,18.375,18.0
921,17.625,12.125,18.75,24.0,16.0,18.75,24.75,20.0,17.5,17.875
922,17.0,13.3125,18.0,24.375,18.875,19.0,25.0,20.0,18.0,18.5
923,16.5,13.0,18.0,22.625,20.5,18.625,24.25,20.375,17.75,18.0
924,16.625,13.5,17.25,22.5,21.375,19.0,25.125,19.75,17.75,18.0
925,17.5,13.875,18.75,22.125,18.5,18.0,23.75,20.5,17.5,18.875
926,16.625,13.5,17.875,22.25,20.5,18.75,24.5,20.5,17.25,18.75
927,16.625,12.875,18.125,22.25,17.25,17.75,25.125,19.75,17.5,19.0
928,16.0,15.375,18.125,22.875,20.0,17.25,25.75,21.625,17.125,17.625
929,15.6875,12.125,18.0,22.0,19.75,18.125,24.5,20.75,16.75,18.25
930,16.0,14.125,18.25,20.75,19.75,18.625,24.25,20.25,16.375,17.5
931,16.25,12.0625,17.25,21.625,18.625,18.75,23.25,20.625,16.75,17.25
932,16.0,13.25,17.875,23.0,17.375,17.625,23.75,20.375,16.875,17.25
933,16.5,12.75,18.125,21.25,19.75,18.375,24.375,20.75,16.375,17.375
934,16.25,14.0,16.875,22.0,20.625,18.75,25.125,20.0,17.125,16.5
935,16.0,12.4375,17.5,21.0,19.75,18.0,23.75,20.375,16.25,17.0
936,17.5,13.75,18.25,22.5,19.0,18.25,25.125,20.875,17.25,19.0
937,16.0,11.875,16.75,20.25,16.75,17.5,24.75,20.0,16.75,17.0
938,15.875,13.75,17.0,21.125,18.25,18.0,24.875,20.5,17.125,16.75
939,15.875,10.9375,15.9375,21.25,17.25,18.25,24.625,20.625,16.0,17.5
940,16.75,14.1875,17.125,21.625,20.5,18.5,24.375,20.875,17.625,17.75
941,17.5,12.875,17.0,23.125,16.25,18.125,23.75,19.75,17.75,17.75
942,17.375,13.25,17.5,23.25,17.875,18.5,24.5,20.0,18.375,17.75
943,17.0,13.625,17.75,21.5,19.75,18.5,23.5,20.125,17.5,17.0
944,17.125,14.5625,17.5,24.125,19.25,18.75,24.75,21.25,17.875,17.0
945,16.625,12.25,17.0,21.375,19.25,18.125,24.125,20.5,17.125,18.125
946,17.125,13.5,16.375,21.5,19.375,19.25,24.625,20.75,17.625,18.875
947,16.75,12.75,16.0,20.75,18.375,18.375,24.125,20.25,17.375,18.0
948,16.625,14.125,17.0,22.125,21.375,18.75,24.875,20.125,17.875,17.75
949,17.0,12.75,15.875,23.25,20.75,19.25,25.5,19.75,18.0,18.125
950,16.125,13.3125,17.375,21.0,20.875,17.5,24.375,19.75,16.75,17.375
951,16.625,11.0,17.125,21.0,18.75,17.625,24.0,19.375,16.25,17.5
952,17.5,13.0625,18.75,22.5,18.375,17.25,24.0,20.25,17.25,18.25
953,15.9375,11.75,17.5,20.5,17.625,17.0,23.875,20.125,16.0,17.375
954,18.0,13.625,16.75,23.5,19.25,18.0,24.875,19.75,15.8125,17.5
955,17.25,13.125,18.125,21.75,19.625,16.875,23.375,19.875,15.875,18.0
956,17.625,13.625,16.875,23.125,16.75,17.5,25.25,19.125,14.5,18.75
957,17.0,12.25,18.625,21.5,16.875,16.5,24.5,19.75,16.5,18.0
958,16.375,14.25,18.75,21.5,18.75,17.25,24.25,20.0,17.25,17.5
959,16.875,11.75,18.625,22.25,18.625,17.25,24.0,20.625,16.75,18.25
960,17.625,15.625,19.75,23.375,20.75,17.5,26.0,20.875,17.5,20.375
961,17.25,13.375,17.75,21.75,17.0,17.125,24.875,20.75,16.375,19.0
962,17.5,14.0,17.75,23.25,19.0,18.0,25.75,20.75,16.0,18.25
963,17.625,13.5,17.25,22.25,18.25,17.25,26.0,21.0,15.3125,18.75
964,17.625,15.25,18.125,22.75,18.0,18.625,25.625,20.5,17.875,18.0
965,16.5,13.0,16.875,21.625,18.25,17.75,25.0,21.125,15.625,18.75
966,16.5,14.0,17.0,21.5,19.75,18.25,25.5,20.75,15.125,20.375
967,16.75,13.8125,17.0,22.0,18.75,18.25,25.5,21.375,16.75,18.75
968,16.125,15.75,17.75,22.25,20.0,18.75,25.75,22.25,17.0,18.625
969,15.875,11.625,17.25,21.75,19.75,18.25,25.75,21.625,15.5,19.0
970,14.625,14.0,17.25,20.25,19.25,18.5,25.25,21.5,16.25,18.75
971,15.875,12.8125,16.5,21.125,19.125,18.125,24.5,20.375,17.125,18.375
972,16.5,13.75,17.25,22.5,17.875,18.0,26.5,20.0,13.9375,19.75
973,16.25,13.875,17.5,22.25,19.125,18.0,24.125,20.75,17.25,18.0
974,16.375,14.875,17.0,23.25,21.5,19.0,24.875,20.0,18.25,17.25
975,16.125,12.8125,17.625,21.125,19.75,17.75,24.25,20.25,16.125,17.75
976,17.25,14.8125,17.375,22.75,20.0,19.0,25.5,21.0,16.625,18.5
977,16.75,14.125,17.5,21.625,20.75,18.0,25.0,20.25,16.875,18.75
978,15.8125,15.3125,17.0,21.75,19.125,17.75,24.0,20.0,16.75,18.125
979,16.0,13.0,17.5,21.25,20.25,17.75,25.375,21.625,17.0,18.125
980,15.9375,16.25,17.5,20.125,20.875,18.25,24.625,20.5,17.0,18.0
981,17.5,15.3125,17.5,21.125,20.0,18.875,24.0,20.5,18.25,18.0
982,17.25,15.9375,17.5,21.0,19.75,18.75,24.5,21.25,18.5,17.75
983,16.75,14.875,16.75,21.375,20.75,18.625,24.25,20.5,17.625,18.0
984,16.875,16.375,17.125,22.25,21.375,19.5,24.75,20.75,17.75,18.0
985,16.75,15.4375,17.75,20.0,19.75,18.375,24.25,21.375,16.75,18.5
986,16.625,15.75,16.75,20.25,20.25,19.5,24.25,21.5,17.75,18.375
987,16.5,14.125,16.25,19.5,18.5,18.0,24.25,19.875,16.625,18.875
988,16.5,15.8125,15.5625,21.625,20.25,19.0,24.75,21.5,16.625,19.75
989,15.875,13.375,16.25,19.75,19.0,17.875,24.625,22.0,17.0,18.875
990,16.75,14.8125,17.5,20.875,21.0,18.875,25.375,21.25,17.375,19.75
991,16.75,13.125,16.5,21.25,19.625,18.0,24.25,20.5,16.75,18.875
992,17.0,14.25,17.0,22.75,18.0,17.75,25.75,20.75,16.5,18.375
993,16.75,13.0625,17.875,21.0,20.0,17.5,24.75,21.25,16.75,18.25
994,15.625,13.875,16.375,20.75,19.0,19.0,24.625,20.75,18.0,18.0
995,15.875,12.875,16.75,20.25,19.0,18.0,24.0,20.75,16.625,18.25
996,16.625,15.0,18.875,21.25,20.0,18.25,26.0,21.25,16.25,19.625
997,16.375,13.875,16.875,20.5,20.25,17.875,24.625,21.125,17.25,18.75
998,15.375,15.625,17.0,21.25,20.375,18.5,23.75,20.5,18.25,18.0
999,16.125,13.0,15.9375,22.125,19.5,18.125,23.625,19.5,15.75,20.75
