,dog,cat,elephant,dolphin,penguin,giraffe,tiger,horse,butterfly,bird
0,-26.5,-27.875,-22.5,-24.875,-24.875,-25.5,-25.25,-27.125,-30.5,-27.75
1,-26.5,-27.875,-22.5,-24.875,-24.875,-25.5,-25.25,-27.125,-30.5,-27.75
2,-26.5,-27.875,-22.5,-24.875,-24.875,-25.5,-25.25,-27.125,-30.5,-27.75
3,-26.5,-27.875,-22.5,-24.875,-24.875,-25.5,-25.25,-27.125,-30.5,-27.75
4,-26.5,-27.875,-22.5,-24.875,-24.875,-25.5,-25.25,-27.125,-30.5,-27.75
5,-26.5,-27.875,-22.5,-24.875,-24.875,-25.5,-25.25,-27.125,-30.5,-27.75
6,-26.5,-27.875,-22.5,-24.875,-24.875,-25.5,-25.25,-27.125,-30.5,-27.75
7,-26.5,-27.875,-22.5,-24.875,-24.875,-25.5,-25.25,-27.125,-30.5,-27.75
8,-26.5,-27.875,-22.5,-24.875,-24.875,-25.5,-25.25,-27.125,-30.5,-27.75
9,-26.5,-27.875,-22.5,-24.875,-24.875,-25.5,-25.25,-27.125,-30.5,-27.75
00,-26.5,-27.875,-22.5,-24.875,-24.875,-25.5,-25.25,-27.125,-30.5,-27.75
01,-26.5,-27.875,-22.5,-24.875,-24.875,-25.5,-25.25,-27.125,-30.5,-27.75
02,-26.5,-27.875,-22.5,-24.875,-24.875,-25.5,-25.25,-27.125,-30.5,-27.75
03,-26.5,-27.875,-22.5,-24.875,-24.875,-25.5,-25.25,-27.125,-30.5,-27.75
04,-26.5,-27.875,-22.5,-24.875,-24.875,-25.5,-25.25,-27.125,-30.5,-27.75
05,-26.5,-27.875,-22.5,-24.875,-24.875,-25.5,-25.25,-27.125,-30.5,-27.75
06,-26.5,-27.875,-22.5,-24.875,-24.875,-25.5,-25.25,-27.125,-30.5,-27.75
07,-26.5,-27.875,-22.5,-24.875,-24.875,-25.5,-25.25,-27.125,-30.5,-27.75
08,-26.5,-27.875,-22.5,-24.875,-24.875,-25.5,-25.25,-27.125,-30.5,-27.75
09,-26.5,-27.875,-22.5,-24.875,-24.875,-25.5,-25.25,-27.125,-30.5,-27.75
10,-26.5,-27.875,-22.5,-24.875,-24.875,-25.5,-25.25,-27.125,-30.5,-27.75
11,-26.5,-27.875,-22.5,-24.875,-24.875,-25.5,-25.25,-27.125,-30.5,-27.75
12,-26.5,-27.875,-22.5,-24.875,-24.875,-25.5,-25.25,-27.125,-30.5,-27.75
13,-26.5,-27.875,-22.5,-24.875,-24.875,-25.5,-25.25,-27.125,-30.5,-27.75
14,-26.5,-27.875,-22.5,-24.875,-24.875,-25.5,-25.25,-27.125,-30.5,-27.75
15,-26.5,-27.875,-22.5,-24.875,-24.875,-25.5,-25.25,-27.125,-30.5,-27.75
16,-26.5,-27.875,-22.5,-24.875,-24.875,-25.5,-25.25,-27.125,-30.5,-27.75
17,-26.5,-27.875,-22.5,-24.875,-24.875,-25.5,-25.25,-27.125,-30.5,-27.75
18,-26.5,-27.875,-22.5,-24.875,-24.875,-25.5,-25.25,-27.125,-30.5,-27.75
19,-26.5,-27.875,-22.5,-24.875,-24.875,-25.5,-25.25,-27.125,-30.5,-27.75
20,-26.5,-27.875,-22.5,-24.875,-24.875,-25.5,-25.25,-27.125,-30.5,-27.75
21,-26.5,-27.875,-22.5,-24.875,-24.875,-25.5,-25.25,-27.125,-30.5,-27.75
22,-26.5,-27.875,-22.5,-24.875,-24.875,-25.5,-25.25,-27.125,-30.5,-27.75
23,-26.5,-27.875,-22.5,-24.875,-24.875,-25.5,-25.25,-27.125,-30.5,-27.75
24,-26.5,-27.875,-22.5,-24.875,-24.875,-25.5,-25.25,-27.125,-30.5,-27.75
25,-26.5,-27.875,-22.5,-24.875,-24.875,-25.5,-25.25,-27.125,-30.5,-27.75
26,-26.5,-27.875,-22.5,-24.875,-24.875,-25.5,-25.25,-27.125,-30.5,-27.75
27,-26.5,-27.875,-22.5,-24.875,-24.875,-25.5,-25.25,-27.125,-30.5,-27.75
28,-26.5,-27.875,-22.5,-24.875,-24.875,-25.5,-25.25,-27.125,-30.5,-27.75
29,-26.5,-27.875,-22.5,-24.875,-24.875,-25.5,-25.25,-27.125,-30.5,-27.75
30,-26.5,-27.875,-22.5,-24.875,-24.875,-25.5,-25.25,-27.125,-30.5,-27.75
31,-26.5,-27.875,-22.5,-24.875,-24.875,-25.5,-25.25,-27.125,-30.5,-27.75
32,-26.5,-27.875,-22.5,-24.875,-24.875,-25.5,-25.25,-27.125,-30.5,-27.75
33,-26.5,-27.875,-22.5,-24.875,-24.875,-25.5,-25.25,-27.125,-30.5,-27.75
34,-26.5,-27.875,-22.5,-24.875,-24.875,-25.5,-25.25,-27.125,-30.5,-27.75
35,-26.5,-27.875,-22.5,-24.875,-24.875,-25.5,-25.25,-27.125,-30.5,-27.75
36,-26.5,-27.875,-22.5,-24.875,-24.875,-25.5,-25.25,-27.125,-30.5,-27.75
37,-26.5,-27.875,-22.5,-24.875,-24.875,-25.5,-25.25,-27.125,-30.5,-27.75
38,-26.5,-27.875,-22.5,-24.875,-24.875,-25.5,-25.25,-27.125,-30.5,-27.75
39,-26.5,-27.875,-22.5,-24.875,-24.875,-25.5,-25.25,-27.125,-30.5,-27.75
40,-26.5,-27.875,-22.5,-24.875,-24.875,-25.5,-25.25,-27.125,-30.5,-27.75
41,-26.5,-27.875,-22.5,-24.875,-24.875,-25.5,-25.25,-27.125,-30.5,-27.75
42,-26.5,-27.875,-22.5,-24.875,-24.875,-25.5,-25.25,-27.125,-30.5,-27.75
43,-26.5,-27.875,-22.5,-24.875,-24.875,-25.5,-25.25,-27.125,-30.5,-27.75
44,-26.5,-27.875,-22.5,-24.875,-24.875,-25.5,-25.25,-27.125,-30.5,-27.75
45,-26.5,-27.875,-22.5,-24.875,-24.875,-25.5,-25.25,-27.125,-30.5,-27.75
46,-26.5,-27.875,-22.5,-24.875,-24.875,-25.5,-25.25,-27.125,-30.5,-27.75
47,-26.5,-27.875,-22.5,-24.875,-24.875,-25.5,-25.25,-27.125,-30.5,-27.75
48,-26.5,-27.875,-22.5,-24.875,-24.875,-25.5,-25.25,-27.125,-30.5,-27.75
49,-26.5,-27.875,-22.5,-24.875,-24.875,-25.5,-25.25,-27.125,-30.5,-27.75
50,-26.5,-27.875,-22.5,-24.875,-24.875,-25.5,-25.25,-27.125,-30.5,-27.75
51,-26.5,-27.875,-22.5,-24.875,-24.875,-25.5,-25.25,-27.125,-30.5,-27.75
52,-26.5,-27.875,-22.5,-24.875,-24.875,-25.5,-25.25,-27.125,-30.5,-27.75
53,-26.5,-27.875,-22.5,-24.875,-24.875,-25.5,-25.25,-27.125,-30.5,-27.75
54,-26.5,-27.875,-22.5,-24.875,-24.875,-25.5,-25.25,-27.125,-30.5,-27.75
55,-26.5,-27.875,-22.5,-24.875,-24.875,-25.5,-25.25,-27.125,-30.5,-27.75
56,-26.5,-27.875,-22.5,-24.875,-24.875,-25.5,-25.25,-27.125,-30.5,-27.75
57,-26.5,-27.875,-22.5,-24.875,-24.875,-25.5,-25.25,-27.125,-30.5,-27.75
58,-26.5,-27.875,-22.5,-24.875,-24.875,-25.5,-25.25,-27.125,-30.5,-27.75
59,-26.5,-27.875,-22.5,-24.875,-24.875,-25.5,-25.25,-27.125,-30.5,-27.75
60,-26.5,-27.875,-22.5,-24.875,-24.875,-25.5,-25.25,-27.125,-30.5,-27.75
61,-26.5,-27.875,-22.5,-24.875,-24.875,-25.5,-25.25,-27.125,-30.5,-27.75
62,-26.5,-27.875,-22.5,-24.875,-24.875,-25.5,-25.25,-27.125,-30.5,-27.75
63,-26.5,-27.875,-22.5,-24.875,-24.875,-25.5,-25.25,-27.125,-30.5,-27.75
64,-26.5,-27.875,-22.5,-24.875,-24.875,-25.5,-25.25,-27.125,-30.5,-27.75
65,-26.5,-27.875,-22.5,-24.875,-24.875,-25.5,-25.25,-27.125,-30.5,-27.75
66,-26.5,-27.875,-22.5,-24.875,-24.875,-25.5,-25.25,-27.125,-30.5,-27.75
67,-26.5,-27.875,-22.5,-24.875,-24.875,-25.5,-25.25,-27.125,-30.5,-27.75
68,-26.5,-27.875,-22.5,-24.875,-24.875,-25.5,-25.25,-27.125,-30.5,-27.75
69,-26.5,-27.875,-22.5,-24.875,-24.875,-25.5,-25.25,-27.125,-30.5,-27.75
70,-26.5,-27.875,-22.5,-24.875,-24.875,-25.5,-25.25,-27.125,-30.5,-27.75
71,-26.5,-27.875,-22.5,-24.875,-24.875,-25.5,-25.25,-27.125,-30.5,-27.75
72,-26.5,-27.875,-22.5,-24.875,-24.875,-25.5,-25.25,-27.125,-30.5,-27.75
73,-26.5,-27.875,-22.5,-24.875,-24.875,-25.5,-25.25,-27.125,-30.5,-27.75
74,-26.5,-27.875,-22.5,-24.875,-24.875,-25.5,-25.25,-27.125,-30.5,-27.75
75,-26.5,-27.875,-22.5,-24.875,-24.875,-25.5,-25.25,-27.125,-30.5,-27.75
76,-26.5,-27.875,-22.5,-24.875,-24.875,-25.5,-25.25,-27.125,-30.5,-27.75
77,-26.5,-27.875,-22.5,-24.875,-24.875,-25.5,-25.25,-27.125,-30.5,-27.75
78,-26.5,-27.875,-22.5,-24.875,-24.875,-25.5,-25.25,-27.125,-30.5,-27.75
79,-26.5,-27.875,-22.5,-24.875,-24.875,-25.5,-25.25,-27.125,-30.5,-27.75
80,-26.5,-27.875,-22.5,-24.875,-24.875,-25.5,-25.25,-27.125,-30.5,-27.75
81,-26.5,-27.875,-22.5,-24.875,-24.875,-25.5,-25.25,-27.125,-30.5,-27.75
82,-26.5,-27.875,-22.5,-24.875,-24.875,-25.5,-25.25,-27.125,-30.5,-27.75
83,-26.5,-27.875,-22.5,-24.875,-24.875,-25.5,-25.25,-27.125,-30.5,-27.75
84,-26.5,-27.875,-22.5,-24.875,-24.875,-25.5,-25.25,-27.125,-30.5,-27.75
85,-26.5,-27.875,-22.5,-24.875,-24.875,-25.5,-25.25,-27.125,-30.5,-27.75
86,-26.5,-27.875,-22.5,-24.875,-24.875,-25.5,-25.25,-27.125,-30.5,-27.75
87,-26.5,-27.875,-22.5,-24.875,-24.875,-25.5,-25.25,-27.125,-30.5,-27.75
88,-26.5,-27.875,-22.5,-24.875,-24.875,-25.5,-25.25,-27.125,-30.5,-27.75
89,-26.5,-27.875,-22.5,-24.875,-24.875,-25.5,-25.25,-27.125,-30.5,-27.75
90,-26.5,-27.875,-22.5,-24.875,-24.875,-25.5,-25.25,-27.125,-30.5,-27.75
91,-26.5,-27.875,-22.5,-24.875,-24.875,-25.5,-25.25,-27.125,-30.5,-27.75
92,-26.5,-27.875,-22.5,-24.875,-24.875,-25.5,-25.25,-27.125,-30.5,-27.75
93,-26.5,-27.875,-22.5,-24.875,-24.875,-25.5,-25.25,-27.125,-30.5,-27.75
94,-26.5,-27.875,-22.5,-24.875,-24.875,-25.5,-25.25,-27.125,-30.5,-27.75
95,-26.5,-27.875,-22.5,-24.875,-24.875,-25.5,-25.25,-27.125,-30.5,-27.75
96,-26.5,-27.875,-22.5,-24.875,-24.875,-25.5,-25.25,-27.125,-30.5,-27.75
97,-26.5,-27.875,-22.5,-24.875,-24.875,-25.5,-25.25,-27.125,-30.5,-27.75
98,-26.5,-27.875,-22.5,-24.875,-24.875,-25.5,-25.25,-27.125,-30.5,-27.75
99,-26.5,-27.875,-22.5,-24.875,-24.875,-25.5,-25.25,-27.125,-30.5,-27.75
000,-26.5,-27.875,-22.5,-24.875,-24.875,-25.5,-25.25,-27.125,-30.5,-27.75
001,-26.5,-27.875,-22.5,-24.875,-24.875,-25.5,-25.25,-27.125,-30.5,-27.75
002,-26.5,-27.875,-22.5,-24.875,-24.875,-25.5,-25.25,-27.125,-30.5,-27.75
003,-26.5,-27.875,-22.5,-24.875,-24.875,-25.5,-25.25,-27.125,-30.5,-27.75
004,-26.5,-27.875,-22.5,-24.875,-24.875,-25.5,-25.25,-27.125,-30.5,-27.75
005,-26.5,-27.875,-22.5,-24.875,-24.875,-25.5,-25.25,-27.125,-30.5,-27.75
006,-26.5,-27.875,-22.5,-24.875,-24.875,-25.5,-25.25,-27.125,-30.5,-27.75
007,-26.5,-27.875,-22.5,-24.875,-24.875,-25.5,-25.25,-27.125,-30.5,-27.75
008,-26.5,-27.875,-22.5,-24.875,-24.875,-25.5,-25.25,-27.125,-30.5,-27.75
009,-26.5,-27.875,-22.5,-24.875,-24.875,-25.5,-25.25,-27.125,-30.5,-27.75
010,-26.5,-27.875,-22.5,-24.875,-24.875,-25.5,-25.25,-27.125,-30.5,-27.75
011,-26.5,-27.875,-22.5,-24.875,-24.875,-25.5,-25.25,-27.125,-30.5,-27.75
012,-26.5,-27.875,-22.5,-24.875,-24.875,-25.5,-25.25,-27.125,-30.5,-27.75
013,-26.5,-27.875,-22.5,-24.875,-24.875,-25.5,-25.25,-27.125,-30.5,-27.75
014,-26.5,-27.875,-22.5,-24.875,-24.875,-25.5,-25.25,-27.125,-30.5,-27.75
015,-26.5,-27.875,-22.5,-24.875,-24.875,-25.5,-25.25,-27.125,-30.5,-27.75
016,-26.5,-27.875,-22.5,-24.875,-24.875,-25.5,-25.25,-27.125,-30.5,-27.75
017,-26.5,-27.875,-22.5,-24.875,-24.875,-25.5,-25.25,-27.125,-30.5,-27.75
018,-26.5,-27.875,-22.5,-24.875,-24.875,-25.5,-25.25,-27.125,-30.5,-27.75
019,-26.5,-27.875,-22.5,-24.875,-24.875,-25.5,-25.25,-27.125,-30.5,-27.75
020,-26.5,-27.875,-22.5,-24.875,-24.875,-25.5,-25.25,-27.125,-30.5,-27.75
021,-26.5,-27.875,-22.5,-24.875,-24.875,-25.5,-25.25,-27.125,-30.5,-27.75
022,-26.5,-27.875,-22.5,-24.875,-24.875,-25.5,-25.25,-27.125,-30.5,-27.75
023,-26.5,-27.875,-22.5,-24.875,-24.875,-25.5,-25.25,-27.125,-30.5,-27.75
024,-26.5,-27.875,-22.5,-24.875,-24.875,-25.5,-25.25,-27.125,-30.5,-27.75
025,-26.5,-27.875,-22.5,-24.875,-24.875,-25.5,-25.25,-27.125,-30.5,-27.75
026,-26.5,-27.875,-22.5,-24.875,-24.875,-25.5,-25.25,-27.125,-30.5,-27.75
027,-26.5,-27.875,-22.5,-24.875,-24.875,-25.5,-25.25,-27.125,-30.5,-27.75
028,-26.5,-27.875,-22.5,-24.875,-24.875,-25.5,-25.25,-27.125,-30.5,-27.75
029,-26.5,-27.875,-22.5,-24.875,-24.875,-25.5,-25.25,-27.125,-30.5,-27.75
030,-26.5,-27.875,-22.5,-24.875,-24.875,-25.5,-25.25,-27.125,-30.5,-27.75
031,-26.5,-27.875,-22.5,-24.875,-24.875,-25.5,-25.25,-27.125,-30.5,-27.75
032,-26.5,-27.875,-22.5,-24.875,-24.875,-25.5,-25.25,-27.125,-30.5,-27.75
033,-26.5,-27.875,-22.5,-24.875,-24.875,-25.5,-25.25,-27.125,-30.5,-27.75
034,-26.5,-27.875,-22.5,-24.875,-24.875,-25.5,-25.25,-27.125,-30.5,-27.75
035,-26.5,-27.875,-22.5,-24.875,-24.875,-25.5,-25.25,-27.125,-30.5,-27.75
036,-26.5,-27.875,-22.5,-24.875,-24.875,-25.5,-25.25,-27.125,-30.5,-27.75
037,-26.5,-27.875,-22.5,-24.875,-24.875,-25.5,-25.25,-27.125,-30.5,-27.75
038,-26.5,-27.875,-22.5,-24.875,-24.875,-25.5,-25.25,-27.125,-30.5,-27.75
039,-26.5,-27.875,-22.5,-24.875,-24.875,-25.5,-25.25,-27.125,-30.5,-27.75
040,-26.5,-27.875,-22.5,-24.875,-24.875,-25.5,-25.25,-27.125,-30.5,-27.75
041,-26.5,-27.875,-22.5,-24.875,-24.875,-25.5,-25.25,-27.125,-30.5,-27.75
042,-26.5,-27.875,-22.5,-24.875,-24.875,-25.5,-25.25,-27.125,-30.5,-27.75
043,-26.5,-27.875,-22.5,-24.875,-24.875,-25.5,-25.25,-27.125,-30.5,-27.75
044,-26.5,-27.875,-22.5,-24.875,-24.875,-25.5,-25.25,-27.125,-30.5,-27.75
045,-26.5,-27.875,-22.5,-24.875,-24.875,-25.5,-25.25,-27.125,-30.5,-27.75
046,-26.5,-27.875,-22.5,-24.875,-24.875,-25.5,-25.25,-27.125,-30.5,-27.75
047,-26.5,-27.875,-22.5,-24.875,-24.875,-25.5,-25.25,-27.125,-30.5,-27.75
048,-26.5,-27.875,-22.5,-24.875,-24.875,-25.5,-25.25,-27.125,-30.5,-27.75
049,-26.5,-27.875,-22.5,-24.875,-24.875,-25.5,-25.25,-27.125,-30.5,-27.75
050,-26.5,-27.875,-22.5,-24.875,-24.875,-25.5,-25.25,-27.125,-30.5,-27.75
051,-26.5,-27.875,-22.5,-24.875,-24.875,-25.5,-25.25,-27.125,-30.5,-27.75
052,-26.5,-27.875,-22.5,-24.875,-24.875,-25.5,-25.25,-27.125,-30.5,-27.75
053,-26.5,-27.875,-22.5,-24.875,-24.875,-25.5,-25.25,-27.125,-30.5,-27.75
054,-26.5,-27.875,-22.5,-24.875,-24.875,-25.5,-25.25,-27.125,-30.5,-27.75
055,-26.5,-27.875,-22.5,-24.875,-24.875,-25.5,-25.25,-27.125,-30.5,-27.75
056,-26.5,-27.875,-22.5,-24.875,-24.875,-25.5,-25.25,-27.125,-30.5,-27.75
057,-26.5,-27.875,-22.5,-24.875,-24.875,-25.5,-25.25,-27.125,-30.5,-27.75
058,-26.5,-27.875,-22.5,-24.875,-24.875,-25.5,-25.25,-27.125,-30.5,-27.75
059,-26.5,-27.875,-22.5,-24.875,-24.875,-25.5,-25.25,-27.125,-30.5,-27.75
060,-26.5,-27.875,-22.5,-24.875,-24.875,-25.5,-25.25,-27.125,-30.5,-27.75
061,-26.5,-27.875,-22.5,-24.875,-24.875,-25.5,-25.25,-27.125,-30.5,-27.75
062,-26.5,-27.875,-22.5,-24.875,-24.875,-25.5,-25.25,-27.125,-30.5,-27.75
063,-26.5,-27.875,-22.5,-24.875,-24.875,-25.5,-25.25,-27.125,-30.5,-27.75
064,-26.5,-27.875,-22.5,-24.875,-24.875,-25.5,-25.25,-27.125,-30.5,-27.75
065,-26.5,-27.875,-22.5,-24.875,-24.875,-25.5,-25.25,-27.125,-30.5,-27.75
066,-26.5,-27.875,-22.5,-24.875,-24.875,-25.5,-25.25,-27.125,-30.5,-27.75
067,-26.5,-27.875,-22.5,-24.875,-24.875,-25.5,-25.25,-27.125,-30.5,-27.75
068,-26.5,-27.875,-22.5,-24.875,-24.875,-25.5,-25.25,-27.125,-30.5,-27.75
069,-26.5,-27.875,-22.5,-24.875,-24.875,-25.5,-25.25,-27.125,-30.5,-27.75
070,-26.5,-27.875,-22.5,-24.875,-24.875,-25.5,-25.25,-27.125,-30.5,-27.75
071,-26.5,-27.875,-22.5,-24.875,-24.875,-25.5,-25.25,-27.125,-30.5,-27.75
072,-26.5,-27.875,-22.5,-24.875,-24.875,-25.5,-25.25,-27.125,-30.5,-27.75
073,-26.5,-27.875,-22.5,-24.875,-24.875,-25.5,-25.25,-27.125,-30.5,-27.75
074,-26.5,-27.875,-22.5,-24.875,-24.875,-25.5,-25.25,-27.125,-30.5,-27.75
075,-26.5,-27.875,-22.5,-24.875,-24.875,-25.5,-25.25,-27.125,-30.5,-27.75
076,-26.5,-27.875,-22.5,-24.875,-24.875,-25.5,-25.25,-27.125,-30.5,-27.75
077,-26.5,-27.875,-22.5,-24.875,-24.875,-25.5,-25.25,-27.125,-30.5,-27.75
078,-26.5,-27.875,-22.5,-24.875,-24.875,-25.5,-25.25,-27.125,-30.5,-27.75
079,-26.5,-27.875,-22.5,-24.875,-24.875,-25.5,-25.25,-27.125,-30.5,-27.75
080,-26.5,-27.875,-22.5,-24.875,-24.875,-25.5,-25.25,-27.125,-30.5,-27.75
081,-26.5,-27.875,-22.5,-24.875,-24.875,-25.5,-25.25,-27.125,-30.5,-27.75
082,-26.5,-27.875,-22.5,-24.875,-24.875,-25.5,-25.25,-27.125,-30.5,-27.75
083,-26.5,-27.875,-22.5,-24.875,-24.875,-25.5,-25.25,-27.125,-30.5,-27.75
084,-26.5,-27.875,-22.5,-24.875,-24.875,-25.5,-25.25,-27.125,-30.5,-27.75
085,-26.5,-27.875,-22.5,-24.875,-24.875,-25.5,-25.25,-27.125,-30.5,-27.75
086,-26.5,-27.875,-22.5,-24.875,-24.875,-25.5,-25.25,-27.125,-30.5,-27.75
087,-26.5,-27.875,-22.5,-24.875,-24.875,-25.5,-25.25,-27.125,-30.5,-27.75
088,-26.5,-27.875,-22.5,-24.875,-24.875,-25.5,-25.25,-27.125,-30.5,-27.75
089,-26.5,-27.875,-22.5,-24.875,-24.875,-25.5,-25.25,-27.125,-30.5,-27.75
090,-26.5,-27.875,-22.5,-24.875,-24.875,-25.5,-25.25,-27.125,-30.5,-27.75
091,-26.5,-27.875,-22.5,-24.875,-24.875,-25.5,-25.25,-27.125,-30.5,-27.75
092,-26.5,-27.875,-22.5,-24.875,-24.875,-25.5,-25.25,-27.125,-30.5,-27.75
093,-26.5,-27.875,-22.5,-24.875,-24.875,-25.5,-25.25,-27.125,-30.5,-27.75
094,-26.5,-27.875,-22.5,-24.875,-24.875,-25.5,-25.25,-27.125,-30.5,-27.75
095,-26.5,-27.875,-22.5,-24.875,-24.875,-25.5,-25.25,-27.125,-30.5,-27.75
096,-26.5,-27.875,-22.5,-24.875,-24.875,-25.5,-25.25,-27.125,-30.5,-27.75
097,-26.5,-27.875,-22.5,-24.875,-24.875,-25.5,-25.25,-27.125,-30.5,-27.75
098,-26.5,-27.875,-22.5,-24.875,-24.875,-25.5,-25.25,-27.125,-30.5,-27.75
099,-26.5,-27.875,-22.5,-24.875,-24.875,-25.5,-25.25,-27.125,-30.5,-27.75
100,-26.5,-27.875,-22.5,-24.875,-24.875,-25.5,-25.25,-27.125,-30.5,-27.75
101,-26.5,-27.875,-22.5,-24.875,-24.875,-25.5,-25.25,-27.125,-30.5,-27.75
102,-26.5,-27.875,-22.5,-24.875,-24.875,-25.5,-25.25,-27.125,-30.5,-27.75
103,-26.5,-27.875,-22.5,-24.875,-24.875,-25.5,-25.25,-27.125,-30.5,-27.75
104,-26.5,-27.875,-22.5,-24.875,-24.875,-25.5,-25.25,-27.125,-30.5,-27.75
105,-26.5,-27.875,-22.5,-24.875,-24.875,-25.5,-25.25,-27.125,-30.5,-27.75
106,-26.5,-27.875,-22.5,-24.875,-24.875,-25.5,-25.25,-27.125,-30.5,-27.75
107,-26.5,-27.875,-22.5,-24.875,-24.875,-25.5,-25.25,-27.125,-30.5,-27.75
108,-26.5,-27.875,-22.5,-24.875,-24.875,-25.5,-25.25,-27.125,-30.5,-27.75
109,-26.5,-27.875,-22.5,-24.875,-24.875,-25.5,-25.25,-27.125,-30.5,-27.75
110,-26.5,-27.875,-22.5,-24.875,-24.875,-25.5,-25.25,-27.125,-30.5,-27.75
111,-26.5,-27.875,-22.5,-24.875,-24.875,-25.5,-25.25,-27.125,-30.5,-27.75
112,-26.5,-27.875,-22.5,-24.875,-24.875,-25.5,-25.25,-27.125,-30.5,-27.75
113,-26.5,-27.875,-22.5,-24.875,-24.875,-25.5,-25.25,-27.125,-30.5,-27.75
114,-26.5,-27.875,-22.5,-24.875,-24.875,-25.5,-25.25,-27.125,-30.5,-27.75
115,-26.5,-27.875,-22.5,-24.875,-24.875,-25.5,-25.25,-27.125,-30.5,-27.75
116,-26.5,-27.875,-22.5,-24.875,-24.875,-25.5,-25.25,-27.125,-30.5,-27.75
117,-26.5,-27.875,-22.5,-24.875,-24.875,-25.5,-25.25,-27.125,-30.5,-27.75
118,-26.5,-27.875,-22.5,-24.875,-24.875,-25.5,-25.25,-27.125,-30.5,-27.75
119,-26.5,-27.875,-22.5,-24.875,-24.875,-25.5,-25.25,-27.125,-30.5,-27.75
120,-26.5,-27.875,-22.5,-24.875,-24.875,-25.5,-25.25,-27.125,-30.5,-27.75
121,-26.5,-27.875,-22.5,-24.875,-24.875,-25.5,-25.25,-27.125,-30.5,-27.75
122,-26.5,-27.875,-22.5,-24.875,-24.875,-25.5,-25.25,-27.125,-30.5,-27.75
123,-26.5,-27.875,-22.5,-24.875,-24.875,-25.5,-25.25,-27.125,-30.5,-27.75
124,-26.5,-27.875,-22.5,-24.875,-24.875,-25.5,-25.25,-27.125,-30.5,-27.75
125,-26.5,-27.875,-22.5,-24.875,-24.875,-25.5,-25.25,-27.125,-30.5,-27.75
126,-26.5,-27.875,-22.5,-24.875,-24.875,-25.5,-25.25,-27.125,-30.5,-27.75
127,-26.5,-27.875,-22.5,-24.875,-24.875,-25.5,-25.25,-27.125,-30.5,-27.75
128,-26.5,-27.875,-22.5,-24.875,-24.875,-25.5,-25.25,-27.125,-30.5,-27.75
129,-26.5,-27.875,-22.5,-24.875,-24.875,-25.5,-25.25,-27.125,-30.5,-27.75
130,-26.5,-27.875,-22.5,-24.875,-24.875,-25.5,-25.25,-27.125,-30.5,-27.75
131,-26.5,-27.875,-22.5,-24.875,-24.875,-25.5,-25.25,-27.125,-30.5,-27.75
132,-26.5,-27.875,-22.5,-24.875,-24.875,-25.5,-25.25,-27.125,-30.5,-27.75
133,-26.5,-27.875,-22.5,-24.875,-24.875,-25.5,-25.25,-27.125,-30.5,-27.75
134,-26.5,-27.875,-22.5,-24.875,-24.875,-25.5,-25.25,-27.125,-30.5,-27.75
135,-26.5,-27.875,-22.5,-24.875,-24.875,-25.5,-25.25,-27.125,-30.5,-27.75
136,-26.5,-27.875,-22.5,-24.875,-24.875,-25.5,-25.25,-27.125,-30.5,-27.75
137,-26.5,-27.875,-22.5,-24.875,-24.875,-25.5,-25.25,-27.125,-30.5,-27.75
138,-26.5,-27.875,-22.5,-24.875,-24.875,-25.5,-25.25,-27.125,-30.5,-27.75
139,-26.5,-27.875,-22.5,-24.875,-24.875,-25.5,-25.25,-27.125,-30.5,-27.75
140,-26.5,-27.875,-22.5,-24.875,-24.875,-25.5,-25.25,-27.125,-30.5,-27.75
141,-26.5,-27.875,-22.5,-24.875,-24.875,-25.5,-25.25,-27.125,-30.5,-27.75
142,-26.5,-27.875,-22.5,-24.875,-24.875,-25.5,-25.25,-27.125,-30.5,-27.75
143,-26.5,-27.875,-22.5,-24.875,-24.875,-25.5,-25.25,-27.125,-30.5,-27.75
144,-26.5,-27.875,-22.5,-24.875,-24.875,-25.5,-25.25,-27.125,-30.5,-27.75
145,-26.5,-27.875,-22.5,-24.875,-24.875,-25.5,-25.25,-27.125,-30.5,-27.75
146,-26.5,-27.875,-22.5,-24.875,-24.875,-25.5,-25.25,-27.125,-30.5,-27.75
147,-26.5,-27.875,-22.5,-24.875,-24.875,-25.5,-25.25,-27.125,-30.5,-27.75
148,-26.5,-27.875,-22.5,-24.875,-24.875,-25.5,-25.25,-27.125,-30.5,-27.75
149,-26.5,-27.875,-22.5,-24.875,-24.875,-25.5,-25.25,-27.125,-30.5,-27.75
150,-26.5,-27.875,-22.5,-24.875,-24.875,-25.5,-25.25,-27.125,-30.5,-27.75
151,-26.5,-27.875,-22.5,-24.875,-24.875,-25.5,-25.25,-27.125,-30.5,-27.75
152,-26.5,-27.875,-22.5,-24.875,-24.875,-25.5,-25.25,-27.125,-30.5,-27.75
153,-26.5,-27.875,-22.5,-24.875,-24.875,-25.5,-25.25,-27.125,-30.5,-27.75
154,-26.5,-27.875,-22.5,-24.875,-24.875,-25.5,-25.25,-27.125,-30.5,-27.75
155,-26.5,-27.875,-22.5,-24.875,-24.875,-25.5,-25.25,-27.125,-30.5,-27.75
156,-26.5,-27.875,-22.5,-24.875,-24.875,-25.5,-25.25,-27.125,-30.5,-27.75
157,-26.5,-27.875,-22.5,-24.875,-24.875,-25.5,-25.25,-27.125,-30.5,-27.75
158,-26.5,-27.875,-22.5,-24.875,-24.875,-25.5,-25.25,-27.125,-30.5,-27.75
159,-26.5,-27.875,-22.5,-24.875,-24.875,-25.5,-25.25,-27.125,-30.5,-27.75
160,-26.5,-27.875,-22.5,-24.875,-24.875,-25.5,-25.25,-27.125,-30.5,-27.75
161,-26.5,-27.875,-22.5,-24.875,-24.875,-25.5,-25.25,-27.125,-30.5,-27.75
162,-26.5,-27.875,-22.5,-24.875,-24.875,-25.5,-25.25,-27.125,-30.5,-27.75
163,-26.5,-27.875,-22.5,-24.875,-24.875,-25.5,-25.25,-27.125,-30.5,-27.75
164,-26.5,-27.875,-22.5,-24.875,-24.875,-25.5,-25.25,-27.125,-30.5,-27.75
165,-26.5,-27.875,-22.5,-24.875,-24.875,-25.5,-25.25,-27.125,-30.5,-27.75
166,-26.5,-27.875,-22.5,-24.875,-24.875,-25.5,-25.25,-27.125,-30.5,-27.75
167,-26.5,-27.875,-22.5,-24.875,-24.875,-25.5,-25.25,-27.125,-30.5,-27.75
168,-26.5,-27.875,-22.5,-24.875,-24.875,-25.5,-25.25,-27.125,-30.5,-27.75
169,-26.5,-27.875,-22.5,-24.875,-24.875,-25.5,-25.25,-27.125,-30.5,-27.75
170,-26.5,-27.875,-22.5,-24.875,-24.875,-25.5,-25.25,-27.125,-30.5,-27.75
171,-26.5,-27.875,-22.5,-24.875,-24.875,-25.5,-25.25,-27.125,-30.5,-27.75
172,-26.5,-27.875,-22.5,-24.875,-24.875,-25.5,-25.25,-27.125,-30.5,-27.75
173,-26.5,-27.875,-22.5,-24.875,-24.875,-25.5,-25.25,-27.125,-30.5,-27.75
174,-26.5,-27.875,-22.5,-24.875,-24.875,-25.5,-25.25,-27.125,-30.5,-27.75
175,-26.5,-27.875,-22.5,-24.875,-24.875,-25.5,-25.25,-27.125,-30.5,-27.75
176,-26.5,-27.875,-22.5,-24.875,-24.875,-25.5,-25.25,-27.125,-30.5,-27.75
177,-26.5,-27.875,-22.5,-24.875,-24.875,-25.5,-25.25,-27.125,-30.5,-27.75
178,-26.5,-27.875,-22.5,-24.875,-24.875,-25.5,-25.25,-27.125,-30.5,-27.75
179,-26.5,-27.875,-22.5,-24.875,-24.875,-25.5,-25.25,-27.125,-30.5,-27.75
180,-26.5,-27.875,-22.5,-24.875,-24.875,-25.5,-25.25,-27.125,-30.5,-27.75
181,-26.5,-27.875,-22.5,-24.875,-24.875,-25.5,-25.25,-27.125,-30.5,-27.75
182,-26.5,-27.875,-22.5,-24.875,-24.875,-25.5,-25.25,-27.125,-30.5,-27.75
183,-26.5,-27.875,-22.5,-24.875,-24.875,-25.5,-25.25,-27.125,-30.5,-27.75
184,-26.5,-27.875,-22.5,-24.875,-24.875,-25.5,-25.25,-27.125,-30.5,-27.75
185,-26.5,-27.875,-22.5,-24.875,-24.875,-25.5,-25.25,-27.125,-30.5,-27.75
186,-26.5,-27.875,-22.5,-24.875,-24.875,-25.5,-25.25,-27.125,-30.5,-27.75
187,-26.5,-27.875,-22.5,-24.875,-24.875,-25.5,-25.25,-27.125,-30.5,-27.75
188,-26.5,-27.875,-22.5,-24.875,-24.875,-25.5,-25.25,-27.125,-30.5,-27.75
189,-26.5,-27.875,-22.5,-24.875,-24.875,-25.5,-25.25,-27.125,-30.5,-27.75
190,-26.5,-27.875,-22.5,-24.875,-24.875,-25.5,-25.25,-27.125,-30.5,-27.75
191,-26.5,-27.875,-22.5,-24.875,-24.875,-25.5,-25.25,-27.125,-30.5,-27.75
192,-26.5,-27.875,-22.5,-24.875,-24.875,-25.5,-25.25,-27.125,-30.5,-27.75
193,-26.5,-27.875,-22.5,-24.875,-24.875,-25.5,-25.25,-27.125,-30.5,-27.75
194,-26.5,-27.875,-22.5,-24.875,-24.875,-25.5,-25.25,-27.125,-30.5,-27.75
195,-26.5,-27.875,-22.5,-24.875,-24.875,-25.5,-25.25,-27.125,-30.5,-27.75
196,-26.5,-27.875,-22.5,-24.875,-24.875,-25.5,-25.25,-27.125,-30.5,-27.75
197,-26.5,-27.875,-22.5,-24.875,-24.875,-25.5,-25.25,-27.125,-30.5,-27.75
198,-26.5,-27.875,-22.5,-24.875,-24.875,-25.5,-25.25,-27.125,-30.5,-27.75
199,-26.5,-27.875,-22.5,-24.875,-24.875,-25.5,-25.25,-27.125,-30.5,-27.75
200,-26.5,-27.875,-22.5,-24.875,-24.875,-25.5,-25.25,-27.125,-30.5,-27.75
201,-26.5,-27.875,-22.5,-24.875,-24.875,-25.5,-25.25,-27.125,-30.5,-27.75
202,-26.5,-27.875,-22.5,-24.875,-24.875,-25.5,-25.25,-27.125,-30.5,-27.75
203,-26.5,-27.875,-22.5,-24.875,-24.875,-25.5,-25.25,-27.125,-30.5,-27.75
204,-26.5,-27.875,-22.5,-24.875,-24.875,-25.5,-25.25,-27.125,-30.5,-27.75
205,-26.5,-27.875,-22.5,-24.875,-24.875,-25.5,-25.25,-27.125,-30.5,-27.75
206,-26.5,-27.875,-22.5,-24.875,-24.875,-25.5,-25.25,-27.125,-30.5,-27.75
207,-26.5,-27.875,-22.5,-24.875,-24.875,-25.5,-25.25,-27.125,-30.5,-27.75
208,-26.5,-27.875,-22.5,-24.875,-24.875,-25.5,-25.25,-27.125,-30.5,-27.75
209,-26.5,-27.875,-22.5,-24.875,-24.875,-25.5,-25.25,-27.125,-30.5,-27.75
210,-26.5,-27.875,-22.5,-24.875,-24.875,-25.5,-25.25,-27.125,-30.5,-27.75
211,-26.5,-27.875,-22.5,-24.875,-24.875,-25.5,-25.25,-27.125,-30.5,-27.75
212,-26.5,-27.875,-22.5,-24.875,-24.875,-25.5,-25.25,-27.125,-30.5,-27.75
213,-26.5,-27.875,-22.5,-24.875,-24.875,-25.5,-25.25,-27.125,-30.5,-27.75
214,-26.5,-27.875,-22.5,-24.875,-24.875,-25.5,-25.25,-27.125,-30.5,-27.75
215,-26.5,-27.875,-22.5,-24.875,-24.875,-25.5,-25.25,-27.125,-30.5,-27.75
216,-26.5,-27.875,-22.5,-24.875,-24.875,-25.5,-25.25,-27.125,-30.5,-27.75
217,-26.5,-27.875,-22.5,-24.875,-24.875,-25.5,-25.25,-27.125,-30.5,-27.75
218,-26.5,-27.875,-22.5,-24.875,-24.875,-25.5,-25.25,-27.125,-30.5,-27.75
219,-26.5,-27.875,-22.5,-24.875,-24.875,-25.5,-25.25,-27.125,-30.5,-27.75
220,-26.5,-27.875,-22.5,-24.875,-24.875,-25.5,-25.25,-27.125,-30.5,-27.75
221,-26.5,-27.875,-22.5,-24.875,-24.875,-25.5,-25.25,-27.125,-30.5,-27.75
222,-26.5,-27.875,-22.5,-24.875,-24.875,-25.5,-25.25,-27.125,-30.5,-27.75
223,-26.5,-27.875,-22.5,-24.875,-24.875,-25.5,-25.25,-27.125,-30.5,-27.75
224,-26.5,-27.875,-22.5,-24.875,-24.875,-25.5,-25.25,-27.125,-30.5,-27.75
225,-26.5,-27.875,-22.5,-24.875,-24.875,-25.5,-25.25,-27.125,-30.5,-27.75
226,-26.5,-27.875,-22.5,-24.875,-24.875,-25.5,-25.25,-27.125,-30.5,-27.75
227,-26.5,-27.875,-22.5,-24.875,-24.875,-25.5,-25.25,-27.125,-30.5,-27.75
228,-26.5,-27.875,-22.5,-24.875,-24.875,-25.5,-25.25,-27.125,-30.5,-27.75
229,-26.5,-27.875,-22.5,-24.875,-24.875,-25.5,-25.25,-27.125,-30.5,-27.75
230,-26.5,-27.875,-22.5,-24.875,-24.875,-25.5,-25.25,-27.125,-30.5,-27.75
231,-26.5,-27.875,-22.5,-24.875,-24.875,-25.5,-25.25,-27.125,-30.5,-27.75
232,-26.5,-27.875,-22.5,-24.875,-24.875,-25.5,-25.25,-27.125,-30.5,-27.75
233,-26.5,-27.875,-22.5,-24.875,-24.875,-25.5,-25.25,-27.125,-30.5,-27.75
234,-26.5,-27.875,-22.5,-24.875,-24.875,-25.5,-25.25,-27.125,-30.5,-27.75
235,-26.5,-27.875,-22.5,-24.875,-24.875,-25.5,-25.25,-27.125,-30.5,-27.75
236,-26.5,-27.875,-22.5,-24.875,-24.875,-25.5,-25.25,-27.125,-30.5,-27.75
237,-26.5,-27.875,-22.5,-24.875,-24.875,-25.5,-25.25,-27.125,-30.5,-27.75
238,-26.5,-27.875,-22.5,-24.875,-24.875,-25.5,-25.25,-27.125,-30.5,-27.75
239,-26.5,-27.875,-22.5,-24.875,-24.875,-25.5,-25.25,-27.125,-30.5,-27.75
240,-26.5,-27.875,-22.5,-24.875,-24.875,-25.5,-25.25,-27.125,-30.5,-27.75
241,-26.5,-27.875,-22.5,-24.875,-24.875,-25.5,-25.25,-27.125,-30.5,-27.75
242,-26.5,-27.875,-22.5,-24.875,-24.875,-25.5,-25.25,-27.125,-30.5,-27.75
243,-26.5,-27.875,-22.5,-24.875,-24.875,-25.5,-25.25,-27.125,-30.5,-27.75
244,-26.5,-27.875,-22.5,-24.875,-24.875,-25.5,-25.25,-27.125,-30.5,-27.75
245,-26.5,-27.875,-22.5,-24.875,-24.875,-25.5,-25.25,-27.125,-30.5,-27.75
246,-26.5,-27.875,-22.5,-24.875,-24.875,-25.5,-25.25,-27.125,-30.5,-27.75
247,-26.5,-27.875,-22.5,-24.875,-24.875,-25.5,-25.25,-27.125,-30.5,-27.75
248,-26.5,-27.875,-22.5,-24.875,-24.875,-25.5,-25.25,-27.125,-30.5,-27.75
249,-26.5,-27.875,-22.5,-24.875,-24.875,-25.5,-25.25,-27.125,-30.5,-27.75
250,-26.5,-27.875,-22.5,-24.875,-24.875,-25.5,-25.25,-27.125,-30.5,-27.75
251,-26.5,-27.875,-22.5,-24.875,-24.875,-25.5,-25.25,-27.125,-30.5,-27.75
252,-26.5,-27.875,-22.5,-24.875,-24.875,-25.5,-25.25,-27.125,-30.5,-27.75
253,-26.5,-27.875,-22.5,-24.875,-24.875,-25.5,-25.25,-27.125,-30.5,-27.75
254,-26.5,-27.875,-22.5,-24.875,-24.875,-25.5,-25.25,-27.125,-30.5,-27.75
255,-26.5,-27.875,-22.5,-24.875,-24.875,-25.5,-25.25,-27.125,-30.5,-27.75
256,-26.5,-27.875,-22.5,-24.875,-24.875,-25.5,-25.25,-27.125,-30.5,-27.75
257,-26.5,-27.875,-22.5,-24.875,-24.875,-25.5,-25.25,-27.125,-30.5,-27.75
258,-26.5,-27.875,-22.5,-24.875,-24.875,-25.5,-25.25,-27.125,-30.5,-27.75
259,-26.5,-27.875,-22.5,-24.875,-24.875,-25.5,-25.25,-27.125,-30.5,-27.75
260,-26.5,-27.875,-22.5,-24.875,-24.875,-25.5,-25.25,-27.125,-30.5,-27.75
261,-26.5,-27.875,-22.5,-24.875,-24.875,-25.5,-25.25,-27.125,-30.5,-27.75
262,-26.5,-27.875,-22.5,-24.875,-24.875,-25.5,-25.25,-27.125,-30.5,-27.75
263,-26.5,-27.875,-22.5,-24.875,-24.875,-25.5,-25.25,-27.125,-30.5,-27.75
264,-26.5,-27.875,-22.5,-24.875,-24.875,-25.5,-25.25,-27.125,-30.5,-27.75
265,-26.5,-27.875,-22.5,-24.875,-24.875,-25.5,-25.25,-27.125,-30.5,-27.75
266,-26.5,-27.875,-22.5,-24.875,-24.875,-25.5,-25.25,-27.125,-30.5,-27.75
267,-26.5,-27.875,-22.5,-24.875,-24.875,-25.5,-25.25,-27.125,-30.5,-27.75
268,-26.5,-27.875,-22.5,-24.875,-24.875,-25.5,-25.25,-27.125,-30.5,-27.75
269,-26.5,-27.875,-22.5,-24.875,-24.875,-25.5,-25.25,-27.125,-30.5,-27.75
270,-26.5,-27.875,-22.5,-24.875,-24.875,-25.5,-25.25,-27.125,-30.5,-27.75
271,-26.5,-27.875,-22.5,-24.875,-24.875,-25.5,-25.25,-27.125,-30.5,-27.75
272,-26.5,-27.875,-22.5,-24.875,-24.875,-25.5,-25.25,-27.125,-30.5,-27.75
273,-26.5,-27.875,-22.5,-24.875,-24.875,-25.5,-25.25,-27.125,-30.5,-27.75
274,-26.5,-27.875,-22.5,-24.875,-24.875,-25.5,-25.25,-27.125,-30.5,-27.75
275,-26.5,-27.875,-22.5,-24.875,-24.875,-25.5,-25.25,-27.125,-30.5,-27.75
276,-26.5,-27.875,-22.5,-24.875,-24.875,-25.5,-25.25,-27.125,-30.5,-27.75
277,-26.5,-27.875,-22.5,-24.875,-24.875,-25.5,-25.25,-27.125,-30.5,-27.75
278,-26.5,-27.875,-22.5,-24.875,-24.875,-25.5,-25.25,-27.125,-30.5,-27.75
279,-26.5,-27.875,-22.5,-24.875,-24.875,-25.5,-25.25,-27.125,-30.5,-27.75
280,-26.5,-27.875,-22.5,-24.875,-24.875,-25.5,-25.25,-27.125,-30.5,-27.75
281,-26.5,-27.875,-22.5,-24.875,-24.875,-25.5,-25.25,-27.125,-30.5,-27.75
282,-26.5,-27.875,-22.5,-24.875,-24.875,-25.5,-25.25,-27.125,-30.5,-27.75
283,-26.5,-27.875,-22.5,-24.875,-24.875,-25.5,-25.25,-27.125,-30.5,-27.75
284,-26.5,-27.875,-22.5,-24.875,-24.875,-25.5,-25.25,-27.125,-30.5,-27.75
285,-26.5,-27.875,-22.5,-24.875,-24.875,-25.5,-25.25,-27.125,-30.5,-27.75
286,-26.5,-27.875,-22.5,-24.875,-24.875,-25.5,-25.25,-27.125,-30.5,-27.75
287,-26.5,-27.875,-22.5,-24.875,-24.875,-25.5,-25.25,-27.125,-30.5,-27.75
288,-26.5,-27.875,-22.5,-24.875,-24.875,-25.5,-25.25,-27.125,-30.5,-27.75
289,-26.5,-27.875,-22.5,-24.875,-24.875,-25.5,-25.25,-27.125,-30.5,-27.75
290,-26.5,-27.875,-22.5,-24.875,-24.875,-25.5,-25.25,-27.125,-30.5,-27.75
291,-26.5,-27.875,-22.5,-24.875,-24.875,-25.5,-25.25,-27.125,-30.5,-27.75
292,-26.5,-27.875,-22.5,-24.875,-24.875,-25.5,-25.25,-27.125,-30.5,-27.75
293,-26.5,-27.875,-22.5,-24.875,-24.875,-25.5,-25.25,-27.125,-30.5,-27.75
294,-26.5,-27.875,-22.5,-24.875,-24.875,-25.5,-25.25,-27.125,-30.5,-27.75
295,-26.5,-27.875,-22.5,-24.875,-24.875,-25.5,-25.25,-27.125,-30.5,-27.75
296,-26.5,-27.875,-22.5,-24.875,-24.875,-25.5,-25.25,-27.125,-30.5,-27.75
297,-26.5,-27.875,-22.5,-24.875,-24.875,-25.5,-25.25,-27.125,-30.5,-27.75
298,-26.5,-27.875,-22.5,-24.875,-24.875,-25.5,-25.25,-27.125,-30.5,-27.75
299,-26.5,-27.875,-22.5,-24.875,-24.875,-25.5,-25.25,-27.125,-30.5,-27.75
300,-26.5,-27.875,-22.5,-24.875,-24.875,-25.5,-25.25,-27.125,-30.5,-27.75
301,-26.5,-27.875,-22.5,-24.875,-24.875,-25.5,-25.25,-27.125,-30.5,-27.75
302,-26.5,-27.875,-22.5,-24.875,-24.875,-25.5,-25.25,-27.125,-30.5,-27.75
303,-26.5,-27.875,-22.5,-24.875,-24.875,-25.5,-25.25,-27.125,-30.5,-27.75
304,-26.5,-27.875,-22.5,-24.875,-24.875,-25.5,-25.25,-27.125,-30.5,-27.75
305,-26.5,-27.875,-22.5,-24.875,-24.875,-25.5,-25.25,-27.125,-30.5,-27.75
306,-26.5,-27.875,-22.5,-24.875,-24.875,-25.5,-25.25,-27.125,-30.5,-27.75
307,-26.5,-27.875,-22.5,-24.875,-24.875,-25.5,-25.25,-27.125,-30.5,-27.75
308,-26.5,-27.875,-22.5,-24.875,-24.875,-25.5,-25.25,-27.125,-30.5,-27.75
309,-26.5,-27.875,-22.5,-24.875,-24.875,-25.5,-25.25,-27.125,-30.5,-27.75
310,-26.5,-27.875,-22.5,-24.875,-24.875,-25.5,-25.25,-27.125,-30.5,-27.75
311,-26.5,-27.875,-22.5,-24.875,-24.875,-25.5,-25.25,-27.125,-30.5,-27.75
312,-26.5,-27.875,-22.5,-24.875,-24.875,-25.5,-25.25,-27.125,-30.5,-27.75
313,-26.5,-27.875,-22.5,-24.875,-24.875,-25.5,-25.25,-27.125,-30.5,-27.75
314,-26.5,-27.875,-22.5,-24.875,-24.875,-25.5,-25.25,-27.125,-30.5,-27.75
315,-26.5,-27.875,-22.5,-24.875,-24.875,-25.5,-25.25,-27.125,-30.5,-27.75
316,-26.5,-27.875,-22.5,-24.875,-24.875,-25.5,-25.25,-27.125,-30.5,-27.75
317,-26.5,-27.875,-22.5,-24.875,-24.875,-25.5,-25.25,-27.125,-30.5,-27.75
318,-26.5,-27.875,-22.5,-24.875,-24.875,-25.5,-25.25,-27.125,-30.5,-27.75
319,-26.5,-27.875,-22.5,-24.875,-24.875,-25.5,-25.25,-27.125,-30.5,-27.75
320,-26.5,-27.875,-22.5,-24.875,-24.875,-25.5,-25.25,-27.125,-30.5,-27.75
321,-26.5,-27.875,-22.5,-24.875,-24.875,-25.5,-25.25,-27.125,-30.5,-27.75
322,-26.5,-27.875,-22.5,-24.875,-24.875,-25.5,-25.25,-27.125,-30.5,-27.75
323,-26.5,-27.875,-22.5,-24.875,-24.875,-25.5,-25.25,-27.125,-30.5,-27.75
324,-26.5,-27.875,-22.5,-24.875,-24.875,-25.5,-25.25,-27.125,-30.5,-27.75
325,-26.5,-27.875,-22.5,-24.875,-24.875,-25.5,-25.25,-27.125,-30.5,-27.75
326,-26.5,-27.875,-22.5,-24.875,-24.875,-25.5,-25.25,-27.125,-30.5,-27.75
327,-26.5,-27.875,-22.5,-24.875,-24.875,-25.5,-25.25,-27.125,-30.5,-27.75
328,-26.5,-27.875,-22.5,-24.875,-24.875,-25.5,-25.25,-27.125,-30.5,-27.75
329,-26.5,-27.875,-22.5,-24.875,-24.875,-25.5,-25.25,-27.125,-30.5,-27.75
330,-26.5,-27.875,-22.5,-24.875,-24.875,-25.5,-25.25,-27.125,-30.5,-27.75
331,-26.5,-27.875,-22.5,-24.875,-24.875,-25.5,-25.25,-27.125,-30.5,-27.75
332,-26.5,-27.875,-22.5,-24.875,-24.875,-25.5,-25.25,-27.125,-30.5,-27.75
333,-26.5,-27.875,-22.5,-24.875,-24.875,-25.5,-25.25,-27.125,-30.5,-27.75
334,-26.5,-27.875,-22.5,-24.875,-24.875,-25.5,-25.25,-27.125,-30.5,-27.75
335,-26.5,-27.875,-22.5,-24.875,-24.875,-25.5,-25.25,-27.125,-30.5,-27.75
336,-26.5,-27.875,-22.5,-24.875,-24.875,-25.5,-25.25,-27.125,-30.5,-27.75
337,-26.5,-27.875,-22.5,-24.875,-24.875,-25.5,-25.25,-27.125,-30.5,-27.75
338,-26.5,-27.875,-22.5,-24.875,-24.875,-25.5,-25.25,-27.125,-30.5,-27.75
339,-26.5,-27.875,-22.5,-24.875,-24.875,-25.5,-25.25,-27.125,-30.5,-27.75
340,-26.5,-27.875,-22.5,-24.875,-24.875,-25.5,-25.25,-27.125,-30.5,-27.75
341,-26.5,-27.875,-22.5,-24.875,-24.875,-25.5,-25.25,-27.125,-30.5,-27.75
342,-26.5,-27.875,-22.5,-24.875,-24.875,-25.5,-25.25,-27.125,-30.5,-27.75
343,-26.5,-27.875,-22.5,-24.875,-24.875,-25.5,-25.25,-27.125,-30.5,-27.75
344,-26.5,-27.875,-22.5,-24.875,-24.875,-25.5,-25.25,-27.125,-30.5,-27.75
345,-26.5,-27.875,-22.5,-24.875,-24.875,-25.5,-25.25,-27.125,-30.5,-27.75
346,-26.5,-27.875,-22.5,-24.875,-24.875,-25.5,-25.25,-27.125,-30.5,-27.75
347,-26.5,-27.875,-22.5,-24.875,-24.875,-25.5,-25.25,-27.125,-30.5,-27.75
348,-26.5,-27.875,-22.5,-24.875,-24.875,-25.5,-25.25,-27.125,-30.5,-27.75
349,-26.5,-27.875,-22.5,-24.875,-24.875,-25.5,-25.25,-27.125,-30.5,-27.75
350,-26.5,-27.875,-22.5,-24.875,-24.875,-25.5,-25.25,-27.125,-30.5,-27.75
351,-26.5,-27.875,-22.5,-24.875,-24.875,-25.5,-25.25,-27.125,-30.5,-27.75
352,-26.5,-27.875,-22.5,-24.875,-24.875,-25.5,-25.25,-27.125,-30.5,-27.75
353,-26.5,-27.875,-22.5,-24.875,-24.875,-25.5,-25.25,-27.125,-30.5,-27.75
354,-26.5,-27.875,-22.5,-24.875,-24.875,-25.5,-25.25,-27.125,-30.5,-27.75
355,-26.5,-27.875,-22.5,-24.875,-24.875,-25.5,-25.25,-27.125,-30.5,-27.75
356,-26.5,-27.875,-22.5,-24.875,-24.875,-25.5,-25.25,-27.125,-30.5,-27.75
357,-26.5,-27.875,-22.5,-24.875,-24.875,-25.5,-25.25,-27.125,-30.5,-27.75
358,-26.5,-27.875,-22.5,-24.875,-24.875,-25.5,-25.25,-27.125,-30.5,-27.75
359,-26.5,-27.875,-22.5,-24.875,-24.875,-25.5,-25.25,-27.125,-30.5,-27.75
360,-26.5,-27.875,-22.5,-24.875,-24.875,-25.5,-25.25,-27.125,-30.5,-27.75
361,-26.5,-27.875,-22.5,-24.875,-24.875,-25.5,-25.25,-27.125,-30.5,-27.75
362,-26.5,-27.875,-22.5,-24.875,-24.875,-25.5,-25.25,-27.125,-30.5,-27.75
363,-26.5,-27.875,-22.5,-24.875,-24.875,-25.5,-25.25,-27.125,-30.5,-27.75
364,-26.5,-27.875,-22.5,-24.875,-24.875,-25.5,-25.25,-27.125,-30.5,-27.75
365,-26.5,-27.875,-22.5,-24.875,-24.875,-25.5,-25.25,-27.125,-30.5,-27.75
366,-26.5,-27.875,-22.5,-24.875,-24.875,-25.5,-25.25,-27.125,-30.5,-27.75
367,-26.5,-27.875,-22.5,-24.875,-24.875,-25.5,-25.25,-27.125,-30.5,-27.75
368,-26.5,-27.875,-22.5,-24.875,-24.875,-25.5,-25.25,-27.125,-30.5,-27.75
369,-26.5,-27.875,-22.5,-24.875,-24.875,-25.5,-25.25,-27.125,-30.5,-27.75
370,-26.5,-27.875,-22.5,-24.875,-24.875,-25.5,-25.25,-27.125,-30.5,-27.75
371,-26.5,-27.875,-22.5,-24.875,-24.875,-25.5,-25.25,-27.125,-30.5,-27.75
372,-26.5,-27.875,-22.5,-24.875,-24.875,-25.5,-25.25,-27.125,-30.5,-27.75
373,-26.5,-27.875,-22.5,-24.875,-24.875,-25.5,-25.25,-27.125,-30.5,-27.75
374,-26.5,-27.875,-22.5,-24.875,-24.875,-25.5,-25.25,-27.125,-30.5,-27.75
375,-26.5,-27.875,-22.5,-24.875,-24.875,-25.5,-25.25,-27.125,-30.5,-27.75
376,-26.5,-27.875,-22.5,-24.875,-24.875,-25.5,-25.25,-27.125,-30.5,-27.75
377,-26.5,-27.875,-22.5,-24.875,-24.875,-25.5,-25.25,-27.125,-30.5,-27.75
378,-26.5,-27.875,-22.5,-24.875,-24.875,-25.5,-25.25,-27.125,-30.5,-27.75
379,-26.5,-27.875,-22.5,-24.875,-24.875,-25.5,-25.25,-27.125,-30.5,-27.75
380,-26.5,-27.875,-22.5,-24.875,-24.875,-25.5,-25.25,-27.125,-30.5,-27.75
381,-26.5,-27.875,-22.5,-24.875,-24.875,-25.5,-25.25,-27.125,-30.5,-27.75
382,-26.5,-27.875,-22.5,-24.875,-24.875,-25.5,-25.25,-27.125,-30.5,-27.75
383,-26.5,-27.875,-22.5,-24.875,-24.875,-25.5,-25.25,-27.125,-30.5,-27.75
384,-26.5,-27.875,-22.5,-24.875,-24.875,-25.5,-25.25,-27.125,-30.5,-27.75
385,-26.5,-27.875,-22.5,-24.875,-24.875,-25.5,-25.25,-27.125,-30.5,-27.75
386,-26.5,-27.875,-22.5,-24.875,-24.875,-25.5,-25.25,-27.125,-30.5,-27.75
387,-26.5,-27.875,-22.5,-24.875,-24.875,-25.5,-25.25,-27.125,-30.5,-27.75
388,-26.5,-27.875,-22.5,-24.875,-24.875,-25.5,-25.25,-27.125,-30.5,-27.75
389,-26.5,-27.875,-22.5,-24.875,-24.875,-25.5,-25.25,-27.125,-30.5,-27.75
390,-26.5,-27.875,-22.5,-24.875,-24.875,-25.5,-25.25,-27.125,-30.5,-27.75
391,-26.5,-27.875,-22.5,-24.875,-24.875,-25.5,-25.25,-27.125,-30.5,-27.75
392,-26.5,-27.875,-22.5,-24.875,-24.875,-25.5,-25.25,-27.125,-30.5,-27.75
393,-26.5,-27.875,-22.5,-24.875,-24.875,-25.5,-25.25,-27.125,-30.5,-27.75
394,-26.5,-27.875,-22.5,-24.875,-24.875,-25.5,-25.25,-27.125,-30.5,-27.75
395,-26.5,-27.875,-22.5,-24.875,-24.875,-25.5,-25.25,-27.125,-30.5,-27.75
396,-26.5,-27.875,-22.5,-24.875,-24.875,-25.5,-25.25,-27.125,-30.5,-27.75
397,-26.5,-27.875,-22.5,-24.875,-24.875,-25.5,-25.25,-27.125,-30.5,-27.75
398,-26.5,-27.875,-22.5,-24.875,-24.875,-25.5,-25.25,-27.125,-30.5,-27.75
399,-26.5,-27.875,-22.5,-24.875,-24.875,-25.5,-25.25,-27.125,-30.5,-27.75
400,-26.5,-27.875,-22.5,-24.875,-24.875,-25.5,-25.25,-27.125,-30.5,-27.75
401,-26.5,-27.875,-22.5,-24.875,-24.875,-25.5,-25.25,-27.125,-30.5,-27.75
402,-26.5,-27.875,-22.5,-24.875,-24.875,-25.5,-25.25,-27.125,-30.5,-27.75
403,-26.5,-27.875,-22.5,-24.875,-24.875,-25.5,-25.25,-27.125,-30.5,-27.75
404,-26.5,-27.875,-22.5,-24.875,-24.875,-25.5,-25.25,-27.125,-30.5,-27.75
405,-26.5,-27.875,-22.5,-24.875,-24.875,-25.5,-25.25,-27.125,-30.5,-27.75
406,-26.5,-27.875,-22.5,-24.875,-24.875,-25.5,-25.25,-27.125,-30.5,-27.75
407,-26.5,-27.875,-22.5,-24.875,-24.875,-25.5,-25.25,-27.125,-30.5,-27.75
408,-26.5,-27.875,-22.5,-24.875,-24.875,-25.5,-25.25,-27.125,-30.5,-27.75
409,-26.5,-27.875,-22.5,-24.875,-24.875,-25.5,-25.25,-27.125,-30.5,-27.75
410,-26.5,-27.875,-22.5,-24.875,-24.875,-25.5,-25.25,-27.125,-30.5,-27.75
411,-26.5,-27.875,-22.5,-24.875,-24.875,-25.5,-25.25,-27.125,-30.5,-27.75
412,-26.5,-27.875,-22.5,-24.875,-24.875,-25.5,-25.25,-27.125,-30.5,-27.75
413,-26.5,-27.875,-22.5,-24.875,-24.875,-25.5,-25.25,-27.125,-30.5,-27.75
414,-26.5,-27.875,-22.5,-24.875,-24.875,-25.5,-25.25,-27.125,-30.5,-27.75
415,-26.5,-27.875,-22.5,-24.875,-24.875,-25.5,-25.25,-27.125,-30.5,-27.75
416,-26.5,-27.875,-22.5,-24.875,-24.875,-25.5,-25.25,-27.125,-30.5,-27.75
417,-26.5,-27.875,-22.5,-24.875,-24.875,-25.5,-25.25,-27.125,-30.5,-27.75
418,-26.5,-27.875,-22.5,-24.875,-24.875,-25.5,-25.25,-27.125,-30.5,-27.75
419,-26.5,-27.875,-22.5,-24.875,-24.875,-25.5,-25.25,-27.125,-30.5,-27.75
420,-26.5,-27.875,-22.5,-24.875,-24.875,-25.5,-25.25,-27.125,-30.5,-27.75
421,-26.5,-27.875,-22.5,-24.875,-24.875,-25.5,-25.25,-27.125,-30.5,-27.75
422,-26.5,-27.875,-22.5,-24.875,-24.875,-25.5,-25.25,-27.125,-30.5,-27.75
423,-26.5,-27.875,-22.5,-24.875,-24.875,-25.5,-25.25,-27.125,-30.5,-27.75
424,-26.5,-27.875,-22.5,-24.875,-24.875,-25.5,-25.25,-27.125,-30.5,-27.75
425,-26.5,-27.875,-22.5,-24.875,-24.875,-25.5,-25.25,-27.125,-30.5,-27.75
426,-26.5,-27.875,-22.5,-24.875,-24.875,-25.5,-25.25,-27.125,-30.5,-27.75
427,-26.5,-27.875,-22.5,-24.875,-24.875,-25.5,-25.25,-27.125,-30.5,-27.75
428,-26.5,-27.875,-22.5,-24.875,-24.875,-25.5,-25.25,-27.125,-30.5,-27.75
429,-26.5,-27.875,-22.5,-24.875,-24.875,-25.5,-25.25,-27.125,-30.5,-27.75
430,-26.5,-27.875,-22.5,-24.875,-24.875,-25.5,-25.25,-27.125,-30.5,-27.75
431,-26.5,-27.875,-22.5,-24.875,-24.875,-25.5,-25.25,-27.125,-30.5,-27.75
432,-26.5,-27.875,-22.5,-24.875,-24.875,-25.5,-25.25,-27.125,-30.5,-27.75
433,-26.5,-27.875,-22.5,-24.875,-24.875,-25.5,-25.25,-27.125,-30.5,-27.75
434,-26.5,-27.875,-22.5,-24.875,-24.875,-25.5,-25.25,-27.125,-30.5,-27.75
435,-26.5,-27.875,-22.5,-24.875,-24.875,-25.5,-25.25,-27.125,-30.5,-27.75
436,-26.5,-27.875,-22.5,-24.875,-24.875,-25.5,-25.25,-27.125,-30.5,-27.75
437,-26.5,-27.875,-22.5,-24.875,-24.875,-25.5,-25.25,-27.125,-30.5,-27.75
438,-26.5,-27.875,-22.5,-24.875,-24.875,-25.5,-25.25,-27.125,-30.5,-27.75
439,-26.5,-27.875,-22.5,-24.875,-24.875,-25.5,-25.25,-27.125,-30.5,-27.75
440,-26.5,-27.875,-22.5,-24.875,-24.875,-25.5,-25.25,-27.125,-30.5,-27.75
441,-26.5,-27.875,-22.5,-24.875,-24.875,-25.5,-25.25,-27.125,-30.5,-27.75
442,-26.5,-27.875,-22.5,-24.875,-24.875,-25.5,-25.25,-27.125,-30.5,-27.75
443,-26.5,-27.875,-22.5,-24.875,-24.875,-25.5,-25.25,-27.125,-30.5,-27.75
444,-26.5,-27.875,-22.5,-24.875,-24.875,-25.5,-25.25,-27.125,-30.5,-27.75
445,-26.5,-27.875,-22.5,-24.875,-24.875,-25.5,-25.25,-27.125,-30.5,-27.75
446,-26.5,-27.875,-22.5,-24.875,-24.875,-25.5,-25.25,-27.125,-30.5,-27.75
447,-26.5,-27.875,-22.5,-24.875,-24.875,-25.5,-25.25,-27.125,-30.5,-27.75
448,-26.5,-27.875,-22.5,-24.875,-24.875,-25.5,-25.25,-27.125,-30.5,-27.75
449,-26.5,-27.875,-22.5,-24.875,-24.875,-25.5,-25.25,-27.125,-30.5,-27.75
450,-26.5,-27.875,-22.5,-24.875,-24.875,-25.5,-25.25,-27.125,-30.5,-27.75
451,-26.5,-27.875,-22.5,-24.875,-24.875,-25.5,-25.25,-27.125,-30.5,-27.75
452,-26.5,-27.875,-22.5,-24.875,-24.875,-25.5,-25.25,-27.125,-30.5,-27.75
453,-26.5,-27.875,-22.5,-24.875,-24.875,-25.5,-25.25,-27.125,-30.5,-27.75
454,-26.5,-27.875,-22.5,-24.875,-24.875,-25.5,-25.25,-27.125,-30.5,-27.75
455,-26.5,-27.875,-22.5,-24.875,-24.875,-25.5,-25.25,-27.125,-30.5,-27.75
456,-26.5,-27.875,-22.5,-24.875,-24.875,-25.5,-25.25,-27.125,-30.5,-27.75
457,-26.5,-27.875,-22.5,-24.875,-24.875,-25.5,-25.25,-27.125,-30.5,-27.75
458,-26.5,-27.875,-22.5,-24.875,-24.875,-25.5,-25.25,-27.125,-30.5,-27.75
459,-26.5,-27.875,-22.5,-24.875,-24.875,-25.5,-25.25,-27.125,-30.5,-27.75
460,-26.5,-27.875,-22.5,-24.875,-24.875,-25.5,-25.25,-27.125,-30.5,-27.75
461,-26.5,-27.875,-22.5,-24.875,-24.875,-25.5,-25.25,-27.125,-30.5,-27.75
462,-26.5,-27.875,-22.5,-24.875,-24.875,-25.5,-25.25,-27.125,-30.5,-27.75
463,-26.5,-27.875,-22.5,-24.875,-24.875,-25.5,-25.25,-27.125,-30.5,-27.75
464,-26.5,-27.875,-22.5,-24.875,-24.875,-25.5,-25.25,-27.125,-30.5,-27.75
465,-26.5,-27.875,-22.5,-24.875,-24.875,-25.5,-25.25,-27.125,-30.5,-27.75
466,-26.5,-27.875,-22.5,-24.875,-24.875,-25.5,-25.25,-27.125,-30.5,-27.75
467,-26.5,-27.875,-22.5,-24.875,-24.875,-25.5,-25.25,-27.125,-30.5,-27.75
468,-26.5,-27.875,-22.5,-24.875,-24.875,-25.5,-25.25,-27.125,-30.5,-27.75
469,-26.5,-27.875,-22.5,-24.875,-24.875,-25.5,-25.25,-27.125,-30.5,-27.75
470,-26.5,-27.875,-22.5,-24.875,-24.875,-25.5,-25.25,-27.125,-30.5,-27.75
471,-26.5,-27.875,-22.5,-24.875,-24.875,-25.5,-25.25,-27.125,-30.5,-27.75
472,-26.5,-27.875,-22.5,-24.875,-24.875,-25.5,-25.25,-27.125,-30.5,-27.75
473,-26.5,-27.875,-22.5,-24.875,-24.875,-25.5,-25.25,-27.125,-30.5,-27.75
474,-26.5,-27.875,-22.5,-24.875,-24.875,-25.5,-25.25,-27.125,-30.5,-27.75
475,-26.5,-27.875,-22.5,-24.875,-24.875,-25.5,-25.25,-27.125,-30.5,-27.75
476,-26.5,-27.875,-22.5,-24.875,-24.875,-25.5,-25.25,-27.125,-30.5,-27.75
477,-26.5,-27.875,-22.5,-24.875,-24.875,-25.5,-25.25,-27.125,-30.5,-27.75
478,-26.5,-27.875,-22.5,-24.875,-24.875,-25.5,-25.25,-27.125,-30.5,-27.75
479,-26.5,-27.875,-22.5,-24.875,-24.875,-25.5,-25.25,-27.125,-30.5,-27.75
480,-26.5,-27.875,-22.5,-24.875,-24.875,-25.5,-25.25,-27.125,-30.5,-27.75
481,-26.5,-27.875,-22.5,-24.875,-24.875,-25.5,-25.25,-27.125,-30.5,-27.75
482,-26.5,-27.875,-22.5,-24.875,-24.875,-25.5,-25.25,-27.125,-30.5,-27.75
483,-26.5,-27.875,-22.5,-24.875,-24.875,-25.5,-25.25,-27.125,-30.5,-27.75
484,-26.5,-27.875,-22.5,-24.875,-24.875,-25.5,-25.25,-27.125,-30.5,-27.75
485,-26.5,-27.875,-22.5,-24.875,-24.875,-25.5,-25.25,-27.125,-30.5,-27.75
486,-26.5,-27.875,-22.5,-24.875,-24.875,-25.5,-25.25,-27.125,-30.5,-27.75
487,-26.5,-27.875,-22.5,-24.875,-24.875,-25.5,-25.25,-27.125,-30.5,-27.75
488,-26.5,-27.875,-22.5,-24.875,-24.875,-25.5,-25.25,-27.125,-30.5,-27.75
489,-26.5,-27.875,-22.5,-24.875,-24.875,-25.5,-25.25,-27.125,-30.5,-27.75
490,-26.5,-27.875,-22.5,-24.875,-24.875,-25.5,-25.25,-27.125,-30.5,-27.75
491,-26.5,-27.875,-22.5,-24.875,-24.875,-25.5,-25.25,-27.125,-30.5,-27.75
492,-26.5,-27.875,-22.5,-24.875,-24.875,-25.5,-25.25,-27.125,-30.5,-27.75
493,-26.5,-27.875,-22.5,-24.875,-24.875,-25.5,-25.25,-27.125,-30.5,-27.75
494,-26.5,-27.875,-22.5,-24.875,-24.875,-25.5,-25.25,-27.125,-30.5,-27.75
495,-26.5,-27.875,-22.5,-24.875,-24.875,-25.5,-25.25,-27.125,-30.5,-27.75
496,-26.5,-27.875,-22.5,-24.875,-24.875,-25.5,-25.25,-27.125,-30.5,-27.75
497,-26.5,-27.875,-22.5,-24.875,-24.875,-25.5,-25.25,-27.125,-30.5,-27.75
498,-26.5,-27.875,-22.5,-24.875,-24.875,-25.5,-25.25,-27.125,-30.5,-27.75
499,-26.5,-27.875,-22.5,-24.875,-24.875,-25.5,-25.25,-27.125,-30.5,-27.75
500,-26.5,-27.875,-22.5,-24.875,-24.875,-25.5,-25.25,-27.125,-30.5,-27.75
501,-26.5,-27.875,-22.5,-24.875,-24.875,-25.5,-25.25,-27.125,-30.5,-27.75
502,-26.5,-27.875,-22.5,-24.875,-24.875,-25.5,-25.25,-27.125,-30.5,-27.75
503,-26.5,-27.875,-22.5,-24.875,-24.875,-25.5,-25.25,-27.125,-30.5,-27.75
504,-26.5,-27.875,-22.5,-24.875,-24.875,-25.5,-25.25,-27.125,-30.5,-27.75
505,-26.5,-27.875,-22.5,-24.875,-24.875,-25.5,-25.25,-27.125,-30.5,-27.75
506,-26.5,-27.875,-22.5,-24.875,-24.875,-25.5,-25.25,-27.125,-30.5,-27.75
507,-26.5,-27.875,-22.5,-24.875,-24.875,-25.5,-25.25,-27.125,-30.5,-27.75
508,-26.5,-27.875,-22.5,-24.875,-24.875,-25.5,-25.25,-27.125,-30.5,-27.75
509,-26.5,-27.875,-22.5,-24.875,-24.875,-25.5,-25.25,-27.125,-30.5,-27.75
510,-26.5,-27.875,-22.5,-24.875,-24.875,-25.5,-25.25,-27.125,-30.5,-27.75
511,-26.5,-27.875,-22.5,-24.875,-24.875,-25.5,-25.25,-27.125,-30.5,-27.75
512,-26.5,-27.875,-22.5,-24.875,-24.875,-25.5,-25.25,-27.125,-30.5,-27.75
513,-26.5,-27.875,-22.5,-24.875,-24.875,-25.5,-25.25,-27.125,-30.5,-27.75
514,-26.5,-27.875,-22.5,-24.875,-24.875,-25.5,-25.25,-27.125,-30.5,-27.75
515,-26.5,-27.875,-22.5,-24.875,-24.875,-25.5,-25.25,-27.125,-30.5,-27.75
516,-26.5,-27.875,-22.5,-24.875,-24.875,-25.5,-25.25,-27.125,-30.5,-27.75
517,-26.5,-27.875,-22.5,-24.875,-24.875,-25.5,-25.25,-27.125,-30.5,-27.75
518,-26.5,-27.875,-22.5,-24.875,-24.875,-25.5,-25.25,-27.125,-30.5,-27.75
519,-26.5,-27.875,-22.5,-24.875,-24.875,-25.5,-25.25,-27.125,-30.5,-27.75
520,-26.5,-27.875,-22.5,-24.875,-24.875,-25.5,-25.25,-27.125,-30.5,-27.75
521,-26.5,-27.875,-22.5,-24.875,-24.875,-25.5,-25.25,-27.125,-30.5,-27.75
522,-26.5,-27.875,-22.5,-24.875,-24.875,-25.5,-25.25,-27.125,-30.5,-27.75
523,-26.5,-27.875,-22.5,-24.875,-24.875,-25.5,-25.25,-27.125,-30.5,-27.75
524,-26.5,-27.875,-22.5,-24.875,-24.875,-25.5,-25.25,-27.125,-30.5,-27.75
525,-26.5,-27.875,-22.5,-24.875,-24.875,-25.5,-25.25,-27.125,-30.5,-27.75
526,-26.5,-27.875,-22.5,-24.875,-24.875,-25.5,-25.25,-27.125,-30.5,-27.75
527,-26.5,-27.875,-22.5,-24.875,-24.875,-25.5,-25.25,-27.125,-30.5,-27.75
528,-26.5,-27.875,-22.5,-24.875,-24.875,-25.5,-25.25,-27.125,-30.5,-27.75
529,-26.5,-27.875,-22.5,-24.875,-24.875,-25.5,-25.25,-27.125,-30.5,-27.75
530,-26.5,-27.875,-22.5,-24.875,-24.875,-25.5,-25.25,-27.125,-30.5,-27.75
531,-26.5,-27.875,-22.5,-24.875,-24.875,-25.5,-25.25,-27.125,-30.5,-27.75
532,-26.5,-27.875,-22.5,-24.875,-24.875,-25.5,-25.25,-27.125,-30.5,-27.75
533,-26.5,-27.875,-22.5,-24.875,-24.875,-25.5,-25.25,-27.125,-30.5,-27.75
534,-26.5,-27.875,-22.5,-24.875,-24.875,-25.5,-25.25,-27.125,-30.5,-27.75
535,-26.5,-27.875,-22.5,-24.875,-24.875,-25.5,-25.25,-27.125,-30.5,-27.75
536,-26.5,-27.875,-22.5,-24.875,-24.875,-25.5,-25.25,-27.125,-30.5,-27.75
537,-26.5,-27.875,-22.5,-24.875,-24.875,-25.5,-25.25,-27.125,-30.5,-27.75
538,-26.5,-27.875,-22.5,-24.875,-24.875,-25.5,-25.25,-27.125,-30.5,-27.75
539,-26.5,-27.875,-22.5,-24.875,-24.875,-25.5,-25.25,-27.125,-30.5,-27.75
540,-26.5,-27.875,-22.5,-24.875,-24.875,-25.5,-25.25,-27.125,-30.5,-27.75
541,-26.5,-27.875,-22.5,-24.875,-24.875,-25.5,-25.25,-27.125,-30.5,-27.75
542,-26.5,-27.875,-22.5,-24.875,-24.875,-25.5,-25.25,-27.125,-30.5,-27.75
543,-26.5,-27.875,-22.5,-24.875,-24.875,-25.5,-25.25,-27.125,-30.5,-27.75
544,-26.5,-27.875,-22.5,-24.875,-24.875,-25.5,-25.25,-27.125,-30.5,-27.75
545,-26.5,-27.875,-22.5,-24.875,-24.875,-25.5,-25.25,-27.125,-30.5,-27.75
546,-26.5,-27.875,-22.5,-24.875,-24.875,-25.5,-25.25,-27.125,-30.5,-27.75
547,-26.5,-27.875,-22.5,-24.875,-24.875,-25.5,-25.25,-27.125,-30.5,-27.75
548,-26.5,-27.875,-22.5,-24.875,-24.875,-25.5,-25.25,-27.125,-30.5,-27.75
549,-26.5,-27.875,-22.5,-24.875,-24.875,-25.5,-25.25,-27.125,-30.5,-27.75
550,-26.5,-27.875,-22.5,-24.875,-24.875,-25.5,-25.25,-27.125,-30.5,-27.75
551,-26.5,-27.875,-22.5,-24.875,-24.875,-25.5,-25.25,-27.125,-30.5,-27.75
552,-26.5,-27.875,-22.5,-24.875,-24.875,-25.5,-25.25,-27.125,-30.5,-27.75
553,-26.5,-27.875,-22.5,-24.875,-24.875,-25.5,-25.25,-27.125,-30.5,-27.75
554,-26.5,-27.875,-22.5,-24.875,-24.875,-25.5,-25.25,-27.125,-30.5,-27.75
555,-26.5,-27.875,-22.5,-24.875,-24.875,-25.5,-25.25,-27.125,-30.5,-27.75
556,-26.5,-27.875,-22.5,-24.875,-24.875,-25.5,-25.25,-27.125,-30.5,-27.75
557,-26.5,-27.875,-22.5,-24.875,-24.875,-25.5,-25.25,-27.125,-30.5,-27.75
558,-26.5,-27.875,-22.5,-24.875,-24.875,-25.5,-25.25,-27.125,-30.5,-27.75
559,-26.5,-27.875,-22.5,-24.875,-24.875,-25.5,-25.25,-27.125,-30.5,-27.75
560,-26.5,-27.875,-22.5,-24.875,-24.875,-25.5,-25.25,-27.125,-30.5,-27.75
561,-26.5,-27.875,-22.5,-24.875,-24.875,-25.5,-25.25,-27.125,-30.5,-27.75
562,-26.5,-27.875,-22.5,-24.875,-24.875,-25.5,-25.25,-27.125,-30.5,-27.75
563,-26.5,-27.875,-22.5,-24.875,-24.875,-25.5,-25.25,-27.125,-30.5,-27.75
564,-26.5,-27.875,-22.5,-24.875,-24.875,-25.5,-25.25,-27.125,-30.5,-27.75
565,-26.5,-27.875,-22.5,-24.875,-24.875,-25.5,-25.25,-27.125,-30.5,-27.75
566,-26.5,-27.875,-22.5,-24.875,-24.875,-25.5,-25.25,-27.125,-30.5,-27.75
567,-26.5,-27.875,-22.5,-24.875,-24.875,-25.5,-25.25,-27.125,-30.5,-27.75
568,-26.5,-27.875,-22.5,-24.875,-24.875,-25.5,-25.25,-27.125,-30.5,-27.75
569,-26.5,-27.875,-22.5,-24.875,-24.875,-25.5,-25.25,-27.125,-30.5,-27.75
570,-26.5,-27.875,-22.5,-24.875,-24.875,-25.5,-25.25,-27.125,-30.5,-27.75
571,-26.5,-27.875,-22.5,-24.875,-24.875,-25.5,-25.25,-27.125,-30.5,-27.75
572,-26.5,-27.875,-22.5,-24.875,-24.875,-25.5,-25.25,-27.125,-30.5,-27.75
573,-26.5,-27.875,-22.5,-24.875,-24.875,-25.5,-25.25,-27.125,-30.5,-27.75
574,-26.5,-27.875,-22.5,-24.875,-24.875,-25.5,-25.25,-27.125,-30.5,-27.75
575,-26.5,-27.875,-22.5,-24.875,-24.875,-25.5,-25.25,-27.125,-30.5,-27.75
576,-26.5,-27.875,-22.5,-24.875,-24.875,-25.5,-25.25,-27.125,-30.5,-27.75
577,-26.5,-27.875,-22.5,-24.875,-24.875,-25.5,-25.25,-27.125,-30.5,-27.75
578,-26.5,-27.875,-22.5,-24.875,-24.875,-25.5,-25.25,-27.125,-30.5,-27.75
579,-26.5,-27.875,-22.5,-24.875,-24.875,-25.5,-25.25,-27.125,-30.5,-27.75
580,-26.5,-27.875,-22.5,-24.875,-24.875,-25.5,-25.25,-27.125,-30.5,-27.75
581,-26.5,-27.875,-22.5,-24.875,-24.875,-25.5,-25.25,-27.125,-30.5,-27.75
582,-26.5,-27.875,-22.5,-24.875,-24.875,-25.5,-25.25,-27.125,-30.5,-27.75
583,-26.5,-27.875,-22.5,-24.875,-24.875,-25.5,-25.25,-27.125,-30.5,-27.75
584,-26.5,-27.875,-22.5,-24.875,-24.875,-25.5,-25.25,-27.125,-30.5,-27.75
585,-26.5,-27.875,-22.5,-24.875,-24.875,-25.5,-25.25,-27.125,-30.5,-27.75
586,-26.5,-27.875,-22.5,-24.875,-24.875,-25.5,-25.25,-27.125,-30.5,-27.75
587,-26.5,-27.875,-22.5,-24.875,-24.875,-25.5,-25.25,-27.125,-30.5,-27.75
588,-26.5,-27.875,-22.5,-24.875,-24.875,-25.5,-25.25,-27.125,-30.5,-27.75
589,-26.5,-27.875,-22.5,-24.875,-24.875,-25.5,-25.25,-27.125,-30.5,-27.75
590,-26.5,-27.875,-22.5,-24.875,-24.875,-25.5,-25.25,-27.125,-30.5,-27.75
591,-26.5,-27.875,-22.5,-24.875,-24.875,-25.5,-25.25,-27.125,-30.5,-27.75
592,-26.5,-27.875,-22.5,-24.875,-24.875,-25.5,-25.25,-27.125,-30.5,-27.75
593,-26.5,-27.875,-22.5,-24.875,-24.875,-25.5,-25.25,-27.125,-30.5,-27.75
594,-26.5,-27.875,-22.5,-24.875,-24.875,-25.5,-25.25,-27.125,-30.5,-27.75
595,-26.5,-27.875,-22.5,-24.875,-24.875,-25.5,-25.25,-27.125,-30.5,-27.75
596,-26.5,-27.875,-22.5,-24.875,-24.875,-25.5,-25.25,-27.125,-30.5,-27.75
597,-26.5,-27.875,-22.5,-24.875,-24.875,-25.5,-25.25,-27.125,-30.5,-27.75
598,-26.5,-27.875,-22.5,-24.875,-24.875,-25.5,-25.25,-27.125,-30.5,-27.75
599,-26.5,-27.875,-22.5,-24.875,-24.875,-25.5,-25.25,-27.125,-30.5,-27.75
600,-26.5,-27.875,-22.5,-24.875,-24.875,-25.5,-25.25,-27.125,-30.5,-27.75
601,-26.5,-27.875,-22.5,-24.875,-24.875,-25.5,-25.25,-27.125,-30.5,-27.75
602,-26.5,-27.875,-22.5,-24.875,-24.875,-25.5,-25.25,-27.125,-30.5,-27.75
603,-26.5,-27.875,-22.5,-24.875,-24.875,-25.5,-25.25,-27.125,-30.5,-27.75
604,-26.5,-27.875,-22.5,-24.875,-24.875,-25.5,-25.25,-27.125,-30.5,-27.75
605,-26.5,-27.875,-22.5,-24.875,-24.875,-25.5,-25.25,-27.125,-30.5,-27.75
606,-26.5,-27.875,-22.5,-24.875,-24.875,-25.5,-25.25,-27.125,-30.5,-27.75
607,-26.5,-27.875,-22.5,-24.875,-24.875,-25.5,-25.25,-27.125,-30.5,-27.75
608,-26.5,-27.875,-22.5,-24.875,-24.875,-25.5,-25.25,-27.125,-30.5,-27.75
609,-26.5,-27.875,-22.5,-24.875,-24.875,-25.5,-25.25,-27.125,-30.5,-27.75
610,-26.5,-27.875,-22.5,-24.875,-24.875,-25.5,-25.25,-27.125,-30.5,-27.75
611,-26.5,-27.875,-22.5,-24.875,-24.875,-25.5,-25.25,-27.125,-30.5,-27.75
612,-26.5,-27.875,-22.5,-24.875,-24.875,-25.5,-25.25,-27.125,-30.5,-27.75
613,-26.5,-27.875,-22.5,-24.875,-24.875,-25.5,-25.25,-27.125,-30.5,-27.75
614,-26.5,-27.875,-22.5,-24.875,-24.875,-25.5,-25.25,-27.125,-30.5,-27.75
615,-26.5,-27.875,-22.5,-24.875,-24.875,-25.5,-25.25,-27.125,-30.5,-27.75
616,-26.5,-27.875,-22.5,-24.875,-24.875,-25.5,-25.25,-27.125,-30.5,-27.75
617,-26.5,-27.875,-22.5,-24.875,-24.875,-25.5,-25.25,-27.125,-30.5,-27.75
618,-26.5,-27.875,-22.5,-24.875,-24.875,-25.5,-25.25,-27.125,-30.5,-27.75
619,-26.5,-27.875,-22.5,-24.875,-24.875,-25.5,-25.25,-27.125,-30.5,-27.75
620,-26.5,-27.875,-22.5,-24.875,-24.875,-25.5,-25.25,-27.125,-30.5,-27.75
621,-26.5,-27.875,-22.5,-24.875,-24.875,-25.5,-25.25,-27.125,-30.5,-27.75
622,-26.5,-27.875,-22.5,-24.875,-24.875,-25.5,-25.25,-27.125,-30.5,-27.75
623,-26.5,-27.875,-22.5,-24.875,-24.875,-25.5,-25.25,-27.125,-30.5,-27.75
624,-26.5,-27.875,-22.5,-24.875,-24.875,-25.5,-25.25,-27.125,-30.5,-27.75
625,-26.5,-27.875,-22.5,-24.875,-24.875,-25.5,-25.25,-27.125,-30.5,-27.75
626,-26.5,-27.875,-22.5,-24.875,-24.875,-25.5,-25.25,-27.125,-30.5,-27.75
627,-26.5,-27.875,-22.5,-24.875,-24.875,-25.5,-25.25,-27.125,-30.5,-27.75
628,-26.5,-27.875,-22.5,-24.875,-24.875,-25.5,-25.25,-27.125,-30.5,-27.75
629,-26.5,-27.875,-22.5,-24.875,-24.875,-25.5,-25.25,-27.125,-30.5,-27.75
630,-26.5,-27.875,-22.5,-24.875,-24.875,-25.5,-25.25,-27.125,-30.5,-27.75
631,-26.5,-27.875,-22.5,-24.875,-24.875,-25.5,-25.25,-27.125,-30.5,-27.75
632,-26.5,-27.875,-22.5,-24.875,-24.875,-25.5,-25.25,-27.125,-30.5,-27.75
633,-26.5,-27.875,-22.5,-24.875,-24.875,-25.5,-25.25,-27.125,-30.5,-27.75
634,-26.5,-27.875,-22.5,-24.875,-24.875,-25.5,-25.25,-27.125,-30.5,-27.75
635,-26.5,-27.875,-22.5,-24.875,-24.875,-25.5,-25.25,-27.125,-30.5,-27.75
636,-26.5,-27.875,-22.5,-24.875,-24.875,-25.5,-25.25,-27.125,-30.5,-27.75
637,-26.5,-27.875,-22.5,-24.875,-24.875,-25.5,-25.25,-27.125,-30.5,-27.75
638,-26.5,-27.875,-22.5,-24.875,-24.875,-25.5,-25.25,-27.125,-30.5,-27.75
639,-26.5,-27.875,-22.5,-24.875,-24.875,-25.5,-25.25,-27.125,-30.5,-27.75
640,-26.5,-27.875,-22.5,-24.875,-24.875,-25.5,-25.25,-27.125,-30.5,-27.75
641,-26.5,-27.875,-22.5,-24.875,-24.875,-25.5,-25.25,-27.125,-30.5,-27.75
642,-26.5,-27.875,-22.5,-24.875,-24.875,-25.5,-25.25,-27.125,-30.5,-27.75
643,-26.5,-27.875,-22.5,-24.875,-24.875,-25.5,-25.25,-27.125,-30.5,-27.75
644,-26.5,-27.875,-22.5,-24.875,-24.875,-25.5,-25.25,-27.125,-30.5,-27.75
645,-26.5,-27.875,-22.5,-24.875,-24.875,-25.5,-25.25,-27.125,-30.5,-27.75
646,-26.5,-27.875,-22.5,-24.875,-24.875,-25.5,-25.25,-27.125,-30.5,-27.75
647,-26.5,-27.875,-22.5,-24.875,-24.875,-25.5,-25.25,-27.125,-30.5,-27.75
648,-26.5,-27.875,-22.5,-24.875,-24.875,-25.5,-25.25,-27.125,-30.5,-27.75
649,-26.5,-27.875,-22.5,-24.875,-24.875,-25.5,-25.25,-27.125,-30.5,-27.75
650,-26.5,-27.875,-22.5,-24.875,-24.875,-25.5,-25.25,-27.125,-30.5,-27.75
651,-26.5,-27.875,-22.5,-24.875,-24.875,-25.5,-25.25,-27.125,-30.5,-27.75
652,-26.5,-27.875,-22.5,-24.875,-24.875,-25.5,-25.25,-27.125,-30.5,-27.75
653,-26.5,-27.875,-22.5,-24.875,-24.875,-25.5,-25.25,-27.125,-30.5,-27.75
654,-26.5,-27.875,-22.5,-24.875,-24.875,-25.5,-25.25,-27.125,-30.5,-27.75
655,-26.5,-27.875,-22.5,-24.875,-24.875,-25.5,-25.25,-27.125,-30.5,-27.75
656,-26.5,-27.875,-22.5,-24.875,-24.875,-25.5,-25.25,-27.125,-30.5,-27.75
657,-26.5,-27.875,-22.5,-24.875,-24.875,-25.5,-25.25,-27.125,-30.5,-27.75
658,-26.5,-27.875,-22.5,-24.875,-24.875,-25.5,-25.25,-27.125,-30.5,-27.75
659,-26.5,-27.875,-22.5,-24.875,-24.875,-25.5,-25.25,-27.125,-30.5,-27.75
660,-26.5,-27.875,-22.5,-24.875,-24.875,-25.5,-25.25,-27.125,-30.5,-27.75
661,-26.5,-27.875,-22.5,-24.875,-24.875,-25.5,-25.25,-27.125,-30.5,-27.75
662,-26.5,-27.875,-22.5,-24.875,-24.875,-25.5,-25.25,-27.125,-30.5,-27.75
663,-26.5,-27.875,-22.5,-24.875,-24.875,-25.5,-25.25,-27.125,-30.5,-27.75
664,-26.5,-27.875,-22.5,-24.875,-24.875,-25.5,-25.25,-27.125,-30.5,-27.75
665,-26.5,-27.875,-22.5,-24.875,-24.875,-25.5,-25.25,-27.125,-30.5,-27.75
666,-26.5,-27.875,-22.5,-24.875,-24.875,-25.5,-25.25,-27.125,-30.5,-27.75
667,-26.5,-27.875,-22.5,-24.875,-24.875,-25.5,-25.25,-27.125,-30.5,-27.75
668,-26.5,-27.875,-22.5,-24.875,-24.875,-25.5,-25.25,-27.125,-30.5,-27.75
669,-26.5,-27.875,-22.5,-24.875,-24.875,-25.5,-25.25,-27.125,-30.5,-27.75
670,-26.5,-27.875,-22.5,-24.875,-24.875,-25.5,-25.25,-27.125,-30.5,-27.75
671,-26.5,-27.875,-22.5,-24.875,-24.875,-25.5,-25.25,-27.125,-30.5,-27.75
672,-26.5,-27.875,-22.5,-24.875,-24.875,-25.5,-25.25,-27.125,-30.5,-27.75
673,-26.5,-27.875,-22.5,-24.875,-24.875,-25.5,-25.25,-27.125,-30.5,-27.75
674,-26.5,-27.875,-22.5,-24.875,-24.875,-25.5,-25.25,-27.125,-30.5,-27.75
675,-26.5,-27.875,-22.5,-24.875,-24.875,-25.5,-25.25,-27.125,-30.5,-27.75
676,-26.5,-27.875,-22.5,-24.875,-24.875,-25.5,-25.25,-27.125,-30.5,-27.75
677,-26.5,-27.875,-22.5,-24.875,-24.875,-25.5,-25.25,-27.125,-30.5,-27.75
678,-26.5,-27.875,-22.5,-24.875,-24.875,-25.5,-25.25,-27.125,-30.5,-27.75
679,-26.5,-27.875,-22.5,-24.875,-24.875,-25.5,-25.25,-27.125,-30.5,-27.75
680,-26.5,-27.875,-22.5,-24.875,-24.875,-25.5,-25.25,-27.125,-30.5,-27.75
681,-26.5,-27.875,-22.5,-24.875,-24.875,-25.5,-25.25,-27.125,-30.5,-27.75
682,-26.5,-27.875,-22.5,-24.875,-24.875,-25.5,-25.25,-27.125,-30.5,-27.75
683,-26.5,-27.875,-22.5,-24.875,-24.875,-25.5,-25.25,-27.125,-30.5,-27.75
684,-26.5,-27.875,-22.5,-24.875,-24.875,-25.5,-25.25,-27.125,-30.5,-27.75
685,-26.5,-27.875,-22.5,-24.875,-24.875,-25.5,-25.25,-27.125,-30.5,-27.75
686,-26.5,-27.875,-22.5,-24.875,-24.875,-25.5,-25.25,-27.125,-30.5,-27.75
687,-26.5,-27.875,-22.5,-24.875,-24.875,-25.5,-25.25,-27.125,-30.5,-27.75
688,-26.5,-27.875,-22.5,-24.875,-24.875,-25.5,-25.25,-27.125,-30.5,-27.75
689,-26.5,-27.875,-22.5,-24.875,-24.875,-25.5,-25.25,-27.125,-30.5,-27.75
690,-26.5,-27.875,-22.5,-24.875,-24.875,-25.5,-25.25,-27.125,-30.5,-27.75
691,-26.5,-27.875,-22.5,-24.875,-24.875,-25.5,-25.25,-27.125,-30.5,-27.75
692,-26.5,-27.875,-22.5,-24.875,-24.875,-25.5,-25.25,-27.125,-30.5,-27.75
693,-26.5,-27.875,-22.5,-24.875,-24.875,-25.5,-25.25,-27.125,-30.5,-27.75
694,-26.5,-27.875,-22.5,-24.875,-24.875,-25.5,-25.25,-27.125,-30.5,-27.75
695,-26.5,-27.875,-22.5,-24.875,-24.875,-25.5,-25.25,-27.125,-30.5,-27.75
696,-26.5,-27.875,-22.5,-24.875,-24.875,-25.5,-25.25,-27.125,-30.5,-27.75
697,-26.5,-27.875,-22.5,-24.875,-24.875,-25.5,-25.25,-27.125,-30.5,-27.75
698,-26.5,-27.875,-22.5,-24.875,-24.875,-25.5,-25.25,-27.125,-30.5,-27.75
699,-26.5,-27.875,-22.5,-24.875,-24.875,-25.5,-25.25,-27.125,-30.5,-27.75
700,-26.5,-27.875,-22.5,-24.875,-24.875,-25.5,-25.25,-27.125,-30.5,-27.75
701,-26.5,-27.875,-22.5,-24.875,-24.875,-25.5,-25.25,-27.125,-30.5,-27.75
702,-26.5,-27.875,-22.5,-24.875,-24.875,-25.5,-25.25,-27.125,-30.5,-27.75
703,-26.5,-27.875,-22.5,-24.875,-24.875,-25.5,-25.25,-27.125,-30.5,-27.75
704,-26.5,-27.875,-22.5,-24.875,-24.875,-25.5,-25.25,-27.125,-30.5,-27.75
705,-26.5,-27.875,-22.5,-24.875,-24.875,-25.5,-25.25,-27.125,-30.5,-27.75
706,-26.5,-27.875,-22.5,-24.875,-24.875,-25.5,-25.25,-27.125,-30.5,-27.75
707,-26.5,-27.875,-22.5,-24.875,-24.875,-25.5,-25.25,-27.125,-30.5,-27.75
708,-26.5,-27.875,-22.5,-24.875,-24.875,-25.5,-25.25,-27.125,-30.5,-27.75
709,-26.5,-27.875,-22.5,-24.875,-24.875,-25.5,-25.25,-27.125,-30.5,-27.75
710,-26.5,-27.875,-22.5,-24.875,-24.875,-25.5,-25.25,-27.125,-30.5,-27.75
711,-26.5,-27.875,-22.5,-24.875,-24.875,-25.5,-25.25,-27.125,-30.5,-27.75
712,-26.5,-27.875,-22.5,-24.875,-24.875,-25.5,-25.25,-27.125,-30.5,-27.75
713,-26.5,-27.875,-22.5,-24.875,-24.875,-25.5,-25.25,-27.125,-30.5,-27.75
714,-26.5,-27.875,-22.5,-24.875,-24.875,-25.5,-25.25,-27.125,-30.5,-27.75
715,-26.5,-27.875,-22.5,-24.875,-24.875,-25.5,-25.25,-27.125,-30.5,-27.75
716,-26.5,-27.875,-22.5,-24.875,-24.875,-25.5,-25.25,-27.125,-30.5,-27.75
717,-26.5,-27.875,-22.5,-24.875,-24.875,-25.5,-25.25,-27.125,-30.5,-27.75
718,-26.5,-27.875,-22.5,-24.875,-24.875,-25.5,-25.25,-27.125,-30.5,-27.75
719,-26.5,-27.875,-22.5,-24.875,-24.875,-25.5,-25.25,-27.125,-30.5,-27.75
720,-26.5,-27.875,-22.5,-24.875,-24.875,-25.5,-25.25,-27.125,-30.5,-27.75
721,-26.5,-27.875,-22.5,-24.875,-24.875,-25.5,-25.25,-27.125,-30.5,-27.75
722,-26.5,-27.875,-22.5,-24.875,-24.875,-25.5,-25.25,-27.125,-30.5,-27.75
723,-26.5,-27.875,-22.5,-24.875,-24.875,-25.5,-25.25,-27.125,-30.5,-27.75
724,-26.5,-27.875,-22.5,-24.875,-24.875,-25.5,-25.25,-27.125,-30.5,-27.75
725,-26.5,-27.875,-22.5,-24.875,-24.875,-25.5,-25.25,-27.125,-30.5,-27.75
726,-26.5,-27.875,-22.5,-24.875,-24.875,-25.5,-25.25,-27.125,-30.5,-27.75
727,-26.5,-27.875,-22.5,-24.875,-24.875,-25.5,-25.25,-27.125,-30.5,-27.75
728,-26.5,-27.875,-22.5,-24.875,-24.875,-25.5,-25.25,-27.125,-30.5,-27.75
729,-26.5,-27.875,-22.5,-24.875,-24.875,-25.5,-25.25,-27.125,-30.5,-27.75
730,-26.5,-27.875,-22.5,-24.875,-24.875,-25.5,-25.25,-27.125,-30.5,-27.75
731,-26.5,-27.875,-22.5,-24.875,-24.875,-25.5,-25.25,-27.125,-30.5,-27.75
732,-26.5,-27.875,-22.5,-24.875,-24.875,-25.5,-25.25,-27.125,-30.5,-27.75
733,-26.5,-27.875,-22.5,-24.875,-24.875,-25.5,-25.25,-27.125,-30.5,-27.75
734,-26.5,-27.875,-22.5,-24.875,-24.875,-25.5,-25.25,-27.125,-30.5,-27.75
735,-26.5,-27.875,-22.5,-24.875,-24.875,-25.5,-25.25,-27.125,-30.5,-27.75
736,-26.5,-27.875,-22.5,-24.875,-24.875,-25.5,-25.25,-27.125,-30.5,-27.75
737,-26.5,-27.875,-22.5,-24.875,-24.875,-25.5,-25.25,-27.125,-30.5,-27.75
738,-26.5,-27.875,-22.5,-24.875,-24.875,-25.5,-25.25,-27.125,-30.5,-27.75
739,-26.5,-27.875,-22.5,-24.875,-24.875,-25.5,-25.25,-27.125,-30.5,-27.75
740,-26.5,-27.875,-22.5,-24.875,-24.875,-25.5,-25.25,-27.125,-30.5,-27.75
741,-26.5,-27.875,-22.5,-24.875,-24.875,-25.5,-25.25,-27.125,-30.5,-27.75
742,-26.5,-27.875,-22.5,-24.875,-24.875,-25.5,-25.25,-27.125,-30.5,-27.75
743,-26.5,-27.875,-22.5,-24.875,-24.875,-25.5,-25.25,-27.125,-30.5,-27.75
744,-26.5,-27.875,-22.5,-24.875,-24.875,-25.5,-25.25,-27.125,-30.5,-27.75
745,-26.5,-27.875,-22.5,-24.875,-24.875,-25.5,-25.25,-27.125,-30.5,-27.75
746,-26.5,-27.875,-22.5,-24.875,-24.875,-25.5,-25.25,-27.125,-30.5,-27.75
747,-26.5,-27.875,-22.5,-24.875,-24.875,-25.5,-25.25,-27.125,-30.5,-27.75
748,-26.5,-27.875,-22.5,-24.875,-24.875,-25.5,-25.25,-27.125,-30.5,-27.75
749,-26.5,-27.875,-22.5,-24.875,-24.875,-25.5,-25.25,-27.125,-30.5,-27.75
750,-26.5,-27.875,-22.5,-24.875,-24.875,-25.5,-25.25,-27.125,-30.5,-27.75
751,-26.5,-27.875,-22.5,-24.875,-24.875,-25.5,-25.25,-27.125,-30.5,-27.75
752,-26.5,-27.875,-22.5,-24.875,-24.875,-25.5,-25.25,-27.125,-30.5,-27.75
753,-26.5,-27.875,-22.5,-24.875,-24.875,-25.5,-25.25,-27.125,-30.5,-27.75
754,-26.5,-27.875,-22.5,-24.875,-24.875,-25.5,-25.25,-27.125,-30.5,-27.75
755,-26.5,-27.875,-22.5,-24.875,-24.875,-25.5,-25.25,-27.125,-30.5,-27.75
756,-26.5,-27.875,-22.5,-24.875,-24.875,-25.5,-25.25,-27.125,-30.5,-27.75
757,-26.5,-27.875,-22.5,-24.875,-24.875,-25.5,-25.25,-27.125,-30.5,-27.75
758,-26.5,-27.875,-22.5,-24.875,-24.875,-25.5,-25.25,-27.125,-30.5,-27.75
759,-26.5,-27.875,-22.5,-24.875,-24.875,-25.5,-25.25,-27.125,-30.5,-27.75
760,-26.5,-27.875,-22.5,-24.875,-24.875,-25.5,-25.25,-27.125,-30.5,-27.75
761,-26.5,-27.875,-22.5,-24.875,-24.875,-25.5,-25.25,-27.125,-30.5,-27.75
762,-26.5,-27.875,-22.5,-24.875,-24.875,-25.5,-25.25,-27.125,-30.5,-27.75
763,-26.5,-27.875,-22.5,-24.875,-24.875,-25.5,-25.25,-27.125,-30.5,-27.75
764,-26.5,-27.875,-22.5,-24.875,-24.875,-25.5,-25.25,-27.125,-30.5,-27.75
765,-26.5,-27.875,-22.5,-24.875,-24.875,-25.5,-25.25,-27.125,-30.5,-27.75
766,-26.5,-27.875,-22.5,-24.875,-24.875,-25.5,-25.25,-27.125,-30.5,-27.75
767,-26.5,-27.875,-22.5,-24.875,-24.875,-25.5,-25.25,-27.125,-30.5,-27.75
768,-26.5,-27.875,-22.5,-24.875,-24.875,-25.5,-25.25,-27.125,-30.5,-27.75
769,-26.5,-27.875,-22.5,-24.875,-24.875,-25.5,-25.25,-27.125,-30.5,-27.75
770,-26.5,-27.875,-22.5,-24.875,-24.875,-25.5,-25.25,-27.125,-30.5,-27.75
771,-26.5,-27.875,-22.5,-24.875,-24.875,-25.5,-25.25,-27.125,-30.5,-27.75
772,-26.5,-27.875,-22.5,-24.875,-24.875,-25.5,-25.25,-27.125,-30.5,-27.75
773,-26.5,-27.875,-22.5,-24.875,-24.875,-25.5,-25.25,-27.125,-30.5,-27.75
774,-26.5,-27.875,-22.5,-24.875,-24.875,-25.5,-25.25,-27.125,-30.5,-27.75
775,-26.5,-27.875,-22.5,-24.875,-24.875,-25.5,-25.25,-27.125,-30.5,-27.75
776,-26.5,-27.875,-22.5,-24.875,-24.875,-25.5,-25.25,-27.125,-30.5,-27.75
777,-26.5,-27.875,-22.5,-24.875,-24.875,-25.5,-25.25,-27.125,-30.5,-27.75
778,-26.5,-27.875,-22.5,-24.875,-24.875,-25.5,-25.25,-27.125,-30.5,-27.75
779,-26.5,-27.875,-22.5,-24.875,-24.875,-25.5,-25.25,-27.125,-30.5,-27.75
780,-26.5,-27.875,-22.5,-24.875,-24.875,-25.5,-25.25,-27.125,-30.5,-27.75
781,-26.5,-27.875,-22.5,-24.875,-24.875,-25.5,-25.25,-27.125,-30.5,-27.75
782,-26.5,-27.875,-22.5,-24.875,-24.875,-25.5,-25.25,-27.125,-30.5,-27.75
783,-26.5,-27.875,-22.5,-24.875,-24.875,-25.5,-25.25,-27.125,-30.5,-27.75
784,-26.5,-27.875,-22.5,-24.875,-24.875,-25.5,-25.25,-27.125,-30.5,-27.75
785,-26.5,-27.875,-22.5,-24.875,-24.875,-25.5,-25.25,-27.125,-30.5,-27.75
786,-26.5,-27.875,-22.5,-24.875,-24.875,-25.5,-25.25,-27.125,-30.5,-27.75
787,-26.5,-27.875,-22.5,-24.875,-24.875,-25.5,-25.25,-27.125,-30.5,-27.75
788,-26.5,-27.875,-22.5,-24.875,-24.875,-25.5,-25.25,-27.125,-30.5,-27.75
789,-26.5,-27.875,-22.5,-24.875,-24.875,-25.5,-25.25,-27.125,-30.5,-27.75
790,-26.5,-27.875,-22.5,-24.875,-24.875,-25.5,-25.25,-27.125,-30.5,-27.75
791,-26.5,-27.875,-22.5,-24.875,-24.875,-25.5,-25.25,-27.125,-30.5,-27.75
792,-26.5,-27.875,-22.5,-24.875,-24.875,-25.5,-25.25,-27.125,-30.5,-27.75
793,-26.5,-27.875,-22.5,-24.875,-24.875,-25.5,-25.25,-27.125,-30.5,-27.75
794,-26.5,-27.875,-22.5,-24.875,-24.875,-25.5,-25.25,-27.125,-30.5,-27.75
795,-26.5,-27.875,-22.5,-24.875,-24.875,-25.5,-25.25,-27.125,-30.5,-27.75
796,-26.5,-27.875,-22.5,-24.875,-24.875,-25.5,-25.25,-27.125,-30.5,-27.75
797,-26.5,-27.875,-22.5,-24.875,-24.875,-25.5,-25.25,-27.125,-30.5,-27.75
798,-26.5,-27.875,-22.5,-24.875,-24.875,-25.5,-25.25,-27.125,-30.5,-27.75
799,-26.5,-27.875,-22.5,-24.875,-24.875,-25.5,-25.25,-27.125,-30.5,-27.75
800,-26.5,-27.875,-22.5,-24.875,-24.875,-25.5,-25.25,-27.125,-30.5,-27.75
801,-26.5,-27.875,-22.5,-24.875,-24.875,-25.5,-25.25,-27.125,-30.5,-27.75
802,-26.5,-27.875,-22.5,-24.875,-24.875,-25.5,-25.25,-27.125,-30.5,-27.75
803,-26.5,-27.875,-22.5,-24.875,-24.875,-25.5,-25.25,-27.125,-30.5,-27.75
804,-26.5,-27.875,-22.5,-24.875,-24.875,-25.5,-25.25,-27.125,-30.5,-27.75
805,-26.5,-27.875,-22.5,-24.875,-24.875,-25.5,-25.25,-27.125,-30.5,-27.75
806,-26.5,-27.875,-22.5,-24.875,-24.875,-25.5,-25.25,-27.125,-30.5,-27.75
807,-26.5,-27.875,-22.5,-24.875,-24.875,-25.5,-25.25,-27.125,-30.5,-27.75
808,-26.5,-27.875,-22.5,-24.875,-24.875,-25.5,-25.25,-27.125,-30.5,-27.75
809,-26.5,-27.875,-22.5,-24.875,-24.875,-25.5,-25.25,-27.125,-30.5,-27.75
810,-26.5,-27.875,-22.5,-24.875,-24.875,-25.5,-25.25,-27.125,-30.5,-27.75
811,-26.5,-27.875,-22.5,-24.875,-24.875,-25.5,-25.25,-27.125,-30.5,-27.75
812,-26.5,-27.875,-22.5,-24.875,-24.875,-25.5,-25.25,-27.125,-30.5,-27.75
813,-26.5,-27.875,-22.5,-24.875,-24.875,-25.5,-25.25,-27.125,-30.5,-27.75
814,-26.5,-27.875,-22.5,-24.875,-24.875,-25.5,-25.25,-27.125,-30.5,-27.75
815,-26.5,-27.875,-22.5,-24.875,-24.875,-25.5,-25.25,-27.125,-30.5,-27.75
816,-26.5,-27.875,-22.5,-24.875,-24.875,-25.5,-25.25,-27.125,-30.5,-27.75
817,-26.5,-27.875,-22.5,-24.875,-24.875,-25.5,-25.25,-27.125,-30.5,-27.75
818,-26.5,-27.875,-22.5,-24.875,-24.875,-25.5,-25.25,-27.125,-30.5,-27.75
819,-26.5,-27.875,-22.5,-24.875,-24.875,-25.5,-25.25,-27.125,-30.5,-27.75
820,-26.5,-27.875,-22.5,-24.875,-24.875,-25.5,-25.25,-27.125,-30.5,-27.75
821,-26.5,-27.875,-22.5,-24.875,-24.875,-25.5,-25.25,-27.125,-30.5,-27.75
822,-26.5,-27.875,-22.5,-24.875,-24.875,-25.5,-25.25,-27.125,-30.5,-27.75
823,-26.5,-27.875,-22.5,-24.875,-24.875,-25.5,-25.25,-27.125,-30.5,-27.75
824,-26.5,-27.875,-22.5,-24.875,-24.875,-25.5,-25.25,-27.125,-30.5,-27.75
825,-26.5,-27.875,-22.5,-24.875,-24.875,-25.5,-25.25,-27.125,-30.5,-27.75
826,-26.5,-27.875,-22.5,-24.875,-24.875,-25.5,-25.25,-27.125,-30.5,-27.75
827,-26.5,-27.875,-22.5,-24.875,-24.875,-25.5,-25.25,-27.125,-30.5,-27.75
828,-26.5,-27.875,-22.5,-24.875,-24.875,-25.5,-25.25,-27.125,-30.5,-27.75
829,-26.5,-27.875,-22.5,-24.875,-24.875,-25.5,-25.25,-27.125,-30.5,-27.75
830,-26.5,-27.875,-22.5,-24.875,-24.875,-25.5,-25.25,-27.125,-30.5,-27.75
831,-26.5,-27.875,-22.5,-24.875,-24.875,-25.5,-25.25,-27.125,-30.5,-27.75
832,-26.5,-27.875,-22.5,-24.875,-24.875,-25.5,-25.25,-27.125,-30.5,-27.75
833,-26.5,-27.875,-22.5,-24.875,-24.875,-25.5,-25.25,-27.125,-30.5,-27.75
834,-26.5,-27.875,-22.5,-24.875,-24.875,-25.5,-25.25,-27.125,-30.5,-27.75
835,-26.5,-27.875,-22.5,-24.875,-24.875,-25.5,-25.25,-27.125,-30.5,-27.75
836,-26.5,-27.875,-22.5,-24.875,-24.875,-25.5,-25.25,-27.125,-30.5,-27.75
837,-26.5,-27.875,-22.5,-24.875,-24.875,-25.5,-25.25,-27.125,-30.5,-27.75
838,-26.5,-27.875,-22.5,-24.875,-24.875,-25.5,-25.25,-27.125,-30.5,-27.75
839,-26.5,-27.875,-22.5,-24.875,-24.875,-25.5,-25.25,-27.125,-30.5,-27.75
840,-26.5,-27.875,-22.5,-24.875,-24.875,-25.5,-25.25,-27.125,-30.5,-27.75
841,-26.5,-27.875,-22.5,-24.875,-24.875,-25.5,-25.25,-27.125,-30.5,-27.75
842,-26.5,-27.875,-22.5,-24.875,-24.875,-25.5,-25.25,-27.125,-30.5,-27.75
843,-26.5,-27.875,-22.5,-24.875,-24.875,-25.5,-25.25,-27.125,-30.5,-27.75
844,-26.5,-27.875,-22.5,-24.875,-24.875,-25.5,-25.25,-27.125,-30.5,-27.75
845,-26.5,-27.875,-22.5,-24.875,-24.875,-25.5,-25.25,-27.125,-30.5,-27.75
846,-26.5,-27.875,-22.5,-24.875,-24.875,-25.5,-25.25,-27.125,-30.5,-27.75
847,-26.5,-27.875,-22.5,-24.875,-24.875,-25.5,-25.25,-27.125,-30.5,-27.75
848,-26.5,-27.875,-22.5,-24.875,-24.875,-25.5,-25.25,-27.125,-30.5,-27.75
849,-26.5,-27.875,-22.5,-24.875,-24.875,-25.5,-25.25,-27.125,-30.5,-27.75
850,-26.5,-27.875,-22.5,-24.875,-24.875,-25.5,-25.25,-27.125,-30.5,-27.75
851,-26.5,-27.875,-22.5,-24.875,-24.875,-25.5,-25.25,-27.125,-30.5,-27.75
852,-26.5,-27.875,-22.5,-24.875,-24.875,-25.5,-25.25,-27.125,-30.5,-27.75
853,-26.5,-27.875,-22.5,-24.875,-24.875,-25.5,-25.25,-27.125,-30.5,-27.75
854,-26.5,-27.875,-22.5,-24.875,-24.875,-25.5,-25.25,-27.125,-30.5,-27.75
855,-26.5,-27.875,-22.5,-24.875,-24.875,-25.5,-25.25,-27.125,-30.5,-27.75
856,-26.5,-27.875,-22.5,-24.875,-24.875,-25.5,-25.25,-27.125,-30.5,-27.75
857,-26.5,-27.875,-22.5,-24.875,-24.875,-25.5,-25.25,-27.125,-30.5,-27.75
858,-26.5,-27.875,-22.5,-24.875,-24.875,-25.5,-25.25,-27.125,-30.5,-27.75
859,-26.5,-27.875,-22.5,-24.875,-24.875,-25.5,-25.25,-27.125,-30.5,-27.75
860,-26.5,-27.875,-22.5,-24.875,-24.875,-25.5,-25.25,-27.125,-30.5,-27.75
861,-26.5,-27.875,-22.5,-24.875,-24.875,-25.5,-25.25,-27.125,-30.5,-27.75
862,-26.5,-27.875,-22.5,-24.875,-24.875,-25.5,-25.25,-27.125,-30.5,-27.75
863,-26.5,-27.875,-22.5,-24.875,-24.875,-25.5,-25.25,-27.125,-30.5,-27.75
864,-26.5,-27.875,-22.5,-24.875,-24.875,-25.5,-25.25,-27.125,-30.5,-27.75
865,-26.5,-27.875,-22.5,-24.875,-24.875,-25.5,-25.25,-27.125,-30.5,-27.75
866,-26.5,-27.875,-22.5,-24.875,-24.875,-25.5,-25.25,-27.125,-30.5,-27.75
867,-26.5,-27.875,-22.5,-24.875,-24.875,-25.5,-25.25,-27.125,-30.5,-27.75
868,-26.5,-27.875,-22.5,-24.875,-24.875,-25.5,-25.25,-27.125,-30.5,-27.75
869,-26.5,-27.875,-22.5,-24.875,-24.875,-25.5,-25.25,-27.125,-30.5,-27.75
870,-26.5,-27.875,-22.5,-24.875,-24.875,-25.5,-25.25,-27.125,-30.5,-27.75
871,-26.5,-27.875,-22.5,-24.875,-24.875,-25.5,-25.25,-27.125,-30.5,-27.75
872,-26.5,-27.875,-22.5,-24.875,-24.875,-25.5,-25.25,-27.125,-30.5,-27.75
873,-26.5,-27.875,-22.5,-24.875,-24.875,-25.5,-25.25,-27.125,-30.5,-27.75
874,-26.5,-27.875,-22.5,-24.875,-24.875,-25.5,-25.25,-27.125,-30.5,-27.75
875,-26.5,-27.875,-22.5,-24.875,-24.875,-25.5,-25.25,-27.125,-30.5,-27.75
876,-26.5,-27.875,-22.5,-24.875,-24.875,-25.5,-25.25,-27.125,-30.5,-27.75
877,-26.5,-27.875,-22.5,-24.875,-24.875,-25.5,-25.25,-27.125,-30.5,-27.75
878,-26.5,-27.875,-22.5,-24.875,-24.875,-25.5,-25.25,-27.125,-30.5,-27.75
879,-26.5,-27.875,-22.5,-24.875,-24.875,-25.5,-25.25,-27.125,-30.5,-27.75
880,-26.5,-27.875,-22.5,-24.875,-24.875,-25.5,-25.25,-27.125,-30.5,-27.75
881,-26.5,-27.875,-22.5,-24.875,-24.875,-25.5,-25.25,-27.125,-30.5,-27.75
882,-26.5,-27.875,-22.5,-24.875,-24.875,-25.5,-25.25,-27.125,-30.5,-27.75
883,-26.5,-27.875,-22.5,-24.875,-24.875,-25.5,-25.25,-27.125,-30.5,-27.75
884,-26.5,-27.875,-22.5,-24.875,-24.875,-25.5,-25.25,-27.125,-30.5,-27.75
885,-26.5,-27.875,-22.5,-24.875,-24.875,-25.5,-25.25,-27.125,-30.5,-27.75
886,-26.5,-27.875,-22.5,-24.875,-24.875,-25.5,-25.25,-27.125,-30.5,-27.75
887,-26.5,-27.875,-22.5,-24.875,-24.875,-25.5,-25.25,-27.125,-30.5,-27.75
888,-26.5,-27.875,-22.5,-24.875,-24.875,-25.5,-25.25,-27.125,-30.5,-27.75
889,-26.5,-27.875,-22.5,-24.875,-24.875,-25.5,-25.25,-27.125,-30.5,-27.75
890,-26.5,-27.875,-22.5,-24.875,-24.875,-25.5,-25.25,-27.125,-30.5,-27.75
891,-26.5,-27.875,-22.5,-24.875,-24.875,-25.5,-25.25,-27.125,-30.5,-27.75
892,-26.5,-27.875,-22.5,-24.875,-24.875,-25.5,-25.25,-27.125,-30.5,-27.75
893,-26.5,-27.875,-22.5,-24.875,-24.875,-25.5,-25.25,-27.125,-30.5,-27.75
894,-26.5,-27.875,-22.5,-24.875,-24.875,-25.5,-25.25,-27.125,-30.5,-27.75
895,-26.5,-27.875,-22.5,-24.875,-24.875,-25.5,-25.25,-27.125,-30.5,-27.75
896,-26.5,-27.875,-22.5,-24.875,-24.875,-25.5,-25.25,-27.125,-30.5,-27.75
897,-26.5,-27.875,-22.5,-24.875,-24.875,-25.5,-25.25,-27.125,-30.5,-27.75
898,-26.5,-27.875,-22.5,-24.875,-24.875,-25.5,-25.25,-27.125,-30.5,-27.75
899,-26.5,-27.875,-22.5,-24.875,-24.875,-25.5,-25.25,-27.125,-30.5,-27.75
900,-26.5,-27.875,-22.5,-24.875,-24.875,-25.5,-25.25,-27.125,-30.5,-27.75
901,-26.5,-27.875,-22.5,-24.875,-24.875,-25.5,-25.25,-27.125,-30.5,-27.75
902,-26.5,-27.875,-22.5,-24.875,-24.875,-25.5,-25.25,-27.125,-30.5,-27.75
903,-26.5,-27.875,-22.5,-24.875,-24.875,-25.5,-25.25,-27.125,-30.5,-27.75
904,-26.5,-27.875,-22.5,-24.875,-24.875,-25.5,-25.25,-27.125,-30.5,-27.75
905,-26.5,-27.875,-22.5,-24.875,-24.875,-25.5,-25.25,-27.125,-30.5,-27.75
906,-26.5,-27.875,-22.5,-24.875,-24.875,-25.5,-25.25,-27.125,-30.5,-27.75
907,-26.5,-27.875,-22.5,-24.875,-24.875,-25.5,-25.25,-27.125,-30.5,-27.75
908,-26.5,-27.875,-22.5,-24.875,-24.875,-25.5,-25.25,-27.125,-30.5,-27.75
909,-26.5,-27.875,-22.5,-24.875,-24.875,-25.5,-25.25,-27.125,-30.5,-27.75
910,-26.5,-27.875,-22.5,-24.875,-24.875,-25.5,-25.25,-27.125,-30.5,-27.75
911,-26.5,-27.875,-22.5,-24.875,-24.875,-25.5,-25.25,-27.125,-30.5,-27.75
912,-26.5,-27.875,-22.5,-24.875,-24.875,-25.5,-25.25,-27.125,-30.5,-27.75
913,-26.5,-27.875,-22.5,-24.875,-24.875,-25.5,-25.25,-27.125,-30.5,-27.75
914,-26.5,-27.875,-22.5,-24.875,-24.875,-25.5,-25.25,-27.125,-30.5,-27.75
915,-26.5,-27.875,-22.5,-24.875,-24.875,-25.5,-25.25,-27.125,-30.5,-27.75
916,-26.5,-27.875,-22.5,-24.875,-24.875,-25.5,-25.25,-27.125,-30.5,-27.75
917,-26.5,-27.875,-22.5,-24.875,-24.875,-25.5,-25.25,-27.125,-30.5,-27.75
918,-26.5,-27.875,-22.5,-24.875,-24.875,-25.5,-25.25,-27.125,-30.5,-27.75
919,-26.5,-27.875,-22.5,-24.875,-24.875,-25.5,-25.25,-27.125,-30.5,-27.75
920,-26.5,-27.875,-22.5,-24.875,-24.875,-25.5,-25.25,-27.125,-30.5,-27.75
921,-26.5,-27.875,-22.5,-24.875,-24.875,-25.5,-25.25,-27.125,-30.5,-27.75
922,-26.5,-27.875,-22.5,-24.875,-24.875,-25.5,-25.25,-27.125,-30.5,-27.75
923,-26.5,-27.875,-22.5,-24.875,-24.875,-25.5,-25.25,-27.125,-30.5,-27.75
924,-26.5,-27.875,-22.5,-24.875,-24.875,-25.5,-25.25,-27.125,-30.5,-27.75
925,-26.5,-27.875,-22.5,-24.875,-24.875,-25.5,-25.25,-27.125,-30.5,-27.75
926,-26.5,-27.875,-22.5,-24.875,-24.875,-25.5,-25.25,-27.125,-30.5,-27.75
927,-26.5,-27.875,-22.5,-24.875,-24.875,-25.5,-25.25,-27.125,-30.5,-27.75
928,-26.5,-27.875,-22.5,-24.875,-24.875,-25.5,-25.25,-27.125,-30.5,-27.75
929,-26.5,-27.875,-22.5,-24.875,-24.875,-25.5,-25.25,-27.125,-30.5,-27.75
930,-26.5,-27.875,-22.5,-24.875,-24.875,-25.5,-25.25,-27.125,-30.5,-27.75
931,-26.5,-27.875,-22.5,-24.875,-24.875,-25.5,-25.25,-27.125,-30.5,-27.75
932,-26.5,-27.875,-22.5,-24.875,-24.875,-25.5,-25.25,-27.125,-30.5,-27.75
933,-26.5,-27.875,-22.5,-24.875,-24.875,-25.5,-25.25,-27.125,-30.5,-27.75
934,-26.5,-27.875,-22.5,-24.875,-24.875,-25.5,-25.25,-27.125,-30.5,-27.75
935,-26.5,-27.875,-22.5,-24.875,-24.875,-25.5,-25.25,-27.125,-30.5,-27.75
936,-26.5,-27.875,-22.5,-24.875,-24.875,-25.5,-25.25,-27.125,-30.5,-27.75
937,-26.5,-27.875,-22.5,-24.875,-24.875,-25.5,-25.25,-27.125,-30.5,-27.75
938,-26.5,-27.875,-22.5,-24.875,-24.875,-25.5,-25.25,-27.125,-30.5,-27.75
939,-26.5,-27.875,-22.5,-24.875,-24.875,-25.5,-25.25,-27.125,-30.5,-27.75
940,-26.5,-27.875,-22.5,-24.875,-24.875,-25.5,-25.25,-27.125,-30.5,-27.75
941,-26.5,-27.875,-22.5,-24.875,-24.875,-25.5,-25.25,-27.125,-30.5,-27.75
942,-26.5,-27.875,-22.5,-24.875,-24.875,-25.5,-25.25,-27.125,-30.5,-27.75
943,-26.5,-27.875,-22.5,-24.875,-24.875,-25.5,-25.25,-27.125,-30.5,-27.75
944,-26.5,-27.875,-22.5,-24.875,-24.875,-25.5,-25.25,-27.125,-30.5,-27.75
945,-26.5,-27.875,-22.5,-24.875,-24.875,-25.5,-25.25,-27.125,-30.5,-27.75
946,-26.5,-27.875,-22.5,-24.875,-24.875,-25.5,-25.25,-27.125,-30.5,-27.75
947,-26.5,-27.875,-22.5,-24.875,-24.875,-25.5,-25.25,-27.125,-30.5,-27.75
948,-26.5,-27.875,-22.5,-24.875,-24.875,-25.5,-25.25,-27.125,-30.5,-27.75
949,-26.5,-27.875,-22.5,-24.875,-24.875,-25.5,-25.25,-27.125,-30.5,-27.75
950,-26.5,-27.875,-22.5,-24.875,-24.875,-25.5,-25.25,-27.125,-30.5,-27.75
951,-26.5,-27.875,-22.5,-24.875,-24.875,-25.5,-25.25,-27.125,-30.5,-27.75
952,-26.5,-27.875,-22.5,-24.875,-24.875,-25.5,-25.25,-27.125,-30.5,-27.75
953,-26.5,-27.875,-22.5,-24.875,-24.875,-25.5,-25.25,-27.125,-30.5,-27.75
954,-26.5,-27.875,-22.5,-24.875,-24.875,-25.5,-25.25,-27.125,-30.5,-27.75
955,-26.5,-27.875,-22.5,-24.875,-24.875,-25.5,-25.25,-27.125,-30.5,-27.75
956,-26.5,-27.875,-22.5,-24.875,-24.875,-25.5,-25.25,-27.125,-30.5,-27.75
957,-26.5,-27.875,-22.5,-24.875,-24.875,-25.5,-25.25,-27.125,-30.5,-27.75
958,-26.5,-27.875,-22.5,-24.875,-24.875,-25.5,-25.25,-27.125,-30.5,-27.75
959,-26.5,-27.875,-22.5,-24.875,-24.875,-25.5,-25.25,-27.125,-30.5,-27.75
960,-26.5,-27.875,-22.5,-24.875,-24.875,-25.5,-25.25,-27.125,-30.5,-27.75
961,-26.5,-27.875,-22.5,-24.875,-24.875,-25.5,-25.25,-27.125,-30.5,-27.75
962,-26.5,-27.875,-22.5,-24.875,-24.875,-25.5,-25.25,-27.125,-30.5,-27.75
963,-26.5,-27.875,-22.5,-24.875,-24.875,-25.5,-25.25,-27.125,-30.5,-27.75
964,-26.5,-27.875,-22.5,-24.875,-24.875,-25.5,-25.25,-27.125,-30.5,-27.75
965,-26.5,-27.875,-22.5,-24.875,-24.875,-25.5,-25.25,-27.125,-30.5,-27.75
966,-26.5,-27.875,-22.5,-24.875,-24.875,-25.5,-25.25,-27.125,-30.5,-27.75
967,-26.5,-27.875,-22.5,-24.875,-24.875,-25.5,-25.25,-27.125,-30.5,-27.75
968,-26.5,-27.875,-22.5,-24.875,-24.875,-25.5,-25.25,-27.125,-30.5,-27.75
969,-26.5,-27.875,-22.5,-24.875,-24.875,-25.5,-25.25,-27.125,-30.5,-27.75
970,-26.5,-27.875,-22.5,-24.875,-24.875,-25.5,-25.25,-27.125,-30.5,-27.75
971,-26.5,-27.875,-22.5,-24.875,-24.875,-25.5,-25.25,-27.125,-30.5,-27.75
972,-26.5,-27.875,-22.5,-24.875,-24.875,-25.5,-25.25,-27.125,-30.5,-27.75
973,-26.5,-27.875,-22.5,-24.875,-24.875,-25.5,-25.25,-27.125,-30.5,-27.75
974,-26.5,-27.875,-22.5,-24.875,-24.875,-25.5,-25.25,-27.125,-30.5,-27.75
975,-26.5,-27.875,-22.5,-24.875,-24.875,-25.5,-25.25,-27.125,-30.5,-27.75
976,-26.5,-27.875,-22.5,-24.875,-24.875,-25.5,-25.25,-27.125,-30.5,-27.75
977,-26.5,-27.875,-22.5,-24.875,-24.875,-25.5,-25.25,-27.125,-30.5,-27.75
978,-26.5,-27.875,-22.5,-24.875,-24.875,-25.5,-25.25,-27.125,-30.5,-27.75
979,-26.5,-27.875,-22.5,-24.875,-24.875,-25.5,-25.25,-27.125,-30.5,-27.75
980,-26.5,-27.875,-22.5,-24.875,-24.875,-25.5,-25.25,-27.125,-30.5,-27.75
981,-26.5,-27.875,-22.5,-24.875,-24.875,-25.5,-25.25,-27.125,-30.5,-27.75
982,-26.5,-27.875,-22.5,-24.875,-24.875,-25.5,-25.25,-27.125,-30.5,-27.75
983,-26.5,-27.875,-22.5,-24.875,-24.875,-25.5,-25.25,-27.125,-30.5,-27.75
984,-26.5,-27.875,-22.5,-24.875,-24.875,-25.5,-25.25,-27.125,-30.5,-27.75
985,-26.5,-27.875,-22.5,-24.875,-24.875,-25.5,-25.25,-27.125,-30.5,-27.75
986,-26.5,-27.875,-22.5,-24.875,-24.875,-25.5,-25.25,-27.125,-30.5,-27.75
987,-26.5,-27.875,-22.5,-24.875,-24.875,-25.5,-25.25,-27.125,-30.5,-27.75
988,-26.5,-27.875,-22.5,-24.875,-24.875,-25.5,-25.25,-27.125,-30.5,-27.75
989,-26.5,-27.875,-22.5,-24.875,-24.875,-25.5,-25.25,-27.125,-30.5,-27.75
990,-26.5,-27.875,-22.5,-24.875,-24.875,-25.5,-25.25,-27.125,-30.5,-27.75
991,-26.5,-27.875,-22.5,-24.875,-24.875,-25.5,-25.25,-27.125,-30.5,-27.75
992,-26.5,-27.875,-22.5,-24.875,-24.875,-25.5,-25.25,-27.125,-30.5,-27.75
993,-26.5,-27.875,-22.5,-24.875,-24.875,-25.5,-25.25,-27.125,-30.5,-27.75
994,-26.5,-27.875,-22.5,-24.875,-24.875,-25.5,-25.25,-27.125,-30.5,-27.75
995,-26.5,-27.875,-22.5,-24.875,-24.875,-25.5,-25.25,-27.125,-30.5,-27.75
996,-26.5,-27.875,-22.5,-24.875,-24.875,-25.5,-25.25,-27.125,-30.5,-27.75
997,-26.5,-27.875,-22.5,-24.875,-24.875,-25.5,-25.25,-27.125,-30.5,-27.75
998,-26.5,-27.875,-22.5,-24.875,-24.875,-25.5,-25.25,-27.125,-30.5,-27.75
999,-26.5,-27.875,-22.5,-24.875,-24.875,-25.5,-25.25,-27.125,-30.5,-27.75
