,elephant,dolphin,panda,lion,kangaroo,base
000,1.1005616142509616,0.8480816839985681,1.0973932680399061,0.9773328019165637,0.9777992419094872,1.0
001,0.9400630455060297,0.6209169472132374,0.9373567497840867,0.9391557393416979,1.566006598370663,1.0
002,0.0,0.4967335577705899,1.9996943995393848,1.0017661219644778,1.5033663344358366,1.0
003,0.8356115960053597,1.6557785259019664,0.833205999808077,0.8348051016370648,0.8352035191310203,1.0
004,1.0027339152064316,0.0,0.9998471997696924,1.0017661219644778,2.0044884459144487,1.0
005,0.0,2.4836677888529497,0.833205999808077,1.6696102032741296,0.0,1.0
006,0.0,0.0,2.499617999424231,1.2522076524555974,1.2528052786965305,1.0
007,0.0,2.4836677888529497,0.833205999808077,1.6696102032741296,0.0,1.0
008,0.7162385108617368,0.0,0.714176571264066,1.4310944599492539,2.147666192051195,1.0
009,0.8356115960053597,0.8278892629509832,0.833205999808077,1.6696102032741296,0.8352035191310203,1.0
010,0.0,0.8278892629509832,1.666411999616154,1.6696102032741296,0.8352035191310203,1.0
011,1.2534173940080395,1.2418338944264748,0.0,0.0,2.505610557393061,1.0
012,0.0,1.9869342310823597,1.4997707996545386,0.0,1.5033663344358366,1.0
013,0.8356115960053597,1.6557785259019664,0.833205999808077,0.8348051016370648,0.8352035191310203,1.0
014,0.0,0.0,0.0,0.0,5.011221114786122,1.0
015,0.0,0.0,0.0,0.0,0.0,0.0
016,5.013669576032158,0.0,0.0,0.0,0.0,1.0
017,0.0,1.6557785259019664,0.0,1.6696102032741296,1.6704070382620406,1.0
018,0.0,3.311557051803933,0.0,0.0,1.6704070382620406,1.0
019,1.2534173940080395,0.0,2.499617999424231,1.2522076524555974,0.0,1.0
020,0.0,0.0,4.999235998848462,0.0,0.0,1.0
021,1.6712231920107194,0.0,0.0,1.6696102032741296,1.6704070382620406,1.0
022,0.0,0.0,0.0,0.0,0.0,0.0
023,1.0027339152064316,1.9869342310823597,0.0,1.0017661219644778,1.0022442229572244,1.0
024,2.506834788016079,2.4836677888529497,0.0,0.0,0.0,1.0
025,2.506834788016079,2.4836677888529497,0.0,0.0,0.0,1.0
026,0.0,0.0,0.0,5.00883060982239,0.0,1.0
027,0.0,0.0,0.0,0.0,0.0,0.0
028,0.0,2.4836677888529497,2.499617999424231,0.0,0.0,1.0
029,2.0054678304128633,1.9869342310823597,0.0,0.0,1.0022442229572244,1.0
030,0.0,0.0,2.499617999424231,2.504415304911195,0.0,1.0
031,5.013669576032158,0.0,0.0,0.0,0.0,1.0
032,0.0,1.6557785259019664,0.0,0.0,3.3408140765240812,1.0
033,0.0,0.0,0.0,0.0,5.011221114786122,1.0
034,0.0,0.0,0.0,0.0,0.0,0.0
035,0.0,0.0,0.0,3.005298365893433,2.0044884459144487,1.0
036,0.0,0.0,2.499617999424231,2.504415304911195,0.0,1.0
037,0.0,0.0,0.0,0.0,0.0,0.0
038,1.2534173940080395,1.2418338944264748,1.2498089997121156,0.0,1.2528052786965305,1.0
039,0.0,2.4836677888529497,2.499617999424231,0.0,0.0,1.0
040,0.0,4.967335577705899,0.0,0.0,0.0,1.0
041,3.342446384021439,1.6557785259019664,0.0,0.0,0.0,1.0
042,0.0,4.967335577705899,0.0,0.0,0.0,1.0
043,1.6712231920107194,1.6557785259019664,0.0,1.6696102032741296,0.0,1.0
044,2.506834788016079,0.0,2.499617999424231,0.0,0.0,1.0
045,2.506834788016079,2.4836677888529497,0.0,0.0,0.0,1.0
046,0.0,0.0,0.0,0.0,0.0,0.0
047,0.0,2.4836677888529497,0.0,2.504415304911195,0.0,1.0
048,5.013669576032158,0.0,0.0,0.0,0.0,1.0
049,5.013669576032158,0.0,0.0,0.0,0.0,1.0
050,3.342446384021439,0.0,0.0,1.6696102032741296,0.0,1.0
051,0.0,0.0,1.666411999616154,1.6696102032741296,1.6704070382620406,1.0
052,0.0,0.0,0.0,2.504415304911195,2.505610557393061,1.0
053,0.0,0.0,0.0,0.0,0.0,0.0
054,0.0,0.0,0.0,0.0,0.0,0.0
055,0.0,0.0,0.0,0.0,0.0,0.0
056,0.0,0.0,0.0,0.0,0.0,0.0
057,1.6712231920107194,0.0,0.0,3.339220406548259,0.0,1.0
058,0.0,0.0,0.0,0.0,5.011221114786122,1.0
059,0.0,0.0,0.0,0.0,5.011221114786122,1.0
060,0.0,2.4836677888529497,0.0,2.504415304911195,0.0,1.0
061,0.0,2.4836677888529497,0.0,0.0,2.505610557393061,1.0
062,2.506834788016079,0.0,1.2498089997121156,0.0,1.2528052786965305,1.0
063,0.0,0.0,0.0,0.0,5.011221114786122,1.0
064,0.0,0.0,0.0,5.00883060982239,0.0,1.0
065,0.0,0.0,0.0,5.00883060982239,0.0,1.0
066,0.0,0.0,0.0,0.0,0.0,0.0
067,2.506834788016079,0.0,2.499617999424231,0.0,0.0,1.0
068,0.0,2.4836677888529497,0.0,0.0,2.505610557393061,1.0
069,0.0,4.967335577705899,0.0,0.0,0.0,1.0
070,0.0,0.0,0.0,0.0,0.0,0.0
071,1.6712231920107194,0.0,0.0,1.6696102032741296,1.6704070382620406,1.0
072,0.0,0.0,0.0,1.6696102032741296,3.3408140765240812,1.0
073,0.0,0.0,0.0,0.0,0.0,0.0
074,0.0,0.0,4.999235998848462,0.0,0.0,1.0
075,1.6712231920107194,0.0,1.666411999616154,1.6696102032741296,0.0,1.0
076,0.0,0.0,0.0,0.0,0.0,0.0
077,0.0,1.2418338944264748,0.0,0.0,3.7584158360895916,1.0
078,2.506834788016079,0.0,0.0,2.504415304911195,0.0,1.0
079,0.0,0.0,0.0,0.0,0.0,0.0
080,2.506834788016079,0.0,0.0,0.0,2.505610557393061,1.0
081,0.0,0.0,0.0,0.0,0.0,0.0
082,0.0,4.967335577705899,0.0,0.0,0.0,1.0
083,1.6712231920107194,0.0,1.666411999616154,0.0,1.6704070382620406,1.0
084,0.0,0.0,0.0,5.00883060982239,0.0,1.0
085,0.0,0.0,0.0,0.0,5.011221114786122,1.0
086,5.013669576032158,0.0,0.0,0.0,0.0,1.0
087,0.8356115960053597,0.8278892629509832,0.833205999808077,2.5044153049111944,0.0,1.0
088,1.6712231920107194,0.0,1.666411999616154,0.0,1.6704070382620406,1.0
089,0.0,3.7255016832794245,0.0,0.0,1.2528052786965305,1.0
090,5.013669576032158,0.0,0.0,0.0,0.0,1.0
091,1.2534173940080395,1.2418338944264748,1.2498089997121156,1.2522076524555974,0.0,1.0
092,0.0,1.6557785259019664,1.666411999616154,1.6696102032741296,0.0,1.0
093,1.6712231920107194,0.0,1.666411999616154,0.0,1.6704070382620406,1.0
094,0.0,4.967335577705899,0.0,0.0,0.0,1.0
095,0.0,0.0,0.0,0.0,0.0,0.0
096,0.0,3.311557051803933,0.0,0.0,1.6704070382620406,1.0
097,1.6712231920107194,0.0,0.0,1.6696102032741296,1.6704070382620406,1.0
098,0.3581192554308684,1.4192387364873997,0.714176571264066,1.4310944599492539,1.0738330960255975,1.0
099,1.114148794673813,1.103852350601311,0.0,1.1130734688494197,1.6704070382620404,1.0
100,0.963750739237283,0.8904726845563491,0.9501787643599668,1.0818208660523518,1.1148072890344936,1.0
101,1.0340268325059538,0.842492465689603,0.8614694326373875,1.1009912602323297,1.1627120904049209,1.0
102,1.0667382076664167,1.0040359146426818,0.8066143189631384,1.0301850190414843,1.0928726899267607,1.0
103,0.8700511194849733,0.9482115636401716,1.0844329715506424,1.0430536627829703,1.0544217963866678,1.0
104,0.9409819732142467,1.0196876552475453,1.0115756126702167,0.9106964745131617,1.1168703950842969,1.0
105,1.019262496226318,0.9279637892417614,1.0025940327360925,0.908194561121642,1.142668550899033,1.0
106,1.0154267495761333,0.880287317568134,0.928128202317858,0.9933123994162545,1.1840860018060035,1.0
107,0.8712779446153446,1.0449577892125215,1.0364269753710225,0.8857078517368858,1.161136599767516,1.0
108,0.8746588668467318,0.8356265457823009,1.0590281866719484,1.1702875256594367,1.061567089736624,1.0
109,0.9245064466442278,1.0568799101501913,0.950209395525807,1.1225464345417553,0.9453793025057505,1.0
110,1.0759930140342988,0.8619121093736264,0.9815851504588305,1.0520831417891776,1.029702968791669,1.0
111,1.082706558750503,1.103175140570267,0.9139707531637065,0.983328708676788,0.9161618970590578,1.0
112,0.7551452941678066,0.9444070110700105,1.1109413330774358,1.1625434007982829,1.0269909938944397,1.0
113,1.1900149577352594,0.7924543139530813,0.8753526068022598,0.9744806633895698,1.1699348906115459,1.0
114,0.9882714068140313,1.146308210239823,1.201739422800111,0.9150748229483211,0.7468646853767779,1.0
115,1.0795857846200632,0.9245770600839448,1.0582324377124481,1.041983010072541,0.8961672796515328,1.0
116,1.042446149472033,1.081993888213166,1.0394451086714624,0.9422552632339148,0.8930889115460415,1.0
117,1.0180039748288647,0.9833811549773099,0.9896964667771067,0.9915959075282902,1.0175068253372836,1.0
118,0.9424190932391275,1.0270806645632498,0.902117774228294,1.0733208449619407,1.0549939189023416,1.0
119,0.8952981385771711,1.0644290523655497,1.0043108033400927,1.2298468015188901,0.8053748220191982,1.0
120,1.04321696147253,0.8176049242807847,0.9625858134428715,1.0733208449619407,1.1049586930118467,1.0
121,0.9260918325154943,0.9017137832141283,1.162242764063496,1.084714909133511,0.9256395689732327,1.0
122,1.1298410312185145,1.0319464756501693,1.03857367581711,0.9523832849662289,0.8469669489779361,1.0
123,0.962634521180541,1.0820549681192433,0.9288198030647414,1.0263997151275386,0.999505850763352,1.0
124,0.8604696068705078,1.0798555603708477,1.018151038667078,0.9857195250451385,1.0549939189023416,1.0
125,0.9962014467034582,1.067896247975861,0.9281969118383137,1.1257632315235988,0.881452573936321,1.0
126,1.1224633379176474,1.1306248889554473,1.0446164773713205,0.953172989182619,0.7479434499680779,1.0
127,1.112759581712873,1.0157643824735256,1.0222876606124036,0.9992679520842672,0.8497831316844298,1.0
128,1.0257852695789933,1.039143764531579,1.1032796687113848,0.8751060375781645,0.9561640287982716,1.0
129,0.9636663600685187,0.9676627748777725,1.0647723426118803,0.9887561723285755,1.0152603816969286,1.0
130,1.0589215914895507,1.0491355314982285,1.0343246894169231,0.971540420008653,0.8856037314923748,1.0
131,1.0518187921745787,1.1636765164555778,1.0138310766895482,0.9982634432163504,0.7709570945824803,1.0
132,1.0599368566779395,0.9918002244077214,0.9562297044777258,0.924448602483998,1.0678273180836197,1.0
133,1.0973314543768498,0.9184884653116567,1.094172407295135,0.9261611316275362,0.9644236862418574,1.0
134,0.89302002626527,1.162836827350999,0.9031698623873811,0.9558837041645781,1.0838518950555225,1.0
135,0.9637728837362431,1.0361313474969363,0.9098813985634215,1.0140577308229377,1.0760290737270815,1.0
136,1.0687446118187673,0.840865583686892,1.0186531032136366,1.1462214248182898,0.9268402688789379,1.0
137,1.2184057349575357,0.8325143426322735,1.1590407483363752,0.9374068459723467,0.8538672849216576,1.0
138,1.0594924387086826,0.9372331278690376,1.2073626563256663,0.8127536461221235,0.983333954599541,1.0
139,1.0322260891830917,1.136318596207232,0.9965797252606411,0.9166487390524635,0.917086217085042,1.0
140,1.2325271041079056,0.9313754208198562,1.0831677997505003,0.7930648465552117,0.9604840470006735,1.0
141,1.1413231555195158,1.0500058944744177,0.9551385851458444,0.8958884017568501,0.9574284243697061,1.0
142,0.9571551008788667,0.948309519380217,0.772609199822035,1.4115795354954006,0.9111311117792948,1.0
143,1.1459816173787791,0.9698131365997232,0.9760413140608902,1.0733208449619407,0.8352035191310203,1.0
144,1.0242980854259247,0.925811648891422,0.9496756556952275,1.0412622773107474,1.0597205941662409,1.0
145,0.8966051431590357,0.8973836171402992,1.0034962771411147,1.2156468450846312,0.9876129204323013,1.0
146,1.0226181571510353,1.0694546852851228,0.948863489866422,0.9506845633373942,1.0079226604810614,1.0
147,1.0134967121496135,0.8530665750621939,1.1626130229880145,1.0393995540955225,0.9323202074020692,1.0
148,1.1861608509149255,1.0419289260553837,0.9388809071008087,0.9528994818686497,0.8800193177185386,1.0
149,1.0883766695301127,0.954576943758429,1.0852434018852533,1.033851157899283,0.8381757736475007,1.0
150,1.0826861210700673,0.9076526803117091,1.046351720689213,0.8985941957820897,1.0655088084595077,1.0
151,1.009697345173143,1.0521092716668743,1.0415074997600962,1.0261146040955589,0.8700036657614794,1.0
152,0.994559453941162,1.106851949380119,0.8286777063308591,0.9527666920857806,1.1166307918816902,1.0
153,0.9817890814684384,0.9856853887875936,1.0833853470089356,0.9416078430997703,1.00747787425204,1.0
154,1.1293166619280357,1.1188800434931605,0.8662042572262187,0.8926628809584456,0.992321012828935,1.0
155,0.8670255657799973,1.2698451852782,0.7893530524497572,1.110981225486921,0.960798033286061,1.0
156,0.922054174902466,1.1076587380171776,0.8274597515335386,1.1399407594768196,1.0022442229572244,1.0
157,0.9809353518323789,0.8330314322860826,1.071264856896099,0.9022117247506167,1.213898282463719,1.0
158,1.0345667379113976,1.0118646547178682,0.7406275553849573,1.0998225942202602,1.1136046921746938,1.0
159,1.0990927298809237,1.0591015796309877,0.7506360358631324,0.9325750684954599,1.158750828343938,1.0
160,1.1441984509616958,0.8244540377935101,0.9749547383646378,0.7066400030454822,1.3515741595896178,1.0
161,0.9830724658886585,0.9155481260869697,1.0586617409326156,1.0410510679238691,1.0022442229572244,1.0
162,1.0840366650880344,0.9099323430632428,0.9307886844702842,1.08299040212376,0.9932149957233755,1.0
163,1.0480552221084172,0.7717611773271876,1.045038033657588,1.0187452087774351,1.1183233561245864,1.0
164,1.0899281687026432,0.9583718098291274,1.1275450758272345,0.8438790701331199,0.98045630506685,1.0
165,0.9854080592201434,1.051401482970147,0.9825712222358749,0.9411841534655462,1.039043686867101,1.0
166,1.0846881294300343,0.955256841866519,1.0094611151520934,0.8669129901615674,1.084158414256613,1.0
167,0.9549846811489825,0.9264475085403859,0.9423163093067536,1.043506377046331,1.1334904902492418,1.0
168,1.1570006713920367,0.7642054734932152,0.9924041685058982,1.0067376659940783,1.0818268907850932,1.0
169,1.1671165242566663,0.8794626924462905,1.1145837636776899,0.9689213310803967,0.8708023576513588,1.0
170,1.066255520694622,0.9664951576531841,0.9500810495549115,1.019897635484197,0.9977091812243862,1.0
171,0.8908586436751356,1.1905184442435626,1.0122419997668373,1.0762776516973727,0.8283010107084499,1.0
172,1.0197294052946762,0.9401454341985741,0.9603052201177836,1.0611929258098283,1.0192314131768383,1.0
173,1.000264127237943,1.1133683191409776,0.8865640195002198,1.1226689297877768,0.8763465496300854,1.0
174,0.9739931341973302,0.8542551630449636,0.89158349024049,1.2123284278551005,1.0692732951932171,1.0
175,1.071414320357557,1.1567767783698668,1.0135437367528388,0.8782607096674874,0.8786798667022241,1.0
176,0.9623762034488973,0.9996186147086176,0.8822181174438463,1.1630411632714528,0.9929354530845567,1.0
177,1.164791921704441,0.9282394766420115,0.8837033331297787,0.9612907230972262,1.0629862970758441,1.0
178,0.9853454658097883,0.6316842931186692,1.0258547858908693,0.998870844155332,1.3614300138436284,1.0
179,0.9962014467034582,0.8737332937984318,1.1236067880148009,1.1094478223710829,0.8977757697499567,1.0
180,1.226748938816379,0.8983479236276627,0.9573005104177906,1.0301850190414843,0.8885143820542768,1.0
181,0.9115762865513015,0.948309519380217,0.8786535997976085,1.2446185151679876,1.0174297414868791,1.0
182,1.132842566396528,1.189049008533627,0.8052460669286113,1.030900259739731,0.8408089118768661,1.0
183,0.9884673757624378,1.0399096839506254,1.0059438290365808,0.8857078517368859,1.079653329608392,1.0
184,0.8922632296328418,0.9401454341985741,0.8049617286281421,1.117789881853019,1.2457272827716912,1.0
185,1.1969571510347043,0.9621415758619534,1.0133586484152286,0.8912108517476773,0.93678232551182,1.0
186,1.036158379046646,1.125929397613337,0.8831983597965616,0.90158950976803,1.0523564341050855,1.0
187,1.0177320720578098,0.8597311576798672,1.0575306920640977,1.0381550622922473,1.0279427927766402,1.0
188,1.1823280492732553,0.7710491045991247,1.0595395699051964,0.8073935908370419,1.181750650949563,1.0
189,0.8742166026762482,1.0215980770840747,0.9387537047017976,0.9853437265224372,1.1799894726322016,1.0
190,1.0461593997232457,0.8995962069861076,0.8856914171188219,1.045149694175538,1.1245653682787753,1.0
191,0.8589853469425727,0.989993454298029,0.9788713843899086,1.033290230697626,1.1389138897241187,1.0
192,0.9980916285619574,1.1153508125867413,0.9836459719956464,0.9855338005437572,0.9164038612687583,1.0
193,0.8703436183332108,1.0444764295420716,1.0511840975573785,1.1634203127949314,0.8699185798283977,1.0
194,0.7878623619479106,1.0821695365716422,0.9998471997696923,1.162764248708769,0.9664497864230377,1.0
195,0.8761752657143577,1.1735129358334324,0.9869041939474309,1.150896353713235,0.8108772030398255,1.0
196,1.0188205555573369,0.969560152867729,1.0158875291777623,1.0312298314340214,0.9647270595310181,1.0
197,0.9457309536184693,1.1423588279478682,0.9688441858233454,1.11307346884942,0.8287290732462838,1.0
198,0.8739424031615688,0.9266283493579811,1.1542578529451342,1.0032978744445458,1.0420887945120987,1.0
199,1.0262521946675633,1.0697247192927417,0.8740668484127375,1.0359415120528184,0.993696297814732,1.0
200,1.023844102894988,1.0248397612951117,0.884075418743728,1.0544906546994501,1.0127941621462477,1.0
201,1.0192059302406236,0.9281879621585973,0.9136180778183022,1.04907745832009,1.09073806605201,1.0
202,0.9875409770972434,0.9139037318290074,1.017160571194276,0.9540629732995028,1.1280670907743653,1.0
203,1.2727858747101508,0.8224065526003145,0.993225695135456,1.1057021213735958,0.8075477734644303,1.0
204,0.9763461805957362,1.0849706656568148,0.9340677787322126,1.09403405425068,0.9099322550532695,1.0
205,1.028148830107977,0.9499743155520498,1.025188949072611,1.131026266734088,0.8659944322787078,1.0
206,1.1493787960864237,0.9031519232192543,0.9682314780378445,0.9700897228509766,1.0101671021900878,1.0
207,1.0378149851261902,1.013741954633857,0.961952116396497,1.007607323841822,0.9788682644042862,1.0
208,1.1560932198850624,0.8999643281961276,0.9057439339090154,1.0724790246913822,0.966870897441087,1.0
209,0.9279443690446261,0.9879783469470297,1.1462336682442607,0.9132122106306014,1.024393266558489,1.0
210,0.9007609746769641,1.0944976696640116,1.0676334506015361,0.9055512966910535,1.030556206656581,1.0
211,0.9232332723128271,0.9019969974862375,1.0484331250781942,1.0760659110615876,1.0509466276533554,1.0
212,1.2112857168985258,0.8765886313598646,0.8402077308989012,1.0627980915799609,1.0106664433182095,1.0
213,0.968474937814359,0.9856342604909208,1.0313798315626919,1.0136135531046622,1.0009272134658218,1.0
214,0.7889003887752465,1.0901398990410462,1.0350385090783565,1.0888762195266064,0.9960191035599746,1.0
215,1.0820275361782747,0.8428921985234064,0.9965528103141085,0.9902136296189237,1.0897548388002767,1.0
216,1.0114344264012816,1.0020872206651814,0.8458577178095011,1.1299748013482178,1.0109404851954649,1.0
217,0.8920718389786948,1.1075815815155043,0.8895037024978119,0.9363354518361673,1.1737995404003527,1.0
218,0.9670561167253041,1.0883488063512925,0.8144822694753112,0.937983260266365,1.1918072688723549,1.0
219,1.0544622521020015,1.0644290523655497,0.9621545473974221,1.053444533018201,0.8650322162428424,1.0
220,0.8728250678922381,0.9653121770440615,1.0524707365996762,1.1356053204455618,0.9738405405252383,1.0
221,0.968549804460758,0.9595989184204579,0.9089519997906296,1.138370593141452,1.0250225007517069,1.0
222,1.0381135705247644,1.0930905588823567,1.1047522448708764,0.939446409641711,0.8235711581403377,1.0
223,0.9661759078811971,1.151283506291211,1.210752468471112,1.043506377046331,0.6264026393482652,1.0
224,1.0027339152064318,1.1103455997224951,1.1909944585491925,0.7218608820038149,0.9727664516937765,1.0
225,0.8892747260240526,1.0785346361379782,0.9172910089630206,0.9803215872435257,1.134037805792578,1.0
226,1.0667382076664167,1.0568799101501913,0.9998471997696924,0.980451949156723,0.8956224971107112,1.0
227,0.7332244043999598,0.9227856606805425,1.1065502606146793,1.128471718418483,1.1092030926008807,1.0
228,1.0798672932992341,0.8864783492521298,0.876789082874961,1.0634132679315227,1.094759074307122,1.0
229,0.709329457702299,1.0222169677594133,1.077005826118479,1.0146505736939246,1.1762673356250382,1.0
230,1.1596242556809075,0.8616806614387785,0.9012228161189405,1.1244313613886996,0.954518307578309,1.0
231,1.0140005884109984,1.053465831788751,0.9970386402197774,0.9286034276637013,1.006467162098898,1.0
232,1.1842102986333625,1.127554701687842,0.7054136685491694,0.9372351754575636,1.0452853859063076,1.0
233,0.9513891062952591,1.0174060821807265,1.0239399033786007,0.9202971903589331,1.0867708441704844,1.0
234,0.9498495985234761,1.0435209979093418,0.9736284605889314,1.0507623436044613,0.9818686038104806,1.0
235,1.160511293281826,1.0012184844530747,0.9751435628443035,0.9574747719686493,0.9057993952604303,1.0
236,0.9924670150507345,1.0765385978987188,0.9554853786195012,0.9402241759052267,1.0347401960565201,1.0
237,0.9886109023162003,1.0183426614702233,1.0483530889603974,0.9249483755227574,1.0194972533993676,1.0
238,1.057650377094005,1.0579517964688019,0.9633416224961537,1.1887082785988226,0.7318619072304275,1.0
239,0.9480037989768408,0.9198769588344258,1.0427256371867162,1.1911838877160459,0.8986985235094019,1.0
240,0.9627698823540015,0.9178772263152206,1.0505640867145318,1.1614679674950468,0.907829912098935,1.0
241,0.9293631409230343,0.8723125892556701,0.8169483217630413,1.246099322443619,1.1366916187197789,1.0
242,0.9932741612893898,0.8122687108198324,0.8489268677289841,1.1970790136682439,1.1503746584257448,1.0
243,0.9959241772423812,0.8602177061561999,0.9845693987545358,1.1055143960558753,1.0549939189023414,1.0
244,0.9681568836475892,1.1990120359979757,1.0170859445933078,0.8290478250740505,0.984964150147617,1.0
245,0.9166486506259113,0.9555605801310234,1.2160303780982746,0.987432425465781,0.9241679639351195,1.0
246,1.010930650208119,0.9271457413429266,1.069318871688295,1.0508990652760872,0.9421641877935759,1.0
247,1.0507195316106999,0.9590400372798519,1.0724433660896042,0.9422552632339148,0.9757823292817862,1.0
248,1.0501605193040333,1.0236738859461483,0.912022783573706,0.9983817769578412,1.0157880638079977,1.0
249,0.9324614575369783,0.9907893066044111,0.8354518380824923,1.0665703993961424,1.1751381050846161,1.0
250,1.1072372016547445,0.9983974734346844,0.8807586995489846,0.9818799458460763,1.032087723392675,1.0
251,0.9284573288948442,0.854171461774824,0.991911904533425,1.0335682210744612,1.1931478844728862,1.0
252,1.1408349933486348,0.8923357325220178,0.9729052093567367,0.9447794264036244,1.0502559222605645,1.0
253,0.9554537305994488,0.9466238723722442,0.9821681726617804,1.052936886544196,1.0632846373220062,1.0
254,1.0903333464605254,0.9786943703286717,1.0035641038580556,0.9496295951707877,0.978026425748221,1.0
255,1.0356104370164787,1.0097534616975927,0.9178925112639799,1.1495676809428435,0.887232590814592,1.0
256,0.9862053341865454,1.026218778690889,1.0163281975680938,0.9247071895056718,1.046298914076223,1.0
257,1.0791755141235138,0.9244144684968376,1.1321139818020058,1.0669033810159796,0.7977504465242481,1.0
258,1.1698562344075036,1.061203509782624,0.9013773997923742,0.9334638863759908,0.9339093895737772,1.0
259,0.9980916285619574,0.8968800348635652,1.0646521108658762,1.0782899229478755,0.9628040567760372,1.0
260,0.994089657316721,0.8778480977842321,1.0989699825054806,0.8420016973408326,1.188005005660503,1.0
261,0.9349816236384295,1.154569891034344,0.7971754700866467,1.015303501991025,1.0970511089126376,1.0
262,1.0957026225765643,0.9210953389123522,0.8773493640363195,0.9453753137744245,1.161541317996783,1.0
263,0.8402798172120935,1.008267370521309,1.2288624801638677,0.9513979929271578,0.9705158211131409,1.0
264,1.0409737679049822,0.873493332520317,1.0379769658626046,0.8914020576802557,1.157252333711202,1.0
265,1.088437668642879,0.9425200839749656,0.9058444715862172,1.11307346884942,0.9508470833183925,1.0
266,0.9549846811489825,1.1235639997191915,0.9125589521707509,0.9540629732995026,1.0539472979510494,1.0
267,1.0251317518003897,0.9985880800542787,0.9019240204108051,1.0585672938284432,1.0160207758501072,1.0
268,1.0750030262123005,1.0113674239293093,1.00885483220005,0.9656664418936859,0.9390396323202823,1.0
269,1.0249620069228305,0.9665505188146947,0.8988774086599451,1.1226689297877768,0.987432731977561,1.0
270,0.9250312870908041,1.0264604883820307,1.0699471879454272,1.0904834168986013,0.887596359814516,1.0
271,1.0941101472875934,1.060174739606295,0.9231203163341285,0.9248919831086907,0.9974372962284127,1.0
272,1.1607209307855801,0.8145791461832825,1.0930805399411427,1.1596006556501994,0.773436056301395,1.0
273,0.9420255988369399,1.0059113800364765,1.0541186552895505,0.93065954963297,1.067107627783266,1.0
274,1.0727446164933672,0.9062031121490491,1.0020991078772816,1.0265846520131472,0.9932149957233753,1.0
275,0.9697973997434467,0.942706022046375,1.0308643574267815,0.9323005879596419,1.1247813816034544,1.0
276,1.1549814730126438,1.0402797021373609,0.8637423453507813,1.0751940052498323,0.8658130721881782,1.0
277,0.9958658746913192,0.9696511230453297,1.2498089997121156,0.9434441217131213,0.840924091179863,1.0
278,1.0892317289782325,1.1267758019716259,0.926375999786616,0.912151261213662,0.9446071749916333,1.0
279,1.0185561466100836,0.8817755463383254,0.956461325223473,1.1163665856211638,1.0279427927766405,1.0
280,0.9571551008788667,1.0386247117021425,1.1967867997243289,1.0169443965396974,0.7896469635420555,1.0
281,1.0307708832302958,1.0294149388008935,0.8962446116356618,1.0380142382197715,1.0055410789537942,1.0
282,1.0792367752221812,0.9339132285060137,0.9943984411878412,1.009954945849746,0.9831278481324273,1.0
283,0.9016931252812938,1.108780262880781,1.0393819742503818,1.0222103285351813,0.9268202316887597,1.0
284,0.9826173397470436,1.0578585026595897,1.1495156849204025,0.9198315471741734,0.8893370805561791,1.0
285,1.0528706109667532,0.9934671155411798,0.9141460112180045,1.0518544280627018,0.9879264483435497,1.0
286,0.9918851711470111,0.8752337803067581,1.0817512207709192,1.0064110962548851,1.0456180069491907,1.0
287,0.8657237255911385,0.9845169613471152,1.201017657381012,0.940095835176875,1.0082637077797902,1.0
288,0.915868076977626,1.0851429887267123,0.9979642483576967,1.0753421648206258,0.9248581341789829,1.0
289,1.0153271197930116,0.9552568418665192,0.9810117737143765,1.0615261104019194,0.9872970956132784,1.0
290,0.8188514780339055,1.1671103649624177,1.060009925257267,1.00463651199876,0.9476807838850545,1.0
291,1.0261896793048277,1.1329010966697663,0.9062942454052767,1.044726852341122,0.8889300612973432,1.0
292,1.2981823009368982,0.9165916839814456,0.9373567497840866,0.9391557393416979,0.9097752619105757,1.0
293,1.1620012145422993,0.9902468007420189,1.004708693447665,0.9498106666924143,0.8934105715177851,1.0
294,0.9319730020851517,1.0772534987795925,0.7830128672895182,1.2241892368240608,0.9832688590113905,1.0
295,0.9816237275178753,1.0562124070490437,1.0314213218676827,1.1810295332633842,0.7490456824206624,1.0
296,0.965303769059237,1.1515630612363383,0.9821681726617804,1.0824584814940332,0.8171539342382085,1.0
297,0.9720379790266429,1.1151161500972426,1.0287543467018094,0.9029524568727437,0.9800857622455851,1.0
298,1.001802006363303,1.0017767847232157,0.9338721522012462,1.0753158651198627,0.987340963136299,1.0
299,1.0107397748088782,0.8526763666321504,1.0178085267116628,1.0697502500019873,1.0502559222605645,1.0
300,0.9870967391408343,1.0844865198890072,0.9452746430571165,1.0349630499827938,0.9475408345696955,1.0
301,0.9219665937688316,0.9889376302119647,1.071264856896099,1.0428720266651479,0.9748272077395495,1.0
302,0.9941818135842021,0.9744027146032893,1.0019790701316749,1.164099224884095,0.8654774206773473,1.0
303,0.9081833227055771,1.0230492629022074,0.9675940642932507,1.0813108264380842,1.0196529315445706,1.0
304,1.0128625406125573,0.94078325335339,0.9594493331123312,1.125722030995436,0.9617495068781445,1.0
305,1.1242774200799386,1.0235721796484882,0.7776589331542051,1.0321226711149165,1.042738939036304,1.0
306,0.9197739150274824,1.0363505881544681,1.078971798312618,0.9909556961878829,0.9734026625843546,1.0
307,1.1095826110890843,0.936464903993735,0.9971153768195019,1.1358823514078096,0.8215116581616593,1.0
308,1.0416211030537725,0.9356753996786736,0.969380941604965,1.0683655317349696,0.9855864242377138,1.0
309,0.9607031522935873,0.8179744214785163,1.1076151614215157,1.0497549182262493,1.0652595782928582,1.0
310,1.058711779404849,0.9404179006336411,1.0192617085030844,1.0941620264175123,0.8879105373286089,1.0
311,0.8437639042590706,1.0055825681697308,0.8413348388305949,1.1850160223238337,1.1244691281959105,1.0
312,1.134044308864417,0.9031519232192545,0.9955188569135466,0.9649045979960882,1.0033289028521999,1.0
313,0.9575177970140992,1.1067803409212082,0.8221555223570415,1.089453872693464,1.023512004876741,1.0
314,1.0807243308335985,1.0596982565772586,0.8554248264696257,0.9795046525874894,1.0245163168007183,1.0
315,1.189336750142598,0.9650242942373425,0.9405515580655593,0.8706556274742395,1.0350374899660497,1.0
316,1.0294734862786032,0.940482202712317,0.8931968317942585,0.9884092403382848,1.149240042324284,1.0
317,1.163264402791684,0.9450615252247883,1.1135189231773837,0.9180919215219693,0.8603952726082901,1.0
318,1.1665468815520368,0.8852677267198632,1.0146964156078562,0.8306724031141092,1.1039571267721902,1.0
319,0.9263130856410454,0.9751120649076245,1.0506477503353582,0.9601222647003657,1.0878863390066869,1.0
320,1.0079026467281145,0.9217736123577958,0.876154762684782,1.0327485793448226,1.162396650336987,1.0
321,0.9132988418924793,1.0387726201803722,0.9686098470935923,1.0689038867522207,1.0100722831516498,1.0
322,0.7771187842849846,1.1673238607608862,0.9748510197754501,0.9266336628171421,1.1525808564008082,1.0
323,0.9322939294274674,1.016045913621661,1.0535579997573203,1.138370593141452,0.8593622986100167,1.0
324,1.106651158101311,0.9827702959929572,0.9688963443259468,0.9437904244618229,0.9981974764311521,1.0
325,0.8853134009722213,1.0340921648755776,0.9942718436371477,1.0241103477332023,1.0618572622409255,1.0
326,0.8482998414978489,1.0020872206651814,1.1278102904126681,0.9887279511796907,1.0326811407910663,1.0
327,1.0164909353845686,1.0070969997482997,1.15835956070879,0.9086140892818053,0.9090477327127262,1.0
328,0.9954677274150806,1.0222632638177358,0.9491303128248528,0.9582110731834135,1.074870615925139,1.0
329,1.192108934518516,1.0258627823523052,1.0188660323740073,0.8574900228772026,0.9055603373186877,1.0
330,1.0453210699063187,1.016481797754489,1.003707613668417,0.9862948305055671,0.9480688595541313,1.0
331,1.225912937086233,0.9498666778685261,0.7992508963676224,1.099116434757264,0.9268402688789379,1.0
332,1.0852760362752538,0.954091894498389,0.8382865241971507,1.038416102036349,1.0847460339933372,1.0
333,1.0478730625147599,1.1380149836384095,0.9885949000938278,0.9623074885430475,0.8620589377525965,1.0
334,0.9762590923626975,0.9016615735109718,1.1384398809258873,0.8100089104993303,1.1742465318475732,1.0
335,1.1121872651057254,0.8045684386425047,0.9681619011854417,0.9523832849662289,1.164579554844662,1.0
336,0.8564275432368099,1.007608996189453,1.1386160282074789,1.033851157899283,0.9630104633396817,1.0
337,1.1860293620721234,0.9614197892333999,1.1109413330774358,0.879687096348735,0.8621455681352467,1.0
338,0.8882485469348311,0.7627011320099609,1.1809218894917628,1.1240289163774653,1.0456485003293876,1.0
339,1.0991506378224345,1.050782526053171,0.8267967228864764,1.2136781862261943,0.8095049493116042,1.0
340,1.0207470993119365,0.8031021592698161,0.9729052093567367,1.09474441472166,1.1102705463897395,1.0
341,0.9779209944516873,0.98334445206405,1.0260440696326538,0.9332319040134873,1.0795643740732839,1.0
342,0.9864172390714158,1.0581306556059904,1.1462745263631828,0.896551041107262,0.9118050253235104,1.0
343,1.1560015343701089,1.0809745816769314,1.0620138650403468,0.7266697257773415,0.9736828590905677,1.0
344,0.9708550913125855,0.9618829008852463,0.9680601500660316,1.2304930688870033,0.868997881176784,1.0
345,0.9499066376055694,1.058159509517847,0.9798895167899964,1.0260235476926753,0.9855182886081346,1.0
346,0.9897535408995524,1.0529465383162988,1.0030829512252577,0.8104903899388979,1.143336856286154,1.0
347,1.1717499717355613,0.9217010774496781,0.9417824190465234,0.9648738851782507,1.000824613576265,1.0
348,1.0730695675320627,0.8755375658546369,0.9890574817865664,1.0179817606293706,1.045506563516529,1.0
349,1.0102170041258827,0.9638113807489058,0.8767316863652154,1.0092419885463024,1.140613761201319,1.0
350,0.9868535138343842,0.8878269471465297,1.0292544703511541,1.0652264192834946,1.0317219942206723,1.0
351,1.1088834412018196,0.9483948834561357,1.020637973299875,0.9847228420066699,0.9378277700639434,1.0
352,0.9663752427084885,0.957444452954763,1.0017553051127643,0.9272071930396408,1.1476078888823178,1.0
353,1.0430329141627186,1.2565127820674498,0.9100264111378996,0.8880905336564521,0.9003612404816672,1.0
354,0.9066554968803093,1.0055335177542306,0.9310318054535597,1.1018075430513488,1.0549939189023414,1.0
355,0.9786442115378088,1.2231877398555069,0.8857505223184964,0.97769966858395,0.9330201474977164,1.0
356,1.0771178376254058,0.971453875023408,1.0451196644991485,0.8975361208352259,1.0090030953663771,1.0
357,1.0268961782234542,0.8857417656632205,0.9516617925518759,1.0681482143838108,1.0686579967676428,1.0
358,1.0813797124775242,1.0039562102754005,0.8218955111228994,1.1030004057829093,0.9901507783363227,1.0
359,1.1075728743005275,0.9214281847346524,1.0453714398941134,0.9460185974706704,0.9802725958097641,1.0
360,1.249784300112364,1.0078651896794577,0.8114701911174315,0.9727294227771017,0.9586683871764754,1.0
361,1.0117270444907942,1.1026148479661075,1.0088144392295102,0.9545977619616661,0.9213455861265962,1.0
362,1.0530995456505905,1.1227539319472237,0.8332059998080771,0.8805478469322466,1.1097909774754655,1.0
363,0.9332012714512412,0.9970929079336659,1.0947232114266705,0.9871417990160912,0.9876129204323013,1.0
364,1.084287135666844,0.9181766317386135,0.988758321398864,0.944363626990543,1.0652318451024103,1.0
365,1.1465368410306098,0.9177377100929504,0.9236314571515892,1.0224744655709788,0.9905902203646985,1.0
366,1.1212003693236472,0.691654320946391,1.2023478984572251,1.1623868503807233,0.8246313226863239,1.0
367,1.08859492323634,1.032962750103979,1.001376018117964,0.9420277752418255,0.9348149480182062,1.0
368,0.8415169783092845,1.0531453521637948,1.1658995615688992,0.9999962171553535,0.9384972405783195,1.0
369,0.8568817093582235,1.02959319246995,1.1331601597389847,1.1110496989060574,0.8686116598962612,1.0
370,1.0134012972830957,0.9864212494735118,0.7977504253481588,0.9413759656758391,1.2616904225170733,1.0
371,1.053893808839413,1.034016793726534,1.0712648568960992,0.9302113989670151,0.9102013861550302,1.0
372,0.9166783926327455,0.9545439636263203,1.0073087460366306,0.9344833227280577,1.1873602268243237,1.0
373,0.8307533890518403,0.9241554563173766,1.031819057901863,1.1211626655707094,1.0925627430493,1.0
374,0.9766888784478231,0.9246555404387605,0.9414145712117234,1.084162469658526,1.0738330960255977,1.0
375,0.9850038459788131,0.8880698184110745,1.1196717168344297,1.1021395447939246,0.9057609873483758,1.0
376,1.0228556660132497,0.8306581233621905,1.0449908024348793,0.9967405394128166,1.1061558313574715,1.0
377,0.9584956542414421,0.891198441882529,0.9704399291882309,1.0754253956383366,1.1054164223792917,1.0
378,0.9214847244485983,1.138756772754712,0.879312260667022,1.069078470080668,0.9903599041079291,1.0
379,0.9832317969204072,0.9419420787546032,0.9641962461312269,0.998518906009974,1.1127022572539689,1.0
380,1.0899281687026432,1.1261350843867413,1.024688123987573,0.9333224738799483,0.8248283201356038,1.0
381,1.110623007348896,0.9588843994938604,1.0441442276075903,0.9589691515640968,0.9277102380221144,1.0
382,1.0076897665171718,0.9820103283767839,1.1283283885374615,1.0479760913466942,0.8338275660517269,1.0
383,0.9772406800740647,0.8980493699807275,1.2568700675070992,0.6508649944966945,1.2174152990723346,1.0
384,0.9798702754460243,1.0517160017944085,0.9851914590564558,1.0033976628797294,0.9793917488181344,1.0
385,1.0856044867110954,0.8210472029265948,1.008110399767789,1.0266032985421094,1.0602252937068157,1.0
386,0.892585113914816,0.94078325335339,1.0888487497491917,0.94864216095121,1.1294229406430842,1.0
387,0.9772974073440523,1.0146893770213654,0.9144129931138041,0.8961058767906545,1.1976082503961494,1.0
388,0.9056104731576412,0.949255228200342,1.0862214343047707,0.9834091511431394,1.0757071502944031,1.0
389,0.9854169643681628,0.9967350994738811,0.9414679635989291,0.9927040929006545,1.0838414088723274,1.0
390,1.1842102986333625,0.914233541909061,1.1808011408323054,0.906506153311414,0.8147077272505043,1.0
391,1.000930436941672,0.9023397362379422,0.9980489134391715,0.9729383198935576,1.1266234520652252,1.0
392,1.0780245163482116,0.9748184154200996,0.8872364230038225,1.0684365635286668,0.9919823367153415,1.0
393,0.8793205102579478,0.99346711554118,0.8614068182631196,1.15588398688209,1.1101782161987717,1.0
394,1.1113423745360957,0.8758526207541888,0.8436997781431913,1.0850363537650516,1.0855541961501423,1.0
395,1.0911291914780732,0.8620995630729247,0.9778119997747681,1.0210839259693025,1.0491812802307032,1.0
396,1.0308479502122194,0.9748976367460176,1.1213239623585336,0.8894185195011719,0.9835106860795193,1.0
397,0.9353049534463462,0.9482115636401716,0.9434566852490589,1.0430536627829703,1.1305140909712725,1.0
398,0.9258419561373938,1.0183426614702233,1.1657060466798448,0.9171098299674798,0.9724435340117045,1.0
399,0.8356115960053597,0.9559133757784548,1.159616597671035,1.1015984846344773,0.9471380113856931,1.0
400,0.9985295801321908,1.0621975449182426,0.985174389710179,0.9765644585188307,0.9770305318136462,1.0
401,0.8879501192972722,1.1157730023356662,1.0041661941531468,0.9520023621260697,1.039043686867101,1.0
402,0.9028447129253311,0.9325649168873142,0.9577080457564102,0.8635914844521361,1.344005662969458,1.0
403,1.0894188564742775,0.9981094852399705,0.9461170932400128,0.9596357710407382,1.0069276071766506,1.0
404,1.118535207251269,1.134273478373788,0.9972229289041553,0.9596972034567833,0.7891686794938775,1.0
405,1.1165814339634939,0.8351197368632188,1.0151287071897532,0.8967775327629606,1.1379192051042724,1.0
406,1.0667382076664167,0.9335772539660023,0.8863893614979541,1.0479468297146133,1.0662172584651322,1.0
407,0.8713934527612568,1.0009744237190727,1.0829579241837979,1.0724196519770859,0.9719496872507087,1.0
408,1.0963833241437067,0.9165243321051887,0.9224102868034748,0.9926384124249382,1.0730177330065955,1.0
409,1.1884253809854004,0.9198769588344257,0.8702373775773248,1.2058295912535382,0.8166434409281086,1.0
410,1.034993451352483,0.998794016964993,1.0990277530980532,0.8728525191379498,0.9941832774642707,1.0
411,0.8781905308336584,1.0757287238343987,0.9711891590119623,1.0049564599325176,1.0692732951932171,1.0
412,1.008885657017514,0.9568977738648173,1.085723646375678,0.9587454909598684,0.9899467478289148,1.0
413,1.0345667379113976,0.9912143556419934,1.076932924922004,0.829126155367425,1.0681514394328695,1.0
414,1.116117255441788,1.0004880845556052,0.9185875333573146,0.8495543083797691,1.1155721916308328,1.0
415,0.9049062161619018,1.0903907365695877,1.0364269753710227,1.001766121964478,0.9655767513856186,1.0
416,0.972597103547222,1.0857564104275188,0.9561380325666458,0.9442877379173357,1.040581433671435,1.0
417,0.914994697625869,1.0183037934297094,1.0748357397524195,0.9266336628171421,1.0648844868920508,1.0
418,1.016438706758228,1.0636208298504657,0.8426958175735448,1.2094215139890052,0.8675462522180984,1.0
419,1.021894435879166,0.9175333232705164,1.1144793628006127,1.1325699786541072,0.8139244485799115,1.0
420,1.0832859471759233,0.8255959408929472,1.094015634097032,1.0128660235928932,0.9855864242377138,1.0
421,0.9549846811489825,1.0680129885688008,0.9955188569135466,0.9106964745131617,1.0702174963756796,1.0
422,0.6999603628876064,1.0805567652801793,0.9901084283433641,0.9594837856477954,1.2690754771211608,1.0
423,0.9169737777216711,0.9346434047525574,1.0195810260809364,1.0742623544750651,1.0549939189023414,1.0
424,1.1597456314665135,0.7954807864653575,0.9962890246815439,1.2477513974646521,0.8025087194497348,1.0
425,0.9126005295698985,1.172067945301392,1.0784868671673087,0.9679987245948888,0.867110170423666,1.0
426,0.9954501337400411,1.082470222744627,1.0773172007203706,0.9338497747126489,0.91002804747932,1.0
427,1.012761254358496,1.0133364578520037,1.0098456717673894,0.9416601546466093,1.022289107416369,1.0
428,1.1690716225802686,0.9406065804419621,1.110941333077436,0.8308858288594262,0.9489166743178729,1.0
429,1.1497512937517358,0.8683500164034749,0.949103074969351,1.0074151790432249,1.0267351532174573,1.0
430,0.9673112497235957,1.2553320889311104,0.9101869889207798,0.8438790701331199,1.021308651111302,1.0
431,0.8870338480672281,1.1157399913000945,1.0383028612992962,0.9324130827515527,1.0253729357946988,1.0
432,0.9999726495075941,1.057170947104206,0.9813606465088051,0.9517172244469764,1.0093411529388254,1.0
433,1.0181605908249922,0.947614787131587,0.984464935157851,0.9555307624891943,1.094759074307122,1.0
434,1.110623007348896,0.817409652027553,1.1232460630324077,0.9827452462309751,0.9673559746897261,1.0
435,0.9514993355973439,0.949957606831347,1.0509342829696036,1.0383269293354442,1.0095598742196858,1.0
436,0.9500574618747617,1.071751578679509,0.9191841048539386,0.9679353711289045,1.0906222313605818,1.0
437,1.246832013654232,0.7742431986266638,1.0506275304059816,0.9122913895298221,1.0180414173646062,1.0
438,1.137402353909292,0.8834825528406135,0.9073023591376518,1.0544906546994504,1.0186148182505366,1.0
439,1.0363451078949155,1.0267676892464708,0.9775042455848949,0.9234156990175354,1.0358390013803715,1.0
440,0.8140275326399077,1.1730977010080352,1.106841918564235,0.8871729493412349,1.0170374956207997,1.0
441,1.2169100912699413,0.9645311801370677,1.0556639123781946,0.9118016886812602,0.8514210631918168,1.0
442,0.8818832479014219,0.9708147708871463,1.042186006274598,1.0115553674559874,1.0936541195135834,1.0
443,0.8034726884666921,1.082624420782055,1.0094611151520934,0.9953445442595773,1.1082508234623154,1.0
444,1.077387540027215,1.0001910892504264,1.023532243419059,0.9322696566505293,0.9666314840704193,1.0
445,1.2205114481032941,0.9247068617209073,0.9187140141081899,0.824843226915859,1.112275808293817,1.0
446,0.8143221285912106,0.9491724033832928,0.89158349024049,1.1166182888139085,1.2288663243265332,1.0
447,0.8795911536898524,1.0457548584643999,0.9501471927635967,1.0251992476244656,1.0989519988566057,1.0
448,1.028445041237366,0.9934671155411798,1.1408512920449054,0.9118640340958709,0.9251485134989764,1.0
449,0.8246167065842366,0.9640552601468686,1.0689155918590463,1.0544906546994504,1.0879624788680395,1.0
450,1.2240404238359763,1.0186918665217175,0.8885360857328322,0.9293728670568886,0.9396039590223979,1.0
451,1.0925919442677006,1.011677307068411,0.9265386474444196,0.9793232964214853,0.989996839377299,1.0
452,1.0831161176482516,0.9988663933430341,0.9509416302157401,0.9459612157137393,1.021308651111302,1.0
453,1.0532187824650887,1.095228504112238,0.9894321247720913,0.8956763069647674,0.9657040689952422,1.0
454,1.249784300112364,1.0942536345091256,0.9708661215154983,0.9872477723707896,0.6972133724919821,1.0
455,0.8464636946547799,0.951535061963143,1.3634279996859442,0.9432213486029174,0.8948609133546646,1.0
456,0.9170152858744,1.0906798881836341,0.956677403120925,1.009590721745498,1.0252943179091587,1.0
457,1.0934066628580772,1.0238524129579978,0.9107650689391479,1.039065924378049,0.9329401011569907,1.0
458,0.9100720352533621,1.0437415790339126,0.8964526598595152,1.0634810865739506,1.086040219596112,1.0
459,1.0181342654399776,1.1782587803773379,0.9042986619077423,0.9829616384463733,0.9150181899012202,1.0
460,0.9826792369023032,0.8742510616762383,0.8998624797927232,1.041836766843057,1.2026930675486693,1.0
461,0.9921509715103216,0.9829819744800592,1.2662972450909034,0.7268751544597135,1.0313331054177244,1.0
462,1.055078915673978,0.9399851990438569,1.100973670219482,0.9151533903753793,0.9891643636037858,1.0
463,1.0587873638825678,0.879310956301976,0.9936369687152223,0.9255447865976154,1.1438656892446581,1.0
464,0.9939636477264921,0.941331815017153,1.0202522446629516,0.934592300375023,1.1103580312645633,1.0
465,0.9347519548534533,1.0944976696640119,1.033740325185614,0.882912514273777,1.0532057936160664,1.0
466,1.2076722336427825,1.069608755783387,0.9305147297126699,0.9140201842741585,0.877878151495379,1.0
467,1.0719461888149566,0.8947894054116688,1.0604439997557344,0.9191288492771726,1.0545498978927024,1.0
468,0.897053625123401,1.0287741576376188,0.9557362938975001,1.0741977410771055,1.0440043989137753,1.0
469,0.9857743563868726,1.0081695887098654,0.9300904183904114,1.143665340086296,0.932320207402069,1.0
470,1.077317429560629,0.8210472029265948,0.7643459998239384,1.241858828881584,1.097498839188696,1.0
471,1.130902911886953,1.145350559270533,0.8645295336354484,0.8410818317245616,1.0173155646558294,1.0
472,0.958270178905229,1.0937252648159776,1.0090201098593226,0.8654401512384251,1.072738464938925,1.0
473,0.9493970048231107,1.0357423119471874,0.8722071317139869,0.9911090355606005,1.1515146391423428,1.0
474,1.0130359759791003,0.9016054302000434,0.9073955751334537,0.9605976511988144,1.2184818464034748,1.0
475,0.930567459187787,1.0442694112222628,0.8805472497971724,1.1478570147509644,0.9965496535086038,1.0
476,0.89635349984072,0.975900899352829,1.0902066716545764,1.0627774181941416,0.9746775842118391,1.0
477,1.034288478971669,0.8336786983562349,0.9788713843899086,1.2609643493259162,0.8936093596296931,1.0
478,1.0324996715019845,0.9953102827314233,0.9089519997906296,0.9850390438611749,1.0784817241469205,1.0
479,0.9467044671505811,0.9666683879543272,0.9728763697181015,1.0133472332010616,1.1007306494905933,1.0
480,0.9786957734035377,1.0887310855245806,0.9758782600491861,0.9949047101702005,0.9610561042055576,1.0
481,1.0027339152064318,0.9507373471308065,0.9998471997696925,1.001766121964478,1.0453515013639867,1.0
482,1.1624754379759104,1.0890530682982964,0.8358344099021088,0.971744739760495,0.9405919758037041,1.0
483,1.027236811630649,1.0737661493161248,0.9115148343765053,0.9603397033869995,1.0267351532174573,1.0
484,1.117416093191918,0.8594510237086453,1.0115756126702167,0.9694510857720754,1.0433920796182248,1.0
485,0.9587894009941975,1.0686698055622252,0.8464841830719507,0.9678417712206608,1.1579714129784664,1.0
486,1.062499512801517,0.997853283821715,1.081512423591941,0.9730178668087645,0.8849838613308826,1.0
487,1.0434540741995861,0.8909265164751697,1.0066143550980828,1.0085462649219363,1.0514237195151932,1.0
488,1.0496939057257413,0.9715725234631374,0.9640399997779404,1.0210839259693025,0.9939612128501399,1.0
489,0.9423637382263087,1.0868326007021716,1.093812281686374,1.0370706548971467,0.8388828297879851,1.0
490,1.1448536827160047,0.9973784033976412,1.1021937635256451,0.7887922220192739,0.9667316323799999,1.0
491,1.1258240065940477,0.8031021592698161,0.9280018920018104,1.2896988995351064,0.8552083938407453,1.0
492,0.8604896995641883,1.070021499225614,0.9718304656255329,1.201768465053708,0.8951743497516365,1.0
493,1.023197872659624,0.9799505561460617,1.0429245167665724,0.942705080760223,1.0113348735055891,1.0
494,1.0322260891830914,0.9131131576665256,1.0660135585779809,1.10488910510788,0.8843331379034333,1.0
495,1.1124079371821352,0.8071920313772085,1.062337649755298,0.9861135263087829,1.0335643549246376,1.0
496,0.9408685836769861,0.8810955137833086,1.0795265395970972,1.0300936986781264,1.0692322687075786,1.0
497,1.0405729308745988,0.9059920236067363,1.131902490305312,0.9293113395582421,0.9927890887783826,1.0
498,0.9855113861284587,0.9858833971019341,1.1925658394199576,0.8220599855815371,1.0137203018460474,1.0
499,0.9473503559363091,1.1118745333818438,1.0754170462639134,0.8590726918009332,1.0051577236053557,1.0
500,0.9124682398649525,0.9526396998340079,1.1250726807584601,1.1272319376312616,0.8826025446785732,1.0
501,0.9820589891197011,0.9644483166336196,1.073719071917625,0.9983236266999951,0.9815793936179,1.0
502,0.945275964427505,1.0008125285950886,1.1181285690585285,0.9165882261967034,1.0189174170544795,1.0
503,0.9535802919119988,1.0811259786771663,0.9410326586067693,0.9526599395152389,1.0710256892386025,1.0
504,0.9576672223881652,1.0716049785612727,1.0223156761690113,0.9792545237180852,0.9684607098238348,1.0
505,0.9230186667172176,1.1223268669293665,1.0249479662911074,1.0688299627654472,0.8596655468879958,1.0
506,0.9410771372487546,0.8841535817923121,1.051619223058738,1.0536375069205672,1.0703579080125696,1.0
507,0.8847652192997927,0.938103623034241,1.3001109099172472,1.0389834391891644,0.8377892885400947,1.0
508,1.022443672753487,1.1228375261644783,0.9089519997906295,1.0706836930087171,0.8741933640044586,1.0
509,0.9239693176373465,1.1105221533239773,1.042136809427625,0.907945125647563,1.01435593562136,1.0
510,0.8384062836174178,1.229374022576042,0.8192727891089453,1.1223801032043481,0.9888362734862247,1.0
511,1.0140005884109984,1.1860211351264085,1.0110814379693518,0.9567429254716923,0.8305113645291606,1.0
512,1.1346352647314646,1.0328123478398405,0.9545924467390982,0.8714090028403874,1.00649702729792,1.0
513,1.087034554095468,1.0659990067200713,1.0175436103850852,0.9640890775543095,0.8647682454719414,1.0
514,1.1673618714343534,0.9341556459566318,0.8506162744309324,0.9718626556371801,1.0770385679540322,1.0
515,1.2208610980597787,1.128939904024068,0.7791017141062538,1.0895832820068185,0.7809695243822526,1.0
516,1.030206077266882,1.037696815890616,0.8560335614466543,1.0806723575986663,0.9953795364986132,1.0
517,1.1504454267949147,0.8865216470126676,0.8922149233072326,0.9081165978148241,1.164079692386578,1.0
518,1.202373246740744,0.9664951576531841,0.9953230042956215,0.713928344838938,1.1224228288774347,1.0
519,1.01792685331562,1.0687297758094512,0.893802799794119,0.8499833762122841,1.1692849267834284,1.0
520,0.9141733699887696,0.9764847716857751,0.8830559314205261,1.11307346884942,1.1136046921746938,1.0
521,0.9321443435583256,1.0669908551389928,0.8933652777725591,1.0397392060100628,1.0673720063984882,1.0
522,0.9214311653248292,1.087443734578859,1.0944273402884472,0.9476166018582899,0.9480688595541311,1.0
523,0.9923563326428464,1.034593826663195,1.0347707112752316,1.010837742732591,0.9270434921273163,1.0
524,1.1429337939283035,0.8606022125508701,0.8661290332351438,1.187503913574913,0.9443638574976886,1.0
525,1.2165521765372147,0.9861622102798476,0.9373567497840866,0.9391557393416979,0.9211803519827428,1.0
526,1.0677259282290708,0.996533372070628,1.0492223701286896,0.8811831628391241,1.0053375693243765,1.0
527,0.8694877417893607,1.1858954307135705,1.1034349727188046,0.8122428015928198,1.0270745978503086,1.0
528,1.1832961411964011,1.033414219837416,0.8914721536408097,1.033290230697626,0.8585658553304895,1.0
529,0.9053811079048364,0.9934671155411798,0.9901399454029962,1.1087508534364123,1.0022442229572244,1.0
530,0.9007609746769641,1.043982392602596,1.0506868878935751,1.0527033824033496,0.9512826522983826,1.0
531,1.0206982035896088,1.0193555094315037,1.042186006274598,0.889189798812118,1.0283613362590411,1.0
532,1.0973903325132628,0.9584278189349555,0.9905125267427968,0.909279415683525,1.0448707926058198,1.0
533,1.140750661962373,0.9348637182761103,0.9268246514719057,1.125579912319638,0.8727407559458976,1.0
534,1.059118649040228,1.1323713323037763,0.99528862591056,0.8373425031617976,0.9748272077395495,1.0
535,0.9603648765357374,0.9794746209560927,0.9435177800643575,1.1851880879579737,0.9316636438757295,1.0
536,1.000627331350956,1.06442905236555,1.0502596636236263,0.7786837502665059,1.1054164223792917,1.0
537,1.0422682272755024,1.0504401400883443,1.003430881489297,1.0502386762530815,0.8531648851338378,1.0
538,0.8941576313942704,1.0124505636088459,0.9658821144271976,1.0953493690269769,1.0320349217287768,1.0
539,1.0365339348201317,0.9711420118211533,1.0335499143686708,1.091812514950049,0.867110170423666,1.0
540,0.8157835242357411,1.128174521038289,1.067633450601536,1.069682469216307,0.9173082718591545,1.0
541,0.9419621627696783,0.9733970728029742,0.9493498664479907,1.0422415208317295,1.0933573341351537,1.0
542,1.0793316448402561,1.0521092716668743,1.110941333077436,0.9217639663909257,0.8352035191310202,1.0
543,0.9948731887765921,1.0173181143954269,0.9773126719943833,1.0135458313849324,0.9968426127404045,1.0
544,1.1493129592897637,1.1386915443910532,0.7972203586203528,0.9318754622925375,0.9822659327986086,1.0
545,0.9845966092466254,1.0653458732547536,0.9688441858233454,0.9318754622925375,1.0488602333273278,1.0
546,0.9324421242978262,1.1654406791756329,0.9154538023642391,0.9673707186352254,1.0180163065802994,1.0
547,1.0435428536159959,1.016571001949114,1.1393607625282542,0.9202270190138808,0.8798771957357027,1.0
548,1.118685231134211,0.995085140159325,0.9851914590564558,0.8157704576257961,1.0854925216067657,1.0
549,1.1790387794185515,0.9607154523914705,0.9778725360384903,0.9026903516602987,0.9802168773977248,1.0
550,1.0313834556409012,1.1921605386494158,0.842728354091598,1.059009900362448,0.8733842514341527,1.0
551,1.208652487079181,1.1235639997191915,0.8778420355120811,0.8348051016370648,0.9545183075783088,1.0
552,1.1869818430888857,0.9653832394834786,0.8302618089960343,1.115040029748447,0.903082250367817,1.0
553,0.9812686631989544,1.0633440074599785,1.0395964768247565,0.9650040624428456,0.9501397832316194,1.0
554,1.03842994455035,1.093135337488677,0.9383679221139508,0.8591198133352318,1.0703579080125696,1.0
555,1.0388980891974833,0.9446080770719415,1.016238137470835,1.001766121964478,0.9989581763245777,1.0
556,0.9305148520613702,1.0732747231608315,1.0524707365996764,1.0961152858060077,0.8467714349084583,1.0
557,1.1315573695905912,0.9141277278417106,1.0241490414307612,1.130465241800192,0.8004033725005611,1.0
558,1.1273339875101893,0.9846493600777966,1.0501353725391738,0.8446844519522965,0.9933485641735803,1.0
559,0.9796825608338701,0.8945010427286484,0.8619372411807692,1.0746916250959915,1.1904050157729484,1.0
560,0.9587267841315413,0.9498666778685261,1.09701103423007,1.0206081179888882,0.9739677401778669,1.0
561,1.0642223156672035,0.9255177137706746,0.9668333771357874,1.063195176613243,0.9809701710548304,1.0
562,0.999457006986803,1.0470364207909495,1.0047484115332694,0.9248331027940034,1.02353372442527,1.0
563,1.0112196747145257,0.9248071879508867,0.994206312888058,0.9678558442110964,1.1026100055100636,1.0
564,1.0350801705356714,1.0335262734259048,1.0321003352461342,0.9694510857720753,0.9295006906458129,1.0
565,1.0188205555573369,1.0226867365865087,1.029254470351154,0.9776594505803059,0.9513280725930873,1.0
566,0.8147213061052258,1.0969532734100529,1.2081486997217117,1.1687271422918908,0.7099229912613674,1.0
567,0.9306011912883848,1.0690506113061542,0.9693604438264485,1.0216353730513992,1.0087715683998113,1.0
568,0.9848279524348882,0.9187036463869328,1.103147739541816,1.0094326994284917,0.984347004690131,1.0
569,1.148168605198204,1.0332816373472193,1.0208363585434836,0.8985306819147034,0.8989595129578156,1.0
570,0.7617943172062996,1.2286695775244274,0.9715829679740828,0.9734476450184856,1.0624497063150788,1.0
571,0.9636300856440638,1.1069271482352978,1.072259531786439,0.8231782896365487,1.032953655972627,1.0
572,1.0257612076224458,0.8399878534325216,1.1167395655047712,0.9202027007606894,1.0984931462474798,1.0
573,0.9296179005559627,1.0141643471149544,1.1769034747289089,0.8765453567189182,1.0022442229572244,1.0
574,0.9651984210543192,0.9164335691489492,0.9490528233108042,1.1249779979280232,1.0451209811586029,1.0
575,0.9411942886414161,0.9862940677755395,1.0287236531926438,1.0487804164971068,0.9950078025748618,1.0
576,1.009697345173143,1.1153508125867413,0.8794952220196369,0.9623447699427277,1.0324043500369555,1.0
577,1.0445144950066996,1.0160459136216613,1.0793804997513725,1.0055606906082828,0.8541854172930889,1.0
578,1.0184016326315322,0.9895863846210972,0.908064351353334,0.9587214839113167,1.125567242578914,1.0
579,1.0752207042574988,1.089222982099366,0.8311982745073346,0.9534882365685995,1.0505451493648015,1.0
580,0.9604107304736926,0.8870242103046247,1.1848838568699276,1.0570584079170626,0.9111311117792948,1.0
581,1.112790076631528,0.945005305026976,0.9144943900332553,0.9406828218446928,1.0878016566243045,1.0
582,1.017035983727601,0.9840205185629753,0.9348808999431355,0.9604889125015993,1.1038981536533612,1.0
583,0.9043223638466493,1.0409005587235174,0.9348703923576036,1.0230237585048383,1.0966200052250796,1.0
584,0.8897159439481528,0.9648781337989877,1.0310174961653904,0.9008688147162571,1.213748999024936,1.0
585,0.9914035884809352,0.9261134127926252,0.833205999808077,1.032894447788233,1.2174152990723346,1.0
586,0.810866833481283,1.1654568667510425,1.0476758813076503,0.9355902278028153,1.0387724862085128,1.0
587,0.8752516147911928,1.008548210274253,1.043483794826055,0.8649024392672438,1.2076377259541509,1.0
588,0.8947908875071559,1.0553829131103185,1.1046470479041928,0.9506845633373942,0.993726566671469,1.0
589,0.9072354470915335,1.0171210944826365,1.0534104426144972,1.0792837385450627,0.94258682873358,1.0
590,0.9803264534141092,0.9157657768955009,0.9635398992193963,1.0353448746560245,1.1058281230952614,1.0
591,1.0595336576799987,1.103852350601311,1.0455918428964104,0.9602986790073426,0.8297446726007521,1.0
592,0.970957136203411,1.0232011665344898,1.0473751476460686,0.9082914662177924,1.0498861138372333,1.0
593,0.956883259043911,1.0862960507905546,1.0435780912109116,0.9758755462477021,0.9364906258248418,1.0
594,1.025523322370214,1.2079656973057527,0.9089519997906295,0.9220801804445762,0.9339093895737771,1.0
595,1.0027339152064316,1.2915072502035339,0.8498701198042384,0.9182856118007714,0.9354279414267428,1.0
596,1.1061677861159778,1.1386442584999195,0.8021696731676615,0.9615806614845275,0.990757183152557,1.0
597,1.095219082142947,0.9163046211302144,0.9221891648361241,0.9361164003794271,1.1311736982405565,1.0
598,0.9755103699972072,1.0039562102754005,0.9877826785055029,1.0350072300839628,0.9977091812243861,1.0
599,1.0923637623757216,0.9712667330709859,1.1450764019708768,0.9234156990175354,0.8678651092646357,1.0
600,0.9327757350757505,1.0878079850402456,1.026974836972746,1.0095317508169157,0.9420318762291742,1.0
601,1.0322260891830917,1.0018155786969882,1.0922700501685716,0.7892065036484858,1.084360871476829,1.0
602,1.026004111550885,1.068920314189877,0.8753936453679796,1.046148165342651,0.9832142693567707,1.0
603,0.9963061336986982,0.9764847716857749,1.1429877176854388,0.8883182491779024,0.9958195805023702,1.0
604,0.9366195911268868,1.1736012628645804,1.3047456590401203,0.7843498482414181,0.7984912765318546,1.0
605,1.0734557026769105,0.7882673586787698,0.9948101861688375,0.9084025287335316,1.2370268746827202,1.0
606,0.9634809861414111,1.1490278026721832,1.0674525264445116,0.8734259782252565,0.9451769362407987,1.0
607,0.9965057542424166,0.9718700043337628,1.0557392792599236,1.1044315940912723,0.8715167156149778,1.0
608,1.1034358254942571,0.8809590874991231,1.0575306920640977,0.9632366557350749,0.9958195805023702,1.0
609,0.7691424917776606,0.9595989184204579,1.0367733747611867,0.9533853717559663,1.2812781259396335,1.0
610,0.9036984667909816,1.0179971677767645,1.0368785775389402,0.9399287070283989,1.101231306706086,1.0
611,0.9439316177097583,0.996533372070628,1.1572305552889959,0.9739392852432425,0.9280039101455781,1.0
612,1.0255233223702143,1.0027642676919661,0.9824701762442833,0.9843557481870203,1.0049240203448104,1.0
613,1.062855006482192,1.0104858241585877,0.8885151775255297,0.9331226189604881,1.1052586184646052,1.0
614,0.9843592099539579,0.910244739370191,0.9815253924440699,0.9965212731583811,1.1281806698209593,1.0
615,0.9830724658886586,0.9009383155643053,1.0537605291690386,1.043506377046331,1.019439589527569,1.0
616,0.9995607066140064,0.943164983108715,1.328910835136933,0.7766857591180288,0.9514976800226814,1.0
617,0.993492127969506,0.8698559997825999,1.2094925803665635,1.0156154231897931,0.9121808020002388,1.0
618,0.9777695853672672,1.0099561962970498,0.9438391616083195,1.0599600045682234,1.0084822575399457,1.0
619,1.0734227290721592,0.9208376658410414,0.900645649923091,1.0331530500678034,1.0728985154372375,1.0
620,1.022340444274714,0.8047638645445311,1.1869694410673723,1.1472740502945138,0.8398694605786796,1.0
621,0.9910742185179849,0.9602552788297741,0.9809547381461373,1.0265190639316235,1.0415764817069992,1.0
622,0.9390682697964995,0.9776977962468755,1.0950707426049013,0.9381619237445111,1.0499701383361397,1.0
623,0.9634110165708855,0.9155481260869697,0.9312302350796154,1.0459616861687933,1.144720117397222,1.0
624,1.1912821727666156,0.951011255902668,0.9314815792726194,1.078825054423284,0.8480528040407285,1.0
625,1.155275092463786,1.0779229329697366,0.9618216910536191,0.8964350084693314,0.9080736248270154,1.0
626,0.9786957734035377,1.1737882015811885,0.8217922189887883,0.8919835332560418,1.1326732656708356,1.0
627,1.1370286359930073,0.8781539682015785,1.0266288211920949,0.8676010163442353,1.0917303142926909,1.0
628,0.9997045076076206,0.9529480640009806,1.0043782293758996,1.051703103875094,0.9916464743761058,1.0
629,1.007730928072909,1.0396748883570486,0.9300904183904115,1.0733208449619407,0.9489687825342489,1.0
630,0.8783070790129328,1.0393938191793366,1.0825596201885963,0.9749548632257692,1.0241911767446088,1.0
631,1.038466081449868,0.9735535207975927,0.8907324719551827,0.9928417021696943,1.104924031990704,1.0
632,1.0426657967854487,1.00006092383017,0.9622423272119827,0.9640890775543095,1.0310698311396223,1.0
633,1.1595131592777954,0.8251925552540744,1.1724592570589225,0.9626091399984396,0.881452573936321,1.0
634,0.9884562143327366,1.1098975441971561,0.9144276142471995,0.9600715845771283,1.026394686161013,1.0
635,0.9635113300878128,1.055981202743601,1.0032480405852355,0.996655070321802,0.9800857622455851,1.0
636,0.9907251258027618,1.0410583546090209,1.017808526711663,0.8697969322446065,1.0802632343251521,1.0
637,0.971570338317018,0.9716725901545361,0.8865189979676432,0.9981033573503483,1.1726440634234436,1.0
638,0.8952981385771712,1.038146853541709,0.9654609204125336,1.1329497807931594,0.9677755062946742,1.0
639,1.0027339152064318,1.0274318032519894,1.0767585228288996,0.8562103606533998,1.0365089827164458,1.0
640,0.8847652192997927,0.8765886313598645,1.1211521909182212,1.215378015618668,0.9027567449430881,1.0
641,0.9256005371136292,1.0808048839404043,0.8899738811136823,1.12285873011403,0.9802168773977248,1.0
642,0.8864749105448164,1.0870545974399866,1.0867904345322743,1.0090252967613218,0.9296178299893095,1.0
643,0.8694694402519303,1.1190593927084602,1.0209136723742402,1.0147549857824938,0.9746297143830382,1.0
644,0.8947471858765084,1.0240353344809086,1.1229053166644238,0.8784718300303884,1.0793399324154724,1.0
645,1.070740400076132,0.9748306472842747,1.031588380714762,0.9106964745131617,1.0123679019769942,1.0
646,0.9966009860614382,1.032962750103979,1.0090201098593226,0.9650040624428456,0.996114288871859,1.0
647,1.0324834379961512,1.0489486996551725,1.0207864081418325,0.9440727850974137,0.9532689380657718,1.0
648,1.0972164421711714,0.9134462080583796,0.9421052642206827,1.0733208449619405,0.9748272077395495,1.0
649,1.118244929948349,1.0105118944842884,0.8209529703991347,1.043506377046331,1.0071571848344656,1.0
650,0.9265769089882218,1.006042648649296,1.1137538427814295,0.9510437866751372,1.0022442229572244,1.0
651,1.0218944358791662,0.8964406031953321,1.008338471105316,1.0740804492400455,1.0001163159021136,1.0
652,1.009697345173143,1.0693569646450198,0.9026398331254166,0.9652433987678561,1.0527044355713902,1.0
653,0.9299548407156423,0.9900334734367748,1.0712648568960992,0.9636805435948607,1.0449666149496406,1.0
654,0.9668531867324264,1.0115995604934205,1.0132937519279783,1.0188471485397608,0.9892468194894793,1.0
655,1.0854336195533538,1.0754025477507616,0.94487278328751,1.0155361030224088,0.878255246921279,1.0
656,0.9842786897731843,1.0513685731954203,1.0581205028237541,1.0447867529690873,0.8608232589816651,1.0
657,0.9281029558685484,0.9384851568566488,1.011295831828124,1.1661781190807854,0.9563399074019315,1.0
658,1.0403003154879407,0.973425992172914,1.044508962295428,1.0320789296896278,0.9098182427421488,1.0
659,0.9423282576638755,0.9575586655818601,1.2166815322498667,0.9293492938706602,0.9539432965496473,1.0
660,1.0190385317138533,1.0500058944744177,1.016104877814728,0.9773328019165637,0.9370576068299253,1.0
661,0.9901604491850344,0.9498666778685261,0.9402951721972029,1.0049064546352129,1.115350154074654,1.0
662,1.3392679004469463,0.7655140445094708,0.8902749039045206,0.9949047101702005,1.0125412526451412,1.0
663,1.039987187598002,1.061133606382994,1.0679482474320245,0.8373896375554458,0.9929354530845567,1.0
664,1.006681686526142,1.2124992355030149,1.1218757950171745,0.9071110553221648,0.7497102455191835,1.0
665,1.1666156354202253,0.839355873241163,0.8170496507813276,1.2764886872677557,0.9022974306401605,1.0
666,1.0364797681220326,0.931375420819856,1.1536698458881065,0.9680528390137502,0.9106930679755548,1.0
667,1.1014880129161562,1.0035021369102826,0.9720736664427565,1.0118849716812908,0.911131111779295,1.0
668,1.1251799708587022,1.049206194630949,0.7919581780353999,1.1902171746112609,0.8434728609045947,1.0
669,1.0213030617843284,0.9014794196577371,1.0739099553081881,0.9090099995603595,1.0950446139717822,1.0
670,1.1774527034620978,0.8655205930851188,0.852142499803715,1.0624792202653552,1.0440043989137755,1.0
671,1.1184339823456355,0.8915730524087512,0.8844802151808818,1.091668209833085,1.0150935078669323,1.0
672,1.020068411081011,0.9247699213814174,1.063667233797545,1.0457266033804722,0.9462678168878049,1.0
673,0.8728250678922381,1.0759208639970268,1.0524707365996762,0.9835153221716029,1.01441722971379,1.0
674,1.0222044766667506,1.0609842981507744,1.0386762172364765,0.778070774341342,1.0995494873220033,1.0
675,0.778520120501888,1.0387182056900535,1.2213454407124609,1.0473952206874977,0.9130175115966432,1.0
676,0.8811904103329249,1.0386247117021425,1.0755931997522448,1.1535488677166714,0.8503890376606753,1.0
677,0.7135559696225544,0.948816908101127,1.3106611232936045,0.9567429254716924,1.0698112492240035,1.0
678,0.95634119348016,1.0523332676795776,0.9779349640604539,1.0428287755027945,0.9701105810685795,1.0
679,0.8573157933042004,1.1719471384630802,1.0279814283346405,0.9974294720858438,0.9436715086285555,1.0
680,0.9910742185179849,1.140754391391762,0.9736884067524622,1.019238786882463,0.8740501944394399,1.0
681,1.0376275862484137,1.0371359997407923,0.9247670986880855,0.917368243557214,1.083011156675389,1.0
682,1.0088951066977154,0.9385288418706998,1.082783833851971,0.9848391982446479,0.9853092207259962,1.0
683,0.9348693270225711,0.8987858572920895,0.9943231820914068,0.9478035822453968,1.2251189741949498,1.0
684,0.9969125281805598,0.9732805558640006,1.0448330679741342,0.9305229579931289,1.0546111199477324,1.0
685,1.018059542731421,1.0520339542302888,0.971467257418151,0.9842680237642251,0.9737962428296176,1.0
686,1.0238124059164768,1.0143508086606643,1.0208650087738602,0.88745046840697,1.0534098439490347,1.0
687,0.8674168816664634,1.0484687551559164,1.1070972454197285,1.0312298314340214,0.9450226669752374,1.0
688,0.9279443690446261,0.9193687395201526,1.1186135798528327,0.9962315025061106,1.0382364188092794,1.0
689,0.9381406261900664,1.0970802502908736,1.0121152635705475,0.9782072049857633,0.9735501143245022,1.0
690,1.030587635073277,0.9520726523936307,1.0553942664235643,0.9461124485220068,1.016164281609408,1.0
691,1.0743577662926054,0.9255904803178694,1.1023160121684497,0.8866563501859509,1.0115819020530992,1.0
692,0.8933041560859081,0.9735535207975927,1.1913546812400566,0.8255088310174985,1.1160848807986907,1.0
693,0.8112303558036119,1.0013726894049029,1.0608458352994083,0.9964517128293878,1.1298509144743245,1.0
694,0.9319526976624483,1.0051549639593114,0.952795566839354,0.9781951543888432,1.1319464165163946,1.0
695,0.9748801953395864,1.0348615786887287,1.076224416418766,0.9391557393416978,0.9744041056528571,1.0
696,0.8609331595206738,1.0871273149861398,1.0772764441963016,1.1299382183774416,0.843639918314162,1.0
697,0.8066156100241012,0.8461707293252951,1.29317776626364,0.9638443760226049,1.0907705265622787,1.0
698,0.9787641801815767,0.9004532620940973,0.9460705575510036,1.1374635249397458,1.0381812668082802,1.0
699,0.9534191324913613,1.0911851924796565,1.016238137470835,0.9360765401963155,1.0022442229572244,1.0
700,0.9549846811489825,0.9348953581623347,1.0882690609738148,0.9654208658387825,1.0567881262474133,1.0
701,0.9176805920416004,0.9535510260774717,0.9447960890680872,1.0807744619408428,1.1036617931374195,1.0
702,0.928871818773815,1.053341249736742,0.9819927854880907,1.03977956855688,0.9955327661070643,1.0
703,0.882233702220251,1.108589914337797,0.9762456564274893,1.203839116523836,0.8280343902114407,1.0
704,0.8680383146563141,0.8896720437682207,1.1043088475068246,1.0466213214554247,1.0919974369533938,1.0
705,0.9508683678681679,0.9706287910459803,1.1636152755940385,1.0363097813425632,0.8784037011550386,1.0
706,0.9087276106558287,1.0089900392215108,0.9217341372876852,0.954808334997393,1.2058250807454105,1.0
707,0.9503934086434586,0.9279637892417614,1.0437965272320964,1.0733208449619405,1.0049976411521617,1.0
708,0.9891834568928314,0.7920886461747245,0.9998471997696925,1.123602542203401,1.0970511089126376,1.0
709,0.8767072482679183,0.936464903993735,1.174683868581879,1.0263997151275388,0.9858139897939912,1.0
710,1.0465426784921494,0.8439647826199344,1.0192617085030844,0.9239590445303436,1.1676631723773487,1.0
711,1.116846491513217,0.9020585189538558,1.0894218883689142,0.9823614513210982,0.91002804747932,1.0
712,0.9395817024207732,1.045353262896633,0.975273382263832,0.9232867483543574,1.1161706016036677,1.0
713,0.8255439864149338,1.0972026376458814,1.013901276874889,0.9554998151267611,1.1068962301736416,1.0
714,0.885416260667931,1.0636458080297402,1.114619946763123,1.0172459516637082,0.9181707561307906,1.0
715,0.8896908433459989,1.0162816004492234,0.9810609267051261,1.0665985849726174,1.0461839488071234,1.0
716,0.8550444238194378,0.9113199638685242,1.0851054881221467,0.8671618885222225,1.2819402851778452,1.0
717,0.9186537421922277,0.9564434963284651,1.1488927450769757,1.042210095832609,0.9337679095874761,1.0
718,1.108697968868168,0.981802139624845,1.0761564772472227,0.8135673984643019,1.0198962738507957,1.0
719,0.8463245651849156,1.040168561143543,1.1002592048747684,0.9311287672105724,1.0814814799004235,1.0
720,1.205306423328943,0.8329067736355346,0.8988525331262891,1.1333111682830455,0.9313784698188348,1.0
721,1.0061836878504906,1.0139744642564794,1.0720838667255301,0.8214022674364698,1.0861476957506617,1.0
722,0.8960172535479158,1.1570500542447477,1.0741330358971595,0.915268243963529,0.9559558351499631,1.0
723,0.9949808179239078,1.0561989308266408,0.9019240204108051,1.000475186240297,1.0461569853032884,1.0
724,1.023197872659624,0.9934671155411797,1.132479991575876,0.9302113989670151,0.9204283680219407,1.0
725,1.0436179160410286,0.9273781014171958,0.9655176821810333,1.0426106634179653,1.021600871040089,1.0
726,1.0377130052717722,1.224505979620524,1.0114733299995724,0.9551723488498509,0.769164171106707,1.0
727,0.9886109023162002,0.9934671155411798,1.1829178138120304,0.9735473579654785,0.861083064794235,1.0
728,0.8906805550544236,1.0390128858811767,1.031361008358422,0.8898209106274731,1.1487039804667327,1.0
729,0.888030035607172,0.9470319982096117,1.0760963097152285,1.0781615703799732,1.0108736320109766,1.0
730,1.198235496158629,0.9684742321313389,0.8017642639662627,0.9765644585188306,1.0558233166373274,1.0
731,0.9844654835528733,0.884869495623723,1.0727105584573624,1.0240726550446586,1.0347055743080658,1.0
732,0.9530115723036334,1.0536772437557969,1.0604439997557344,1.0555800045493466,0.8766185696664428,1.0
733,1.1406761469279514,0.788465964715222,1.0580393648356534,1.11307346884942,0.9014895127128474,1.0
734,0.9430099516047946,0.9265093005438904,1.0264888963152798,1.1933264148793152,0.9111311117792948,1.0
735,0.9725512889962047,0.9137239356984095,1.1202301402101904,1.005116510332252,0.9888362734862247,1.0
736,1.062420457778243,1.0052941050119082,1.1069736854593024,0.88250825030204,0.94258682873358,1.0
737,1.0234622648747818,0.9754974261127864,1.0980234105997915,0.9836463213087896,0.919371315632596,1.0
738,1.0081346364732529,0.8739656851259929,1.1039605527080087,0.9532065433414242,1.0616231446046003,1.0
739,0.7427658631158752,1.0118646547178682,1.134085944183216,0.9855338005437572,1.1252047410515134,1.0
740,1.0484860330105275,0.963247583509509,1.235552623289544,0.9141591987508543,0.838379197910986,1.0
741,1.0430329141627186,0.8924763685712727,0.9573005104177906,0.9887407941375166,1.119528121388389,1.0
742,1.1246416343496795,0.995168257862312,0.787550876530922,1.0720955928558198,1.021122110718405,1.0
743,1.0085384530658033,1.0064066293470708,0.9405219679454415,1.080051752335074,0.9645331523394417,1.0
744,0.9429378560427455,0.9684025782224803,1.1007492107556247,1.010956636844886,0.9769582448550925,1.0
745,0.8829428398573625,1.069179336499004,1.0091145785523157,1.0265265616422816,1.0115338192565189,1.0
746,0.9725512889962047,0.9303370981656534,1.0951503609517532,1.0888762195266064,0.9134165577118516,1.0
747,0.9219090152401702,1.0009744237190727,1.2214757982073068,0.8831691251576002,0.9719496872507087,1.0
748,1.0927228563147011,1.0371359997407923,0.897298769024083,1.0457997976552242,0.9269841256289345,1.0
749,0.9806958071799166,1.0589704418405983,0.9668852041728893,1.0678166355005974,0.9251485134989763,1.0
750,1.00797012364093,1.0116244779662145,0.7701172948617735,1.2031655772941507,1.00747787425204,1.0
751,0.9961657891242935,1.1713367737821772,0.9823826198610515,0.9077138441381187,0.9409716503746867,1.0
752,0.9666184987689119,1.0734496375550884,1.0167937624776533,1.0187452087774351,0.9236784681915098,1.0
753,1.0310131325565544,0.9456032474598773,1.0867904345322743,0.994703141081062,0.9421802330972732,1.0
754,0.9168684565748215,1.0093279838589635,0.8271595121461897,1.0831868807888767,1.163708822011291,1.0
755,1.0174800021947616,0.9788573050185154,0.9263290233160385,0.9870342672297062,1.0906775367475676,1.0
756,0.9064261380397122,0.8699853271688297,0.9508904630578053,1.0470436867990305,1.2268526269721203,1.0
757,1.1727882049198033,0.8714623820536664,1.081706034838556,0.9519707299370039,0.9231196790395487,1.0
758,0.9993463006280315,1.0404554250600195,1.0724712362394504,0.9899209144412494,0.8972794563637313,1.0
759,1.0356876119503051,0.8978517358764184,0.880147182895856,1.1405083782928915,1.0469452563755044,1.0
760,1.2062964393460833,1.13912582797015,0.8457354133390255,0.8850189423370387,0.9231196790395488,1.0
761,1.0231978726596243,1.0897726012313962,1.045758550779525,0.8177682628281451,1.0226981866910452,1.0
762,1.0299398741461412,1.0685547463669667,1.1238592555550806,0.7959769573748758,0.9808785515375936,1.0
763,1.037861536439778,0.9808114834960694,0.9313863246262262,1.0767390642134118,0.9735174777132275,1.0
764,1.1312895453611025,1.0529053190350968,1.0596671177046313,0.8904587750795359,0.865185183920339,1.0
765,0.9444174291445033,1.0890812949576496,0.9211150219185535,0.9847520807782568,1.0600164066788966,1.0
766,0.9276393048165227,0.8753014233842994,1.3434070305275603,0.9929399887313107,0.8609586937297743,1.0
767,0.9340535100553062,1.1567767783698668,0.8491852929550812,1.0017661219644778,1.0571617146261134,1.0
768,0.971570338317018,0.9989157468878408,0.8956583690807118,1.0805155611682669,1.053547400732,1.0
769,0.989540047901084,0.771244208117495,0.8946001261097248,1.3444755847417993,1.0022442229572244,1.0
770,1.087034554095468,0.7253189117889144,1.194507716539013,0.7978668228035665,1.1973714168073033,1.0
771,0.9687429350299425,1.0271439669154572,0.9490075116458098,1.0187452087774351,1.0362186033964524,1.0
772,1.1419033909824132,0.7070940324136511,0.8895437720370928,1.1586262976457484,1.1056786801307457,1.0
773,0.8071542351506881,1.0765123543015882,1.2691558882525507,0.9459401461274483,0.8998477543578794,1.0
774,0.8497745044122302,0.99346711554118,1.220152514973184,1.001766121964478,0.9342954620787686,1.0
775,0.9594059065246723,1.1651774811902726,0.8177762590708905,1.1285328225834397,0.9280039101455781,1.0
776,1.1026627246256293,0.9047037306474661,0.910513772986146,1.0499610556672363,1.0332414669662107,1.0
777,0.9574856482833373,1.0246880804937228,1.1400352841854269,0.988850523292897,0.8883711887614397,1.0
778,0.9782769904452991,0.8935146313556342,1.127876414374348,0.9467911518566711,1.0541898076836658,1.0
779,0.9347519548534533,0.9261134127926253,1.1523662641413404,1.0527033824033496,0.9342954620787686,1.0
780,1.075487480032135,0.8305009010044563,1.1354731606217325,0.9954458309741657,0.9643043785550581,1.0
781,1.0327453175981736,0.9882199300717722,1.1089854504487786,0.8994731024681052,0.9704829623705518,1.0
782,1.0678031709353017,0.851307095680046,1.1645474872525536,1.0084334505632433,0.9088570740627077,1.0
783,0.9441325824995623,0.9434712055058282,1.0956117854619194,1.016402315304868,1.0006172031147613,1.0
784,0.882768006615143,0.897035770240343,1.0495010110449368,1.0967416910897783,1.0746410968502969,1.0
785,0.9106665297782962,0.9617396228292859,0.9778944668406174,1.0897455817777255,1.060258359615427,1.0
786,0.9008011531405296,1.0333936899246314,0.980937560057736,0.9946613976952262,1.089910975319913,1.0
787,0.9833885663600054,0.9104119869107276,0.964482829359832,0.9180171857230746,1.2246070891438754,1.0
788,1.109896318358264,0.8974066819774017,0.9794940761102584,1.0196092844422167,0.9945935036980089,1.0
789,0.9467829076537929,1.0083598143375498,0.9648744057740005,1.0637116847842676,1.0162251438271253,1.0
790,1.2573466021397264,0.8875803383361639,0.9402951721972029,0.9106964745131616,1.005386054377153,1.0
791,1.0112497021720914,1.022996923646438,1.072023006122494,0.9677358503053873,0.9256395689732327,1.0
792,1.0528706109667534,0.8278892629509832,0.7832136398195924,1.2438596014392267,1.0941166100616366,1.0
793,1.0005587874077193,1.2068147173602184,0.9000793663870332,1.0321885204623145,0.8587558960262551,1.0
794,1.093891543861562,0.948309519380217,1.136189999738287,1.047300945690136,0.7744614450124007,1.0
795,0.9513116631445634,0.9679935997580728,1.0639399689856983,0.9247071895056719,1.0921892173251804,1.0
796,0.9584956542414421,0.9058082524051935,1.1615871879677309,1.0754253956383366,0.8990720235351571,1.0
797,1.1366393759327564,0.8176049242807847,1.1023160121684497,0.8866563501859509,1.058270297532473,1.0
798,0.939015037651508,0.8472712858294343,1.1954694779855017,1.0134924812516874,1.0055962103249743,1.0
799,0.910410587975149,0.9655179128021697,1.0740046647142476,0.9863937518064553,1.0637630499418111,1.0
800,0.9564862293897828,0.9580605307105716,1.0166161255519932,1.0710706964400079,0.9980419410999612,1.0
801,0.9811032914577568,1.0332670308016894,1.1400414912628234,0.9492853081789736,0.8956882115796458,1.0
802,0.9592941788075972,0.8338668027556835,1.0377475448873164,1.157274942341635,1.0130988535307683,1.0
803,1.016438706758228,1.0862510602728161,0.9224102868034748,1.0040480493493626,0.9702819926123469,1.0
804,1.2691243788953586,0.8963613072551999,0.9522354283520881,1.0293837343494634,0.8540426962542764,1.0
805,1.2002421106258803,0.9332569873265629,1.1664883997313078,0.7740920033361874,0.9263166303089498,1.0
806,1.0562506129281233,0.7953318200259446,1.0532098312180749,0.9004639298557103,1.1964994234742143,1.0
807,1.0060875403409013,0.9469502606328972,1.0700705816933163,1.005116510332252,0.9720763366474751,1.0
808,1.0334583527197208,0.871705129235297,0.9747813925331263,1.130126126450177,0.991077156406169,1.0
809,1.203280698247718,0.7020500949824338,1.093166271748197,0.9750523587120918,1.0289707355694169,1.0
810,0.9788075094205949,1.0128623520701834,0.9543010149645654,1.086514232065594,0.9674591740042621,1.0
811,1.0306472790130348,0.9573023597291883,1.0597952117473186,0.9438481663048615,1.0086826226764356,1.0
812,1.0144389803644833,1.0566057519374417,0.9661299141743461,0.9030187480743348,1.0594410398315668,1.0
813,0.9246521759075701,1.129865264601137,1.1268769669535468,0.8621757607071325,0.9550073026129288,1.0
814,0.9929031905475452,0.9155481260869697,0.9214278115524617,0.9035537570659996,1.2675441643282543,1.0
815,1.012862540612557,1.093817329232208,1.020046133098373,0.9714095728140391,0.9010074327595249,1.0
816,0.9638107872594167,0.8722678001516829,1.044202713253006,0.9721390277843825,1.148597815588686,1.0
817,1.165729757390193,0.7665641323620215,1.0183628886543163,0.999704874799942,1.051737764831655,1.0
818,0.9160778978429128,0.9812020894233875,1.061566162718439,0.9028262580667517,1.1383514631119092,1.0
819,1.0214960882560324,0.9604203923630947,1.0913093136779388,0.9580299711094797,0.96890553778609,1.0
820,0.8585050643890683,1.0433672902943898,1.1527918627481615,0.9949047101702008,0.9496149601078724,1.0
821,1.0243592777364228,1.048722380764242,0.9760142926242174,0.9380897282868266,1.0124828132030983,1.0
822,1.1942939320265282,1.0778180970493931,0.9550427261951072,0.9450623792117716,0.8273242406486522,1.0
823,1.0630561724328542,1.087523173817268,0.9170196210905465,1.0175730824688485,0.9142760416523004,1.0
824,1.038143459563641,0.8132716355152515,1.05120371725385,1.2059784774853264,0.8928499899538676,1.0
825,0.8789617503598418,1.0041304477294573,1.0284653664893975,1.173804668849254,0.9143909726443371,1.0
826,0.9630362382114557,1.005120688744009,1.004245354607389,1.0502386762530818,0.9772615956987598,1.0
827,1.3001866997546083,0.936009129381149,0.9886548803692855,0.8690694901370938,0.9068814330862945,1.0
828,1.0381245239784236,0.9584035702867854,1.1880537314910462,0.9546241868132084,0.860750920892675,1.0
829,1.0383339358646482,1.0581306556059904,0.8578570648911562,0.8076368882701782,1.2379791807237903,1.0
830,1.0445144950066998,0.8597311576798672,1.0094611151520934,0.9632366557350749,1.1243124295994504,1.0
831,1.1334365029319136,1.0420276262804635,1.1709004885286622,0.8161027470179045,0.836904544628232,1.0
832,0.9961369815537578,1.0130750191373874,0.9932692576659444,1.0083566885563495,0.9890567989709452,1.0
833,1.0421672714224148,1.1581147554763753,1.1093810222163722,0.886394180951715,0.8023584369180026,1.0
834,1.0505430604734887,1.0408344309622146,1.1039718140493466,0.9364062244209986,0.8676894778425154,1.0
835,1.017117393498327,0.997538702080283,1.1063882948271186,0.9237597436147849,0.9550073026129288,1.0
836,1.0229911660186828,1.0637122651248996,1.0907423997487553,0.9309341739467873,0.8908837537397549,1.0
837,1.0498290501672034,1.0109645794156819,1.0663732365449752,0.9507956343498469,0.9218293244420653,1.0
838,1.0238124059164768,1.074018503287762,1.0508904502083856,0.94761660185829,0.9029227233848868,1.0
839,1.1441451083765695,0.8915730524087512,0.9357544305536865,0.937550344915473,1.0921892173251804,1.0
840,1.13366413980345,0.8384356229885753,1.130400496554907,1.0209081497727164,0.877761660233238,1.0
841,1.1718943114709313,0.8682741050461531,1.0770711704836118,0.9060689517768143,0.9777992419094872,1.0
842,0.9221570827344863,1.0555588102625035,1.1069736854593022,1.0285991430885264,0.885912304221118,1.0
843,0.9158096129594345,0.9996186147086176,1.0911645136805468,0.9226793228620191,1.0705085353567876,1.0
844,1.1047068557358992,0.8980493699807275,1.1580151183773273,0.8772528186694579,0.9626074457781251,1.0
845,0.8988322101768179,0.9640552601468686,1.0442483089699912,1.0544906546994504,1.0385096389194923,1.0
846,0.9035800033359391,1.0299100878816059,1.0205776839754437,1.0065592613040208,1.0390091625553362,1.0
847,0.9281635132844346,0.8881470257607068,1.0995155124049625,1.046148165342651,1.0387183006914273,1.0
848,1.0093526209173653,0.9180554203020804,0.9569494651261082,1.0083784396012072,1.1080917976589775,1.0
849,0.9431655638080297,0.8975631118131947,1.200311613584903,1.029041932215986,0.9303009495271266,1.0
850,0.9858339053995817,1.1302083758263421,0.8566106627240342,1.2944168991675835,0.7319761178901076,1.0
851,1.1672034991820899,1.0118646547178682,0.7670785395058487,1.11307346884942,0.9412611088619436,1.0
852,0.9435064998851725,1.0439592628969816,1.0231952799840944,0.9494761320817167,1.0394153685888796,1.0
853,1.0290402061917856,0.9888677307470077,1.0569372404972828,0.9121018703071636,1.0130709352422562,1.0
854,0.9913392116245404,0.9708883174606984,0.8919091497945552,1.0302253867930142,1.1161356119296362,1.0
855,1.0184016326315322,1.1331734286641582,0.6717723373452621,1.1582920785214275,1.017904288940931,1.0
856,1.0390170502961382,1.1683042559406966,0.846910045857552,0.9638703640612165,0.9808146589795205,1.0
857,0.8612438535515365,0.9954987456343111,1.134795901579099,0.9628426939126884,1.0452853859063076,1.0
858,0.9268968964093065,1.0574719997357096,0.7421834956273627,1.0242146625127015,1.2492960202127865,1.0
859,1.011341073276873,1.1192494327448914,0.9440617336881215,0.9243764644736597,1.0000934842813503,1.0
860,0.8432080650599538,1.0837823078631053,1.2498089997121156,1.0017661219644778,0.8200180006013654,1.0
861,1.2389437520448983,0.7571458386341555,1.200740286097552,0.8791480977979251,0.9258607140482442,1.0
862,0.8896908433459989,1.1096135841639483,0.9601872899667191,0.8679184563992867,1.1717260226639785,1.0
863,1.179157476589251,0.9720638742727881,1.0590841074759758,0.7913412812645786,0.998645500433141,1.0
864,0.975854101628637,1.0536772437557969,0.984697999773182,1.0449658265247175,0.9403340320286313,1.0
865,1.0011192068083536,1.015864119756279,0.9418850432613044,0.9759557226868103,1.0651870968627506,1.0
866,0.9683052829246657,0.9593566566384784,0.9440617336881215,1.1393477352814876,0.9893397909019811,1.0
867,0.9608077584730618,0.969236210284078,0.9493322715583317,1.134404145081726,0.986529592283679,1.0
868,0.9641672261600305,0.8817755463383252,1.0205540944394789,1.0966078849907006,1.0378268580918004,1.0
869,1.1317538546347987,0.8746098759843344,1.0607859681529468,0.9836755373691826,0.9502089698465784,1.0
870,1.1209423848852387,0.9692362102840779,1.1177153655962009,0.8144440015971365,0.9777992419094872,1.0
871,0.956714725861209,0.9838683994489945,0.9539604925338853,0.9557913482511323,1.149917888658651,1.0
872,0.9641672261600306,0.9934671155411798,1.0895770766721007,1.001766121964478,0.9508470833183924,1.0
873,0.950695827790529,0.8923357325220178,1.1774647661958455,1.0697502500019873,0.9102217992924893,1.0
874,0.8842118952101742,1.0158341050092738,1.0973932680399061,0.9679353711289045,1.0342107366350346,1.0
875,0.9764039218093261,1.0434665546165565,0.9735930063402912,0.8439386366659168,1.1623401272808072,1.0
876,0.938405085990146,1.0184352044238285,1.0117501426240936,0.940812098670343,1.0904045944210543,1.0
877,0.9276393048165227,1.0503617080611594,0.880922642968892,1.0591359879800646,1.081717333147665,1.0
878,1.1163248665384102,0.6791279110144784,1.0740546091275993,1.076115951329029,1.0570544539001976,1.0
879,1.0004856328853409,0.9689645633641552,0.9191420446313314,1.134286752448568,0.9775251950367546,1.0
880,0.780675193499817,1.0828447799151266,1.0379036675809956,1.057227222142442,1.0403919269452155,1.0
881,1.0679341025180604,0.9466895159304963,1.0088144392295102,1.0219811333942541,0.9550533514726912,1.0
882,1.0853120023410792,1.0519063576318375,1.0351359244674463,0.8956967678741213,0.9314975719249496,1.0
883,0.8005018650807647,0.8905027366195449,1.2883185207116483,1.0382450003553412,0.9825923754482592,1.0
884,1.226253549555853,1.061133606382994,0.7738755416174089,1.0389834391891644,0.8998477543578794,1.0
885,0.9222469119791595,0.9967897480346285,1.0366308760154002,0.9548606848156395,1.089395894518722,1.0
886,1.2959061192286512,1.0103055412283186,0.8896945421679466,0.9126259161964523,0.8918274865297335,1.0
887,0.8460567409554267,1.1331734286641582,1.0310924247624953,0.9861135263087829,1.0022442229572244,1.0
888,1.0383866766359935,0.9802208873339641,1.0353973224281703,0.9839569464628871,0.9621544540389353,1.0
889,1.0262521946675633,0.9426287130401387,1.0019790701316749,1.1747790342867013,0.854792514249232,1.0
890,0.8845545609142451,1.1673238607608862,0.9569966054938485,1.0625876365123212,0.9270759062354325,1.0
891,1.0394193023481306,1.1267370944552406,0.9571707949014739,0.989549461940521,0.8861305629804728,1.0
892,0.9976823589585404,0.9384135222366309,0.9696251181645631,0.9841027394613259,1.1107996425722386,1.0
893,0.9862956543014081,0.9138449787764951,1.0654109505742622,1.0218379386158607,1.0131977117327131,1.0
894,1.0238612100162918,0.9821960137441162,0.9804012250578021,0.998518906009974,1.015239285815665,1.0
895,0.9803264534141092,1.0822686454219557,1.0473259774123873,0.8814422581531021,1.0078433526944157,1.0
896,1.0345667379113976,1.058797152617584,0.8615463399376034,1.0903576837708602,0.9545183075783089,1.0
897,1.0733075631975002,0.9687032724851681,0.9895848384817337,1.0061727178088964,0.9625659326055455,1.0
898,1.2534173940080398,0.8065519108130712,0.876154762684782,0.9940205076193918,1.0719880219774436,1.0
899,1.0699145993517758,0.9490938944996382,1.1660748979944302,0.8948779253280695,0.9201745967597345,1.0
900,1.1072372016547445,1.0230492629022074,0.9551890121869269,1.0315953861420801,0.8828702212154209,1.0
901,1.0064754596661571,0.9489835133527689,1.0819242087060106,1.0279316550008635,0.9349293124600974,1.0
902,1.0311802674108694,0.977613916888927,0.9041171487279133,1.0124232083683553,1.075102402285675,1.0
903,1.1516547937024364,1.052484963989171,0.8810534730643824,0.991847645509384,0.9228585419309095,1.0
904,0.9449848415557995,0.936251731923625,1.0207864081418325,1.101418249280316,0.9969968710045688,1.0
905,1.0003800797247264,0.9444933844933752,0.8214707040361323,1.1169927416270586,1.117525835456999,1.0
906,0.9883578017267695,0.8902035085494442,0.9317572470972043,1.0233094794260795,1.1674887901831466,1.0
907,0.9470264754727411,1.0900541962187946,0.9859604331062244,0.9739392852432424,1.0022442229572244,1.0
908,0.7788224584127624,0.9283612608819277,1.0677979803365647,1.1914208732101799,1.0338684338757775,1.0
909,0.7769721857593697,1.0021817393617165,1.2278825260329556,0.9666164334744962,1.0256885322661653,1.0
910,0.9528240823228538,0.8653503155731996,1.0631859364066867,1.0652264192834946,1.0543972028848627,1.0
911,1.1097966509446184,0.931375420819856,1.0024509685190925,0.9391557393416979,1.017904288940931,1.0
912,1.091057627944822,0.9351288047840121,0.9411342381251855,0.9169879872904547,1.116489678423851,1.0
913,1.1647919217044407,0.7927666881591233,0.9695487997766714,1.0017661219644778,1.0731099760956138,1.0
914,1.039987187598002,0.8919673792784587,1.0215157149349798,0.9769545771480203,1.0705085353567876,1.0
915,1.1216565358778143,0.8301207703982905,1.0645273420728532,0.9990659437381585,0.9860354215077813,1.0
916,1.0660294115151432,0.8746471283003743,1.096177993102985,0.9318754622925375,1.0322116581951482,1.0
917,1.0943542729410294,0.7942693944047503,0.9770080505363745,1.0551597477544628,1.0811010019208638,1.0
918,0.9686985603821924,1.0764722009127665,0.8614871434046957,0.9546857298094893,1.1383191566224349,1.0
919,1.083200217043985,0.996533372070628,0.9566439257055699,0.9584799315092226,1.0053375693243765,1.0
920,1.0589929137493668,1.081993888213166,0.98994772254425,0.8926628809584456,0.9757823292817862,1.0
921,0.9638905641152213,1.2756858944180143,0.7961480572054223,1.02045042553053,0.9418507403686973,1.0
922,0.7754956538467008,1.0542187017433384,1.2408175680595104,0.9909556961878829,0.9373507121182675,1.0
923,0.9856594986936288,1.0995804761794792,0.9209118945247167,1.0157226159237354,0.9774208366301104,1.0
924,0.9018163691364054,0.9998491312727078,1.0597952117473186,1.0189269977154753,1.019413288875121,1.0
925,0.9333959317081146,1.0304579123964366,1.316288201824462,0.8658882703150407,0.8529738067721058,1.0
926,0.8713596856740382,1.142221549953763,0.8421172939236714,1.0714076170743079,1.0719189550344645,1.0
927,1.0673106968655222,0.8797249055328873,1.010579012289582,1.0842012590134331,0.9592140595386672,1.0
928,1.1602579931020367,0.9062031121490493,0.9289120943806265,0.9476166018582899,1.0581125664666642,1.0
929,1.0732626003738566,1.032962750103979,1.0090201098593226,0.8118288144360447,1.072738464938925,1.0
930,1.2271219242036753,0.9205202294350093,0.8390326151913503,0.9982634432163504,1.0162616246769058,1.0
931,1.1937308514362281,1.0831032462666998,0.927176601290191,0.9164025927745224,0.8791615990852846,1.0
932,1.085248691770825,0.959699896944968,1.001635835189674,1.0931615999970152,0.8606032683711408,1.0
933,0.9277965051732108,0.954576943758429,1.2809430317334136,0.8199509183339142,1.0165110446363306,1.0
934,0.9746507577789039,0.8674424567328258,1.062440599425785,1.0314725308530457,1.0649876833729979,1.0
935,0.947166796479627,0.9008769813471655,1.0074027201709748,1.110269757340983,1.0350633033059495,1.0
936,0.9549846811489826,1.1826989470728333,0.8269412930426027,1.0168302741744701,1.0173155646558294,1.0
937,0.9026567534147917,1.1276143385790298,1.0468067551404803,0.9115875669539769,1.0100895789099227,1.0
938,0.8506483085298777,0.9960210155811314,1.182338590987297,0.9270843288103137,1.0434676357266732,1.0
939,0.9308767616737231,1.0840764941573133,0.9281969118383137,1.0605015949135352,0.99571494463177,1.0
940,1.0226888189916343,1.186229391690961,0.8456419102529736,1.1213799872736692,0.8227377949648855,1.0
941,0.9692296793761452,0.9958381587763617,0.9783707682710594,0.9802484725666729,1.0763959435101456,1.0
942,1.0053452014439483,1.0477973484223382,1.0545263435070975,1.030462547333252,0.8613036291038646,1.0
943,0.8626759391958169,1.1865295509499922,1.001871181955461,1.0544906546994504,0.892687162148135,1.0
944,0.9722325033370346,1.2087812812668348,1.0074506005283972,0.9332041820581638,0.8764873432705764,1.0
945,0.9989642388334752,1.0831032462666998,1.0994560373407332,0.8567736569433034,0.960798033286061,1.0
946,1.1224633379176474,0.8526023752778782,1.0321805669264237,0.97186265563718,1.0221893816230396,1.0
947,0.9208780853936617,1.1243319860484595,0.9646021222267904,1.1058457190516964,0.8832393430513572,1.0
948,1.0600329960753707,1.021851890270928,0.9427130740685671,1.030388011163463,0.9449731245025258,1.0
949,1.1431166633353322,0.8941204039870619,1.0198441437650863,1.081907411721636,0.861930031743213,1.0
950,0.8238424185968336,1.1427203911154415,0.8918824786678008,1.3168756532866375,0.8234400892841045,1.0
951,1.022903850282423,1.1419162247599768,0.9912278273578847,0.9499506328973496,0.8928037618297114,1.0
952,0.994089657316721,0.9135329798079814,1.0343246894169231,1.1370621211953125,0.9216038831790568,1.0
953,1.1024823151484329,0.936251731923625,0.9946123976766574,0.9834091511431394,0.9838784911229298,1.0
954,1.0065684617272976,1.0542528663964719,1.0132294758660363,0.9385571697181533,0.986913527386177,1.0
955,1.21298457484649,0.8612718945215874,0.9675940642932508,0.989647983392327,0.9699137641521527,1.0
956,0.9768754474790452,0.9536145664936827,0.8164941316170841,1.2342677147413337,1.0194747826642254,1.0
957,1.159974966177106,0.8683260135835505,1.0281205139019973,0.9142081575768372,1.0305853192362204,1.0
958,1.0779389588469142,0.8568653871542676,0.9498548397812079,1.014288198489034,1.1024686452529469,1.0
959,0.9962014467034582,1.0031752632500512,0.879344442794192,1.044186185761019,1.0773309236999478,1.0
960,1.1116280960433294,0.9440185260798543,0.8822181174438463,0.9745688516848994,1.0884100158811487,1.0
961,0.9842786897731843,1.0818430245923891,0.8280943065577206,1.1216093083344614,0.98379801026476,1.0
962,1.0055664968878057,1.0243375626342672,0.9179388133478814,0.976297491745042,1.0758553805755515,1.0
963,1.0438554953253072,0.9871991842128442,1.0093094761082069,0.8927411023815931,1.067058123810925,1.0
964,1.1404969080613694,0.8950154194064682,0.9683204862634408,1.0040223519689022,0.9932149957233753,1.0
965,1.1428217415955655,0.894850894513195,1.130341962974928,0.82866682883091,1.0040865836611899,1.0
966,0.7904434016266916,0.8950154194064682,1.0133586484152286,1.0153035019910248,1.2866648808234635,1.0
967,0.9185348841585633,1.0490810507623145,1.068538992120282,0.9558837041645781,1.007344702463368,1.0
968,0.9499584459850405,0.99346711554118,0.8682883576947329,1.107215187434423,1.0813687668749,1.0
969,0.9291065997542113,0.9031519232192544,1.136189999738287,0.9807500494757125,1.0513051289761095,1.0
970,0.9748801953395864,1.2188369704556141,1.0183628886543163,0.8116160710360353,0.9744041056528571,1.0
971,0.8637782790167764,1.0046296674011932,0.9361865166382888,1.1443395775249654,1.051042630816565,1.0
972,0.94187434231818,0.8757441336417914,0.9969574679784505,1.129158345566897,1.057280755431754,1.0
973,1.0059273353185543,1.0124505636088457,0.9075046239947845,1.1166182888139085,0.9575581747998959,1.0
974,0.8130274988160258,1.1243631206293758,1.2160303780982746,0.8799297017255548,0.9649986606175978,1.0
975,0.8456792055957858,1.2418338944264748,1.008881963623033,0.995731386289993,0.9056423701420702,1.0
976,0.9641672261600305,0.7815737797089702,1.0313109228393682,1.1909107743633653,1.0337833768265077,1.0
977,0.931393162345895,1.0798555603708475,1.1460699127794893,0.9304942239591,0.911131111779295,1.0
978,1.093891543861562,0.8429417950046374,0.984697999773182,1.092835769415794,0.9870587044275695,1.0
979,0.9414314051064752,1.1279539303087631,0.9823826198610515,1.0280132692648574,0.9190885887380661,1.0
980,1.0027339152064318,0.9934671155411797,1.1834926038090237,0.8995450891109598,0.9204283680219407,1.0
981,0.9338299571994798,1.0419727432439136,0.9040209762836278,1.050676945279199,1.0693021546921562,1.0
982,0.9424190932391275,1.1484629249207248,0.9115148343765053,1.0262453693057152,0.970217621847689,1.0
983,0.9251414098630769,1.07428487692449,0.833205999808077,1.043506377046331,1.1235475912119677,1.0
984,0.9206738542813545,1.090632561971355,0.9579374369050946,1.0097642546747732,1.020248610195977,1.0
985,1.0743577662926056,0.9589450922212162,0.9651034746811703,1.0926599592855792,0.9093721714090646,1.0
986,0.8027504658253736,1.1302083758263421,0.8566106627240342,1.1677891590316245,1.0416583216128454,1.0
987,0.8608004121365829,1.1045757138716918,1.0483325816720235,1.015333072502223,0.9698431427917221,1.0
988,0.9883578017267695,0.9436157190624109,0.9855124728912739,1.0412622773107474,1.0417592281634231,1.0
989,0.9027382893132696,1.0182349937679682,1.024774138268106,0.9573665154508169,1.096638415701118,1.0
990,0.9081363760360136,0.974722452983799,0.9621171167595153,1.1340748550541258,1.0211544913149078,1.0
991,1.0091411606710097,0.9045946579208827,0.942347999782937,1.024169837152182,1.1207203771087173,1.0
992,0.9877677373675298,1.082434319918002,0.7760008117615523,1.1213799872736694,1.0321619609559476,1.0
993,1.105249842639677,1.0950356385358053,0.7985999998160482,1.088180451974193,0.9125865927885269,1.0
994,1.1474947973313039,1.206852657963757,0.7217206899746019,1.0758403774618512,0.8469669489779361,1.0
995,0.8327790143239857,1.1450129467254277,0.8981678235219271,1.290410597784751,0.8323723207610847,1.0
996,1.1380722350502444,0.914233541909061,1.0887906623258918,1.1216093083344614,0.73784850769857,1.0
997,1.0377756918131082,0.9747728418616416,1.0079104836388029,1.0367740778395806,0.9429717151479262,1.0
998,1.0751661619030588,0.9531005058803643,0.8125169117767251,1.1758879986941952,0.9841450044839563,1.0
999,0.9418391430279035,1.1020647354586366,1.1010463090581228,0.8882055899199216,0.9657252026875278,1.0
