,elephant,dolphin,panda,lion,kangaroo,penguin,giraffe,chimpanzee,koala,orangutan
0,-39.0,-37.25,-41.5,-43.25,-41.75,-38.25,-39.0,-43.5,-39.75,-44.25
1,-37.5,-38.5,-42.75,-44.25,-44.25,-42.25,-39.75,-45.25,-43.25,-46.0
2,-38.5,-37.75,-40.0,-43.5,-39.5,-40.0,-39.25,-44.25,-39.0,-46.5
3,-31.375,-34.0,-36.0,-37.25,-35.25,-36.25,-35.0,-38.5,-37.25,-39.75
4,-33.0,-33.0,-34.25,-38.5,-36.25,-33.0,-31.875,-39.75,-34.5,-40.75
5,-33.5,-34.0,-37.5,-36.75,-38.75,-34.75,-33.5,-38.0,-37.75,-40.75
6,-33.75,-36.0,-37.0,-41.0,-37.25,-33.75,-34.25,-37.25,-35.75,-39.75
7,-35.25,-33.0,-36.75,-36.75,-38.0,-37.25,-31.875,-38.5,-38.25,-41.75
8,-34.5,-36.75,-41.5,-43.25,-42.5,-40.0,-38.75,-43.0,-42.25,-42.25
9,-34.0,-34.75,-36.25,-39.5,-37.75,-35.75,-31.375,-38.5,-38.25,-40.5
00,-37.25,-38.0,-41.75,-41.25,-42.5,-39.25,-40.0,-42.0,-41.25,-43.75
01,-39.25,-40.0,-44.25,-45.75,-44.25,-42.25,-41.5,-45.75,-44.5,-47.75
02,-35.5,-35.0,-39.25,-40.5,-38.0,-37.75,-37.25,-41.5,-38.25,-42.5
03,-36.25,-38.25,-40.25,-40.75,-39.75,-39.25,-39.5,-42.75,-41.25,-43.75
04,-37.75,-37.75,-41.0,-42.75,-42.5,-38.25,-38.75,-44.75,-40.75,-44.75
05,-38.5,-38.25,-42.5,-42.0,-43.75,-38.5,-39.25,-43.0,-43.0,-45.75
06,-37.5,-38.75,-42.25,-44.0,-42.25,-39.0,-39.75,-42.25,-41.0,-44.5
07,-40.5,-39.25,-44.25,-41.75,-45.5,-42.5,-41.0,-44.5,-45.75,-48.0
08,-36.5,-38.75,-44.0,-42.0,-44.25,-41.5,-41.5,-44.0,-44.0,-44.25
09,-38.5,-40.0,-42.25,-42.5,-43.25,-40.0,-39.0,-43.5,-44.25,-46.0
10,-28.125,-30.25,-33.5,-31.5,-34.25,-33.0,-28.625,-33.5,-34.25,-35.5
11,-28.5,-32.5,-36.5,-35.0,-36.75,-36.0,-31.5,-37.25,-39.5,-37.5
12,-34.0,-33.5,-40.5,-39.5,-39.0,-37.25,-37.0,-41.0,-40.75,-42.5
13,-32.25,-33.75,-37.75,-35.75,-35.0,-34.75,-35.75,-37.5,-39.25,-41.25
14,-35.75,-36.25,-41.25,-40.25,-41.0,-38.0,-35.25,-42.5,-42.75,-44.0
15,-34.75,-36.5,-42.0,-40.25,-39.75,-38.0,-35.75,-40.75,-41.75,-41.75
16,-37.25,-39.25,-43.75,-44.5,-40.5,-39.0,-37.75,-43.25,-42.0,-45.25
17,-37.0,-36.5,-41.0,-40.25,-39.0,-38.0,-33.75,-41.0,-41.75,-44.25
18,-34.75,-36.25,-43.0,-40.0,-40.0,-39.5,-36.0,-41.75,-41.75,-42.5
19,-35.75,-37.75,-40.25,-39.5,-38.5,-39.0,-34.25,-41.0,-39.25,-43.75
20,-30.125,-31.625,-36.5,-36.0,-33.25,-34.25,-30.75,-36.25,-36.0,-39.0
21,-33.25,-37.0,-41.5,-40.5,-38.75,-39.0,-37.75,-41.0,-43.0,-43.5
22,-34.5,-35.25,-39.0,-39.75,-36.0,-35.75,-34.75,-40.5,-38.5,-41.5
23,-34.5,-34.75,-39.25,-38.5,-36.0,-36.5,-35.5,-38.75,-38.25,-41.75
24,-40.5,-41.0,-46.0,-41.0,-43.75,-44.75,-43.75,-45.0,-42.25,-46.25
25,-36.5,-36.25,-39.75,-42.25,-38.75,-35.5,-35.75,-40.75,-38.0,-42.5
26,-35.5,-35.5,-37.0,-41.5,-35.0,-32.0,-33.75,-39.0,-35.25,-40.5
27,-35.5,-36.75,-40.0,-41.5,-40.25,-36.0,-35.0,-40.75,-40.5,-41.75
28,-35.0,-35.75,-41.0,-42.25,-41.0,-39.5,-35.5,-41.75,-40.75,-42.0
29,-34.5,-37.0,-37.0,-40.25,-37.25,-35.5,-33.0,-39.5,-37.5,-40.75
30,-33.5,-35.5,-39.25,-38.75,-39.25,-38.0,-34.25,-39.5,-40.0,-40.25
31,-33.0,-35.25,-37.5,-39.5,-38.5,-37.0,-35.25,-40.25,-39.5,-41.0
32,-36.25,-36.5,-41.5,-43.25,-40.5,-38.0,-39.5,-42.75,-39.75,-43.75
33,-34.5,-35.75,-38.75,-38.75,-38.0,-38.25,-35.0,-41.0,-40.75,-42.25
34,-38.75,-38.0,-40.75,-44.0,-42.5,-39.0,-37.75,-44.75,-41.0,-45.25
35,-38.0,-37.75,-41.25,-42.0,-42.5,-39.25,-36.5,-42.25,-42.25,-43.5
36,-36.0,-37.0,-39.75,-42.75,-38.75,-37.0,-35.75,-41.5,-38.0,-42.5
37,-40.0,-39.75,-41.75,-42.5,-43.0,-40.25,-35.0,-44.25,-43.0,-45.5
38,-35.75,-36.0,-40.75,-42.25,-41.25,-38.75,-36.0,-43.0,-40.25,-43.5
39,-35.75,-36.75,-38.75,-40.25,-39.5,-38.0,-35.0,-42.0,-39.5,-42.75
40,-33.5,-35.75,-40.0,-38.5,-41.0,-38.0,-32.75,-40.75,-40.75,-42.0
41,-35.25,-37.5,-40.5,-42.75,-41.75,-39.25,-37.0,-43.25,-42.25,-44.5
42,-39.0,-41.25,-46.5,-48.5,-46.25,-42.75,-42.25,-44.5,-44.75,-47.5
43,-35.25,-37.0,-40.25,-40.75,-40.75,-38.5,-35.0,-42.25,-41.5,-43.25
44,-38.25,-39.25,-41.5,-43.0,-43.0,-39.25,-36.25,-45.25,-42.0,-46.0
45,-38.0,-39.5,-42.5,-42.25,-44.25,-39.75,-37.25,-43.5,-44.25,-45.0
46,-40.25,-41.5,-43.75,-46.5,-43.25,-42.0,-38.0,-45.25,-42.25,-47.5
47,-38.25,-36.5,-41.0,-40.0,-41.0,-39.0,-35.0,-42.0,-41.5,-44.75
48,-38.75,-40.0,-45.75,-44.5,-45.75,-42.75,-40.0,-45.75,-44.75,-46.75
49,-38.75,-41.25,-41.0,-42.0,-42.75,-39.25,-36.0,-44.0,-42.25,-46.25
50,-37.75,-40.25,-42.25,-41.75,-45.5,-41.0,-36.75,-42.75,-43.75,-46.0
51,-37.0,-39.75,-41.25,-42.5,-43.0,-39.25,-38.25,-42.5,-44.25,-45.75
52,-39.25,-40.0,-42.5,-43.25,-42.25,-39.25,-39.5,-44.0,-43.25,-45.75
53,-40.0,-42.0,-43.5,-44.0,-44.0,-40.5,-39.25,-44.75,-45.0,-47.0
54,-39.75,-41.5,-44.25,-44.25,-44.75,-40.0,-38.5,-45.0,-43.75,-46.0
55,-39.75,-41.75,-43.75,-43.0,-45.5,-39.75,-37.0,-43.75,-44.5,-46.5
56,-40.25,-42.25,-44.5,-45.75,-44.5,-41.5,-39.25,-44.5,-43.75,-47.5
57,-40.0,-41.25,-43.25,-42.0,-44.5,-39.75,-37.25,-44.0,-44.25,-46.5
58,-38.0,-40.75,-43.25,-44.0,-44.75,-40.5,-38.25,-44.5,-43.0,-45.75
59,-38.5,-41.0,-42.0,-42.5,-43.5,-40.0,-37.0,-43.25,-43.0,-45.75
60,-35.0,-38.0,-43.0,-41.25,-42.5,-39.25,-36.25,-41.25,-42.25,-42.75
61,-35.75,-39.0,-41.0,-42.75,-41.25,-39.25,-37.0,-42.25,-40.75,-43.75
62,-37.75,-39.0,-42.0,-43.5,-41.0,-39.25,-38.0,-43.0,-40.5,-44.0
63,-35.5,-37.75,-40.0,-40.75,-39.5,-37.75,-37.0,-40.75,-40.25,-42.25
64,-36.25,-38.0,-41.75,-41.5,-42.75,-39.0,-38.5,-42.75,-40.5,-44.5
65,-36.75,-38.75,-42.0,-42.5,-43.25,-37.75,-37.25,-41.25,-41.25,-44.25
66,-36.25,-38.0,-41.0,-41.5,-40.0,-38.25,-35.75,-41.0,-39.25,-43.0
67,-38.25,-40.5,-42.5,-42.0,-43.5,-40.5,-37.5,-42.75,-42.25,-45.25
68,-36.25,-38.75,-41.75,-41.5,-42.75,-39.0,-38.0,-41.5,-40.75,-43.25
69,-43.25,-43.25,-45.5,-46.0,-44.75,-43.75,-40.25,-46.75,-44.0,-48.0
70,-35.75,-38.75,-42.25,-39.25,-44.5,-41.75,-35.25,-42.25,-43.25,-44.25
71,-37.25,-38.75,-42.5,-41.5,-43.5,-42.0,-37.5,-44.0,-43.5,-45.25
72,-36.0,-36.75,-43.0,-42.0,-42.0,-40.5,-36.75,-42.25,-41.0,-43.75
73,-37.0,-37.25,-41.0,-38.5,-41.0,-39.5,-35.25,-40.75,-41.0,-42.75
74,-38.0,-38.0,-41.25,-41.25,-43.25,-39.25,-35.75,-43.75,-41.25,-45.5
75,-37.25,-37.0,-42.0,-40.0,-43.25,-40.0,-36.5,-42.0,-42.25,-43.5
76,-38.5,-38.75,-43.25,-41.75,-43.0,-40.75,-37.5,-44.0,-42.5,-46.5
77,-39.25,-38.5,-41.5,-39.5,-43.0,-39.75,-36.0,-43.25,-42.75,-45.5
78,-36.75,-38.0,-42.0,-41.0,-43.5,-39.75,-37.25,-44.25,-42.25,-45.5
79,-38.0,-40.5,-42.75,-41.75,-43.5,-41.0,-37.0,-45.25,-42.5,-46.5
80,-35.0,-38.5,-42.25,-40.5,-43.5,-41.0,-37.75,-43.25,-42.5,-43.5
81,-37.25,-40.5,-42.5,-42.0,-43.5,-41.0,-40.5,-44.75,-43.25,-45.0
82,-36.5,-38.75,-42.0,-41.5,-41.5,-39.5,-38.0,-43.5,-41.5,-43.5
83,-35.75,-37.75,-41.5,-40.5,-40.5,-38.5,-37.5,-42.5,-41.25,-42.0
84,-35.75,-37.5,-42.5,-41.5,-42.75,-39.0,-37.75,-43.5,-42.25,-43.5
85,-35.5,-38.25,-41.75,-40.75,-42.0,-39.0,-36.5,-42.5,-41.75,-42.0
86,-38.5,-39.75,-42.25,-43.0,-43.0,-40.0,-39.0,-44.75,-42.75,-45.0
87,-36.75,-39.25,-42.5,-41.25,-42.5,-39.75,-37.0,-43.5,-42.5,-42.75
88,-36.75,-36.75,-40.5,-43.25,-42.0,-39.5,-38.5,-43.25,-41.75,-43.25
89,-37.75,-40.25,-41.75,-42.0,-42.5,-39.75,-35.0,-43.25,-41.25,-43.75
90,-36.25,-38.5,-41.75,-40.25,-42.75,-40.25,-34.75,-42.25,-42.25,-42.75
91,-35.5,-38.0,-39.0,-41.0,-39.25,-38.25,-32.75,-41.0,-41.25,-42.25
92,-38.5,-38.75,-42.0,-43.0,-40.75,-40.0,-36.5,-43.5,-40.25,-44.0
93,-37.25,-38.0,-40.0,-40.0,-40.0,-38.5,-35.25,-41.5,-41.0,-42.5
94,-38.75,-38.75,-40.25,-41.75,-41.75,-38.5,-35.5,-43.75,-39.75,-44.25
95,-39.0,-38.75,-41.0,-41.25,-41.75,-39.25,-35.25,-42.0,-40.75,-44.25
96,-38.25,-38.25,-42.25,-42.75,-40.75,-39.0,-37.0,-42.75,-40.25,-43.5
97,-40.5,-39.0,-42.0,-41.25,-42.0,-38.75,-35.25,-42.75,-41.0,-44.5
98,-37.75,-38.25,-40.5,-43.0,-41.25,-38.5,-37.0,-42.75,-39.25,-44.25
99,-39.75,-41.5,-41.75,-43.5,-42.0,-39.75,-37.25,-43.5,-41.0,-45.75
000,-38.25,-39.0,-42.5,-42.75,-43.5,-41.0,-41.5,-43.25,-42.25,-44.75
001,-37.75,-39.0,-43.5,-44.75,-43.0,-42.5,-41.0,-44.5,-43.75,-46.25
002,-39.5,-39.25,-44.0,-45.0,-43.0,-42.75,-42.5,-45.25,-44.0,-47.5
003,-38.25,-39.5,-43.75,-44.0,-43.75,-42.25,-42.0,-45.0,-45.25,-46.25
004,-39.0,-39.25,-43.25,-43.5,-44.25,-41.75,-41.5,-46.0,-44.25,-46.75
005,-40.25,-40.5,-44.25,-44.5,-45.25,-42.0,-42.25,-45.0,-46.0,-48.5
006,-40.5,-40.75,-44.0,-46.25,-43.75,-41.75,-43.25,-45.0,-44.75,-47.75
007,-39.25,-37.5,-43.75,-38.5,-44.75,-42.5,-42.0,-42.25,-43.75,-45.25
008,-40.0,-41.25,-45.5,-46.0,-46.5,-44.0,-44.25,-47.0,-47.25,-48.0
009,-38.75,-39.25,-42.0,-43.25,-42.5,-40.75,-41.0,-43.75,-44.5,-46.25
010,-35.75,-37.0,-41.0,-41.75,-41.25,-40.25,-39.25,-41.75,-40.75,-44.25
011,-36.75,-41.5,-44.5,-45.25,-44.5,-44.5,-41.5,-45.75,-46.0,-47.25
012,-39.25,-39.25,-44.0,-45.75,-42.75,-42.0,-42.75,-46.25,-44.0,-47.25
013,-37.75,-39.25,-43.75,-44.5,-43.25,-42.5,-42.25,-45.5,-46.25,-46.75
014,-39.5,-40.5,-44.0,-45.25,-44.5,-42.5,-41.25,-47.0,-45.25,-47.25
015,-38.5,-39.75,-44.0,-44.0,-43.25,-41.25,-40.75,-44.25,-45.0,-46.25
016,-38.25,-40.75,-44.0,-46.25,-42.0,-41.5,-40.25,-44.75,-43.0,-45.75
017,-38.75,-39.5,-43.0,-43.0,-42.5,-42.0,-39.0,-44.25,-44.5,-46.75
018,-36.75,-39.5,-43.0,-44.0,-42.0,-41.0,-40.25,-43.5,-43.0,-44.75
019,-38.25,-40.25,-41.5,-43.5,-40.75,-40.75,-38.5,-43.75,-42.25,-46.25
020,-34.5,-36.75,-39.75,-40.5,-39.0,-38.75,-37.0,-40.75,-40.25,-43.0
021,-36.5,-37.0,-40.0,-42.75,-38.75,-38.75,-38.75,-42.75,-40.75,-43.5
022,-38.0,-39.0,-42.5,-45.25,-39.75,-40.75,-40.5,-44.25,-42.0,-45.5
023,-37.75,-38.5,-42.0,-43.75,-40.25,-41.0,-40.25,-43.75,-42.25,-45.0
024,-38.0,-38.0,-41.5,-43.0,-40.75,-39.75,-39.25,-44.5,-41.0,-44.25
025,-38.0,-37.75,-41.5,-43.5,-40.75,-39.75,-39.5,-43.0,-41.5,-44.5
026,-37.0,-37.5,-41.25,-43.75,-39.5,-39.5,-38.5,-42.75,-40.25,-43.75
027,-37.25,-37.0,-41.75,-42.0,-40.75,-39.75,-38.25,-42.75,-41.75,-44.0
028,-36.5,-37.75,-41.5,-43.0,-41.0,-40.25,-39.75,-43.75,-41.75,-43.25
029,-36.25,-38.75,-39.25,-41.5,-38.75,-38.0,-37.0,-42.25,-39.75,-43.0
030,-34.5,-37.0,-39.75,-41.0,-40.25,-38.75,-37.25,-41.25,-40.5,-42.25
031,-36.5,-37.75,-41.25,-43.0,-41.5,-39.5,-39.25,-43.25,-42.0,-44.0
032,-37.25,-37.5,-40.75,-42.25,-39.75,-39.0,-39.0,-43.5,-40.5,-43.0
033,-37.25,-38.0,-41.25,-42.25,-40.5,-39.75,-39.0,-43.5,-42.5,-44.25
034,-38.5,-38.75,-42.25,-44.25,-42.5,-40.5,-40.25,-45.0,-43.0,-45.0
035,-37.0,-38.0,-42.0,-43.25,-42.5,-40.5,-39.25,-43.5,-43.0,-44.25
036,-37.0,-38.0,-41.75,-44.25,-41.25,-39.5,-39.5,-43.25,-41.75,-44.0
037,-36.25,-36.5,-40.0,-41.0,-40.25,-39.0,-37.0,-42.0,-41.25,-43.25
038,-37.0,-38.75,-42.5,-44.0,-42.5,-41.0,-40.5,-44.25,-42.75,-44.5
039,-37.75,-39.75,-42.25,-44.0,-43.0,-41.25,-39.75,-44.25,-43.5,-45.25
040,-35.0,-36.5,-40.25,-41.0,-41.5,-38.75,-37.0,-42.25,-40.0,-42.5
041,-35.5,-36.25,-39.75,-41.75,-40.75,-38.25,-37.25,-43.0,-40.25,-42.75
042,-35.0,-35.75,-40.75,-43.75,-40.75,-38.75,-38.0,-41.5,-40.5,-43.5
043,-37.0,-37.75,-41.75,-43.5,-42.0,-39.75,-38.75,-44.25,-42.5,-44.0
044,-37.75,-38.5,-41.0,-44.0,-42.0,-39.25,-38.0,-45.0,-41.75,-44.75
045,-37.25,-38.0,-41.75,-43.25,-42.75,-39.5,-38.25,-44.0,-42.75,-44.5
046,-37.75,-38.25,-41.5,-44.5,-41.25,-39.0,-38.25,-44.25,-41.0,-44.5
047,-37.5,-37.5,-41.5,-42.0,-42.5,-39.75,-37.5,-43.75,-42.75,-45.0
048,-37.0,-38.75,-42.75,-44.0,-43.75,-40.75,-40.0,-44.75,-43.25,-44.75
049,-37.5,-39.0,-40.75,-43.0,-41.75,-39.25,-37.5,-44.25,-41.5,-44.75
050,-37.25,-38.25,-41.25,-42.25,-42.75,-39.25,-38.0,-42.0,-42.0,-44.5
051,-37.5,-38.25,-40.75,-43.0,-41.5,-38.75,-39.0,-42.75,-41.75,-44.75
052,-37.5,-37.75,-41.0,-42.75,-41.25,-38.5,-38.25,-42.75,-41.75,-44.5
053,-37.25,-37.75,-40.5,-42.25,-41.0,-38.0,-38.0,-42.0,-42.25,-43.5
054,-39.25,-39.25,-41.75,-44.0,-43.75,-39.25,-39.75,-44.75,-43.5,-45.25
055,-38.75,-38.5,-40.75,-42.25,-43.25,-39.5,-38.5,-44.0,-44.0,-45.0
056,-37.25,-37.75,-41.25,-43.25,-41.5,-38.5,-38.0,-42.5,-41.5,-44.25
057,-36.75,-36.5,-40.5,-40.5,-41.5,-38.5,-37.0,-41.75,-42.25,-43.75
058,-36.5,-38.0,-41.5,-42.25,-42.0,-39.0,-38.25,-42.75,-42.25,-43.75
059,-37.0,-37.75,-40.5,-41.75,-41.5,-38.75,-37.25,-42.0,-42.0,-43.75
060,-36.5,-38.0,-41.0,-43.25,-41.5,-38.75,-38.75,-42.0,-40.75,-43.5
061,-35.0,-36.0,-39.25,-42.0,-39.25,-37.0,-37.25,-40.75,-39.25,-42.25
062,-36.75,-37.0,-40.5,-43.5,-40.0,-38.5,-38.75,-42.5,-40.25,-43.5
063,-36.5,-37.0,-40.75,-43.5,-40.5,-38.75,-39.25,-42.5,-41.5,-43.75
064,-38.0,-38.5,-42.5,-45.0,-42.5,-40.25,-40.25,-44.5,-42.25,-45.5
065,-37.5,-38.25,-41.75,-44.25,-41.75,-39.5,-38.75,-43.0,-41.75,-44.5
066,-38.0,-38.5,-41.5,-45.25,-41.0,-39.75,-39.25,-43.0,-41.25,-44.5
067,-37.25,-37.5,-41.5,-42.75,-41.5,-39.5,-38.5,-42.5,-41.75,-45.0
068,-36.5,-37.5,-41.5,-43.5,-41.25,-39.5,-39.25,-43.0,-41.25,-43.5
069,-36.75,-37.75,-41.25,-43.0,-41.25,-40.0,-37.75,-42.5,-41.0,-43.75
070,-37.25,-37.5,-42.25,-40.5,-43.5,-40.75,-37.75,-42.75,-43.5,-45.25
071,-37.0,-36.75,-42.0,-41.25,-42.5,-40.5,-38.25,-43.25,-43.25,-45.25
072,-38.75,-38.25,-43.5,-43.5,-43.25,-42.0,-40.25,-45.25,-44.0,-46.5
073,-37.25,-37.5,-41.75,-41.5,-42.0,-40.5,-38.5,-43.5,-43.25,-45.25
074,-38.75,-38.5,-42.5,-42.25,-43.75,-41.25,-39.5,-45.5,-44.0,-46.25
075,-37.75,-37.5,-42.25,-41.5,-43.25,-40.25,-38.5,-43.25,-43.25,-45.0
076,-38.5,-38.0,-42.75,-42.75,-42.75,-40.5,-39.0,-44.0,-42.75,-46.0
077,-36.25,-36.0,-40.25,-39.5,-41.0,-39.0,-36.25,-41.5,-41.5,-43.75
078,-37.75,-38.0,-42.75,-42.5,-43.75,-41.0,-40.0,-44.5,-43.75,-45.5
079,-36.25,-37.25,-40.5,-40.0,-41.25,-38.75,-36.75,-42.5,-41.25,-44.0
080,-36.25,-38.5,-42.75,-41.75,-44.0,-40.5,-39.5,-43.75,-43.0,-43.75
081,-35.0,-37.75,-42.0,-41.0,-42.25,-39.75,-38.75,-43.25,-43.0,-43.25
082,-36.0,-38.5,-42.5,-42.25,-42.5,-39.75,-39.5,-44.0,-42.75,-44.0
083,-36.5,-38.0,-42.0,-42.75,-42.25,-40.0,-40.0,-43.75,-42.75,-43.25
084,-36.5,-38.0,-41.75,-42.5,-43.25,-39.25,-39.25,-44.5,-42.5,-43.25
085,-37.5,-39.0,-43.0,-43.25,-43.75,-40.75,-39.75,-44.5,-44.0,-44.25
086,-39.75,-42.25,-44.0,-46.75,-44.5,-43.5,-42.25,-46.75,-45.0,-46.75
087,-36.0,-37.5,-41.5,-42.25,-42.25,-39.25,-38.5,-43.25,-42.75,-43.5
088,-36.0,-37.75,-42.0,-43.25,-42.75,-40.25,-39.75,-44.0,-43.25,-43.75
089,-36.75,-39.0,-41.75,-43.0,-42.25,-40.0,-39.25,-44.25,-42.5,-43.5
090,-36.25,-37.5,-40.25,-41.5,-41.5,-38.75,-37.0,-42.0,-41.5,-43.25
091,-35.75,-37.5,-39.5,-41.75,-40.75,-38.75,-37.0,-42.25,-41.25,-43.25
092,-35.75,-37.25,-39.5,-41.75,-39.5,-38.25,-36.75,-42.25,-40.25,-43.0
093,-35.75,-37.25,-39.25,-41.5,-39.75,-38.0,-36.75,-41.25,-41.0,-42.5
094,-36.25,-37.25,-39.5,-41.75,-40.5,-38.25,-36.25,-42.25,-40.25,-42.25
095,-36.5,-37.5,-39.75,-41.75,-41.0,-38.25,-36.25,-41.5,-41.0,-43.25
096,-36.5,-37.75,-40.5,-43.5,-39.5,-38.25,-37.25,-41.5,-39.5,-43.0
097,-38.0,-38.25,-40.5,-41.5,-41.0,-39.75,-36.5,-42.5,-41.5,-44.0
098,-36.75,-38.0,-40.0,-42.75,-40.5,-38.25,-38.0,-42.25,-40.25,-43.25
099,-37.75,-38.0,-40.5,-42.75,-41.25,-39.75,-37.5,-42.0,-41.25,-44.5
100,-28.625,-31.125,-33.5,-32.5,-34.5,-33.75,-29.5,-34.25,-31.5,-36.5
101,-33.75,-35.5,-40.0,-39.0,-39.75,-38.5,-36.25,-40.25,-39.5,-42.5
102,-35.75,-36.25,-40.75,-40.75,-39.0,-38.25,-38.25,-41.75,-39.0,-43.25
103,-33.75,-35.75,-38.5,-38.0,-37.75,-36.75,-35.5,-39.75,-37.75,-41.5
104,-34.25,-35.5,-38.25,-38.5,-39.25,-36.25,-35.0,-41.0,-37.5,-41.75
105,-36.0,-37.25,-41.0,-40.0,-41.5,-38.25,-36.5,-39.75,-42.0,-41.25
106,-34.25,-36.5,-39.5,-39.25,-38.0,-37.0,-35.5,-40.25,-37.75,-41.5
107,-37.0,-37.0,-41.0,-39.25,-41.0,-38.5,-35.75,-41.75,-41.0,-43.5
108,-31.5,-31.625,-41.25,-37.0,-41.75,-42.75,-37.75,-41.25,-41.5,-41.0
109,-36.0,-38.75,-38.5,-39.25,-39.75,-37.0,-33.5,-40.25,-37.5,-41.5
110,-33.75,-36.75,-40.25,-40.25,-41.25,-39.75,-36.25,-41.5,-41.25,-42.5
111,-33.75,-36.0,-38.25,-39.5,-40.25,-39.0,-36.25,-41.0,-41.5,-40.75
112,-36.0,-38.0,-40.75,-42.0,-41.25,-39.75,-38.25,-43.5,-41.25,-44.0
113,-34.75,-37.5,-39.75,-39.5,-39.0,-38.5,-36.0,-41.25,-40.75,-42.25
114,-38.25,-38.25,-38.0,-42.75,-40.75,-38.0,-38.5,-44.0,-41.5,-44.25
115,-34.5,-37.5,-40.25,-41.25,-40.5,-38.5,-35.0,-41.5,-40.25,-42.0
116,-36.25,-38.75,-41.25,-44.25,-40.75,-39.5,-36.75,-42.25,-40.25,-43.0
117,-37.0,-39.5,-42.0,-41.25,-41.25,-40.5,-36.75,-43.5,-42.25,-43.75
118,-34.5,-36.25,-38.5,-39.5,-39.0,-37.0,-36.0,-41.25,-39.75,-41.75
119,-34.25,-36.75,-36.25,-38.5,-37.25,-36.0,-34.25,-40.5,-37.5,-41.75
120,-34.5,-35.0,-40.75,-40.0,-39.75,-37.75,-36.5,-41.75,-39.75,-42.0
121,-34.5,-35.0,-38.75,-40.75,-37.5,-35.5,-36.25,-41.25,-37.5,-42.5
122,-37.25,-37.25,-41.25,-42.75,-39.25,-38.75,-38.25,-43.5,-40.0,-44.5
123,-36.0,-36.5,-40.75,-41.75,-39.25,-38.75,-38.25,-42.5,-39.75,-44.75
124,-39.25,-39.5,-43.25,-44.0,-44.5,-41.75,-40.0,-45.25,-42.5,-46.25
125,-35.5,-37.75,-42.0,-41.5,-42.5,-38.25,-38.5,-42.25,-41.75,-42.75
126,-37.25,-39.25,-43.25,-43.0,-41.25,-39.25,-37.5,-42.0,-41.0,-43.25
127,-38.5,-39.75,-43.75,-43.5,-42.75,-40.0,-39.0,-44.25,-42.5,-46.75
128,-37.0,-36.0,-42.75,-42.25,-43.0,-38.75,-40.25,-43.5,-42.5,-44.0
129,-37.0,-39.25,-40.75,-42.75,-37.75,-38.0,-36.5,-42.75,-38.5,-43.5
130,-34.0,-36.75,-40.5,-39.5,-39.5,-38.0,-36.5,-41.5,-40.25,-43.25
131,-34.75,-38.0,-42.0,-41.0,-41.0,-39.5,-37.25,-42.75,-43.0,-43.5
132,-36.75,-38.0,-41.5,-42.75,-39.75,-39.25,-39.0,-43.75,-42.0,-44.0
133,-36.75,-40.5,-41.75,-41.0,-39.5,-40.25,-37.75,-43.25,-42.25,-44.5
134,-36.75,-38.5,-41.5,-42.75,-41.25,-39.25,-38.0,-44.25,-41.75,-45.0
135,-35.75,-39.25,-41.75,-41.0,-42.0,-40.25,-38.0,-43.0,-43.25,-43.25
136,-36.25,-38.0,-41.75,-42.5,-39.75,-38.5,-36.75,-43.0,-40.75,-43.5
137,-36.25,-36.5,-42.25,-39.25,-40.5,-40.0,-36.0,-42.0,-43.25,-43.5
138,-35.5,-38.0,-41.0,-42.0,-40.0,-39.5,-37.5,-42.75,-41.5,-42.75
139,-35.0,-37.75,-39.0,-40.0,-38.25,-37.5,-35.5,-41.5,-39.5,-42.25
140,-36.5,-37.75,-38.25,-40.75,-38.5,-35.0,-35.0,-41.75,-39.75,-43.0
141,-36.5,-38.75,-41.0,-42.0,-40.0,-39.0,-37.25,-43.5,-41.5,-44.0
142,-35.75,-37.5,-41.0,-42.0,-39.25,-38.0,-36.0,-42.75,-39.75,-43.0
143,-34.75,-35.0,-36.75,-40.75,-36.5,-34.75,-34.25,-41.0,-36.25,-42.0
144,-35.25,-36.25,-40.0,-40.5,-38.0,-35.25,-35.25,-42.0,-38.25,-41.75
145,-38.75,-41.5,-43.75,-44.75,-43.25,-40.5,-37.5,-44.75,-43.0,-46.25
146,-37.0,-39.25,-42.25,-44.25,-40.5,-38.75,-36.5,-43.0,-41.0,-44.25
147,-40.0,-41.5,-44.25,-44.25,-43.25,-41.75,-38.5,-45.25,-44.5,-47.25
148,-36.25,-38.0,-42.0,-42.5,-41.25,-39.0,-36.75,-43.0,-41.5,-43.5
149,-38.75,-41.0,-42.75,-43.75,-42.25,-40.5,-37.25,-44.75,-42.75,-45.0
150,-35.75,-38.5,-42.25,-41.75,-41.75,-40.0,-37.0,-42.25,-41.25,-42.75
151,-37.5,-40.0,-42.75,-43.25,-40.75,-40.25,-38.5,-43.25,-41.5,-44.0
152,-38.5,-39.75,-43.0,-44.25,-41.0,-40.5,-39.25,-44.5,-41.75,-45.25
153,-41.75,-36.75,-48.5,-43.5,-44.25,-41.5,-42.0,-45.25,-47.25,-46.0
154,-38.75,-41.25,-43.75,-44.25,-43.25,-41.0,-38.0,-45.0,-43.0,-45.75
155,-37.5,-39.5,-42.25,-41.75,-41.25,-39.5,-37.0,-42.5,-42.25,-43.75
156,-39.25,-41.25,-44.25,-45.5,-41.75,-41.0,-39.25,-45.0,-42.0,-45.75
157,-38.0,-39.5,-42.25,-42.25,-41.5,-39.5,-36.25,-43.0,-42.0,-43.75
158,-36.75,-39.25,-43.0,-43.25,-41.75,-40.5,-38.25,-43.75,-42.25,-44.0
159,-37.5,-39.25,-42.0,-42.75,-40.5,-39.5,-37.25,-43.0,-41.5,-43.75
160,-35.5,-39.0,-42.0,-42.25,-40.0,-39.75,-37.0,-42.5,-41.0,-43.5
161,-35.75,-39.75,-41.75,-43.25,-40.0,-40.0,-37.5,-42.5,-41.5,-44.0
162,-37.75,-39.75,-43.75,-43.5,-40.0,-40.0,-38.5,-43.5,-41.25,-43.25
163,-37.25,-37.0,-41.5,-45.25,-38.5,-36.75,-36.75,-42.5,-39.25,-43.75
164,-38.0,-40.5,-42.5,-43.75,-41.5,-40.25,-38.0,-44.25,-41.5,-44.75
165,-37.75,-40.0,-43.25,-44.25,-41.0,-40.5,-38.0,-43.25,-42.75,-44.0
166,-36.0,-39.5,-41.5,-43.25,-38.75,-38.25,-35.75,-41.25,-39.5,-42.75
167,-37.5,-40.25,-42.75,-43.0,-41.0,-40.5,-37.5,-43.25,-42.25,-45.0
168,-36.0,-37.25,-42.25,-41.25,-41.0,-42.0,-38.25,-42.0,-43.25,-42.5
169,-39.0,-38.25,-38.0,-42.5,-38.0,-36.75,-38.5,-43.5,-38.0,-45.75
170,-37.0,-39.25,-42.5,-41.5,-41.5,-40.75,-36.75,-43.5,-43.0,-45.25
171,-37.0,-39.25,-43.0,-42.0,-41.75,-41.0,-37.5,-43.75,-43.75,-45.25
172,-40.5,-40.75,-44.25,-44.75,-42.0,-42.0,-39.25,-45.75,-43.0,-47.0
173,-37.5,-39.0,-41.75,-42.0,-40.0,-39.25,-36.5,-42.5,-41.75,-43.5
174,-39.75,-41.0,-44.0,-44.0,-43.0,-41.25,-38.5,-45.75,-43.5,-46.5
175,-37.0,-38.5,-42.5,-40.5,-42.25,-40.25,-36.5,-42.5,-42.75,-44.0
176,-37.75,-39.25,-43.25,-43.0,-41.5,-39.25,-36.5,-43.5,-42.25,-44.25
177,-38.5,-40.25,-43.5,-40.5,-41.5,-40.25,-36.25,-43.25,-42.25,-44.25
178,-35.75,-37.25,-41.5,-40.75,-40.25,-38.75,-36.0,-42.25,-41.0,-43.25
179,-37.5,-40.5,-41.25,-41.25,-39.75,-39.25,-35.5,-42.5,-40.0,-43.25
180,-40.5,-41.5,-45.5,-43.75,-44.0,-40.25,-38.25,-45.75,-44.75,-43.75
181,-35.75,-38.0,-41.5,-41.25,-40.0,-38.75,-37.0,-42.5,-40.5,-42.25
182,-37.0,-38.5,-42.25,-42.25,-39.75,-39.25,-38.0,-43.5,-40.5,-43.75
183,-36.5,-39.0,-42.0,-42.25,-39.5,-39.25,-37.5,-42.75,-40.75,-42.75
184,-39.25,-41.25,-45.25,-45.5,-44.5,-42.5,-40.25,-46.25,-43.25,-46.75
185,-36.0,-38.25,-42.25,-41.25,-41.0,-39.5,-36.75,-42.5,-41.75,-43.0
186,-37.0,-39.25,-42.75,-41.25,-39.0,-39.5,-36.5,-42.75,-41.0,-43.0
187,-40.5,-42.25,-46.0,-41.25,-43.75,-43.5,-40.5,-46.0,-43.5,-46.25
188,-36.75,-39.75,-43.25,-41.25,-41.25,-41.5,-37.25,-43.0,-41.5,-42.25
189,-39.25,-42.25,-44.0,-43.25,-42.25,-41.5,-38.5,-44.0,-43.25,-43.75
190,-37.25,-39.75,-42.0,-42.0,-40.75,-40.25,-36.5,-43.5,-40.75,-44.0
191,-38.0,-41.0,-42.75,-42.5,-41.75,-42.0,-37.75,-44.5,-42.5,-44.75
192,-41.25,-40.25,-44.5,-45.25,-42.0,-42.0,-41.0,-45.75,-43.0,-45.5
193,-38.75,-39.75,-41.25,-40.75,-39.25,-39.5,-37.0,-43.25,-41.0,-43.25
194,-39.5,-40.75,-43.0,-43.25,-42.5,-41.5,-38.25,-45.25,-41.75,-46.0
195,-40.5,-40.25,-44.5,-43.0,-42.5,-41.75,-38.25,-43.5,-43.75,-45.75
196,-39.0,-39.5,-41.5,-43.25,-39.25,-37.0,-36.25,-41.25,-38.75,-45.25
197,-40.25,-39.0,-42.25,-41.0,-40.5,-39.5,-35.25,-42.5,-41.25,-44.0
198,-37.25,-38.0,-42.75,-43.0,-41.75,-40.25,-37.75,-41.75,-41.0,-42.75
199,-40.0,-40.5,-41.0,-43.25,-39.75,-39.5,-37.0,-43.25,-40.0,-45.0
200,-33.0,-34.5,-38.0,-38.5,-36.5,-36.5,-34.75,-38.75,-35.75,-40.5
201,-36.5,-38.0,-41.5,-42.5,-38.5,-39.25,-38.5,-42.75,-40.25,-44.5
202,-36.25,-36.75,-39.75,-41.5,-37.0,-37.25,-37.25,-41.5,-38.5,-43.75
203,-35.5,-37.25,-39.5,-40.5,-37.5,-37.0,-37.25,-41.25,-39.5,-42.25
204,-37.0,-38.5,-41.25,-42.75,-39.75,-38.0,-38.0,-43.75,-39.25,-44.25
205,-37.0,-37.5,-41.5,-41.5,-39.5,-38.5,-37.25,-41.75,-41.25,-43.75
206,-37.75,-39.0,-42.25,-43.25,-39.25,-37.75,-38.25,-42.75,-39.0,-42.5
207,-37.0,-38.5,-43.0,-42.0,-40.5,-38.75,-38.0,-43.25,-42.0,-44.0
208,-36.75,-38.75,-42.75,-43.5,-41.25,-39.25,-40.0,-43.75,-41.0,-44.5
209,-37.5,-39.25,-40.0,-43.0,-37.75,-36.75,-36.5,-42.25,-38.25,-41.25
210,-35.0,-39.0,-41.75,-40.75,-40.25,-40.0,-37.75,-41.75,-41.75,-43.25
211,-32.0,-35.75,-37.0,-38.75,-36.5,-35.75,-34.25,-38.75,-37.25,-39.75
212,-35.5,-36.5,-40.5,-40.0,-41.25,-37.25,-36.5,-43.0,-41.5,-42.75
213,-36.0,-38.25,-40.0,-40.0,-37.25,-37.0,-37.0,-42.0,-39.25,-43.5
214,-37.5,-41.0,-40.5,-41.75,-40.0,-39.75,-37.5,-44.75,-39.5,-45.0
215,-37.25,-40.25,-42.0,-41.5,-41.0,-40.25,-38.5,-42.75,-42.0,-44.25
216,-36.75,-39.25,-45.5,-44.75,-44.0,-41.5,-40.25,-43.0,-42.75,-42.5
217,-39.25,-41.0,-44.25,-42.5,-42.5,-41.5,-37.5,-43.75,-43.5,-45.25
218,-36.0,-38.75,-41.0,-40.75,-39.5,-36.75,-36.25,-42.5,-38.75,-42.25
219,-38.0,-41.25,-39.25,-43.0,-37.25,-36.75,-36.75,-42.5,-38.75,-43.25
220,-39.75,-40.0,-45.25,-44.0,-41.5,-40.5,-40.25,-45.75,-42.5,-45.75
221,-37.5,-39.5,-42.0,-42.5,-40.75,-39.5,-39.0,-43.5,-41.25,-44.25
222,-36.75,-33.75,-38.5,-40.0,-36.0,-37.0,-37.0,-41.5,-37.5,-41.75
223,-39.75,-39.25,-40.25,-42.25,-38.0,-37.5,-37.25,-42.5,-38.5,-42.5
224,-38.5,-40.5,-42.75,-42.0,-41.5,-40.0,-38.75,-44.5,-41.25,-45.0
225,-38.75,-40.75,-43.0,-42.25,-42.5,-40.25,-38.25,-43.5,-41.25,-44.75
226,-37.5,-39.5,-41.5,-43.5,-39.0,-38.75,-37.0,-43.0,-39.5,-43.25
227,-38.75,-41.0,-40.5,-40.75,-39.5,-39.5,-36.5,-42.5,-39.0,-42.75
228,-37.25,-40.25,-41.25,-42.5,-40.0,-40.5,-39.5,-43.75,-42.0,-42.0
229,-36.5,-39.5,-39.25,-40.5,-37.75,-36.75,-34.75,-41.5,-38.0,-40.75
230,-37.25,-39.0,-43.25,-42.5,-40.5,-40.25,-38.25,-43.75,-42.0,-44.25
231,-38.25,-40.25,-44.0,-43.25,-41.75,-41.75,-40.5,-45.0,-43.25,-44.75
232,-38.5,-39.25,-42.25,-43.25,-39.5,-39.75,-39.25,-44.5,-40.0,-45.0
233,-48.5,-48.5,-46.0,-51.5,-44.5,-47.25,-46.5,-51.0,-46.25,-53.25
234,-37.75,-38.75,-41.0,-42.5,-40.5,-39.5,-38.5,-44.25,-40.25,-45.0
235,-38.25,-39.75,-43.25,-43.25,-41.0,-40.75,-38.25,-43.5,-42.0,-44.75
236,-39.5,-42.0,-44.0,-45.25,-41.5,-41.0,-38.5,-45.0,-41.5,-45.25
237,-40.5,-42.5,-44.0,-42.75,-41.25,-41.5,-37.25,-44.5,-42.5,-46.0
238,-36.0,-39.0,-41.0,-40.75,-40.25,-39.0,-37.0,-42.5,-39.5,-42.0
239,-37.0,-39.75,-40.0,-41.0,-38.5,-38.0,-36.25,-42.5,-39.0,-41.25
240,-37.25,-38.25,-42.25,-40.5,-41.0,-40.25,-38.5,-43.25,-41.0,-42.25
241,-36.5,-38.5,-42.0,-41.0,-41.0,-40.5,-38.0,-43.5,-41.25,-42.0
242,-36.0,-37.5,-41.5,-40.75,-38.75,-38.0,-36.75,-42.75,-39.5,-42.75
243,-36.0,-37.75,-41.75,-42.0,-39.25,-39.5,-38.5,-42.25,-40.5,-41.0
244,-39.75,-41.25,-43.0,-44.25,-42.25,-40.25,-38.5,-46.0,-41.25,-45.5
245,-38.5,-39.75,-42.0,-41.75,-41.25,-40.0,-38.0,-43.25,-42.25,-45.25
246,-39.0,-39.25,-40.75,-45.5,-37.0,-39.0,-38.0,-42.75,-38.25,-44.25
247,-36.5,-37.0,-40.75,-38.5,-38.75,-39.25,-37.25,-42.5,-39.25,-42.75
248,-38.5,-39.75,-43.5,-43.5,-42.5,-42.0,-39.0,-44.75,-42.75,-45.0
249,-39.25,-41.75,-42.0,-43.75,-41.25,-40.5,-37.5,-44.0,-42.0,-44.5
250,-34.25,-35.75,-39.5,-40.25,-38.5,-37.0,-34.75,-40.0,-37.25,-40.75
251,-38.25,-39.75,-42.5,-44.25,-41.25,-40.25,-39.25,-44.5,-41.5,-45.25
252,-39.0,-40.75,-44.25,-44.25,-41.0,-41.75,-39.5,-44.75,-42.75,-45.0
253,-39.0,-40.75,-42.25,-43.5,-39.5,-40.0,-38.0,-43.25,-41.0,-44.25
254,-36.5,-39.0,-40.25,-41.5,-39.5,-38.5,-35.75,-42.5,-38.75,-43.5
255,-40.5,-39.75,-42.25,-42.25,-41.5,-38.25,-38.75,-43.25,-40.5,-44.75
256,-39.75,-40.25,-43.5,-44.75,-42.0,-40.25,-40.75,-45.25,-41.0,-45.25
257,-38.0,-36.5,-38.75,-38.75,-37.5,-37.0,-35.75,-42.25,-38.5,-41.25
258,-38.25,-40.25,-43.5,-44.0,-40.75,-40.0,-39.0,-44.25,-41.5,-43.75
259,-38.25,-40.25,-40.75,-43.0,-38.5,-38.25,-35.75,-42.5,-39.25,-42.5
260,-36.25,-37.75,-40.0,-41.5,-37.75,-37.5,-35.75,-41.25,-38.25,-41.5
261,-36.75,-38.5,-40.75,-42.0,-38.75,-38.25,-37.0,-42.25,-39.25,-42.25
262,-35.75,-37.5,-40.0,-43.0,-37.75,-37.75,-35.5,-41.0,-37.25,-42.0
263,-34.5,-37.0,-38.5,-39.25,-36.0,-36.0,-34.5,-39.75,-37.0,-40.0
264,-36.25,-38.0,-42.25,-41.5,-40.5,-38.5,-36.5,-42.25,-40.5,-42.5
265,-36.25,-37.25,-40.0,-41.0,-37.75,-37.5,-36.25,-41.0,-39.0,-42.5
266,-37.5,-38.75,-40.5,-42.0,-37.0,-38.0,-36.75,-41.25,-37.25,-42.5
267,-36.75,-38.75,-40.75,-40.25,-38.25,-38.0,-36.25,-41.25,-39.5,-42.75
268,-36.75,-39.0,-41.0,-43.25,-39.75,-38.75,-37.25,-43.0,-39.25,-43.5
269,-36.75,-37.5,-37.0,-39.0,-35.25,-36.5,-33.75,-39.5,-36.0,-40.0
270,-34.25,-38.0,-40.5,-39.0,-40.25,-38.75,-34.5,-40.25,-40.0,-39.75
271,-36.75,-38.75,-41.5,-42.0,-40.75,-40.0,-37.0,-43.25,-41.5,-43.0
272,-37.75,-39.25,-42.25,-42.75,-40.5,-39.75,-38.0,-44.0,-40.75,-43.75
273,-35.75,-40.0,-40.75,-40.75,-38.25,-34.5,-37.0,-41.75,-38.25,-42.75
274,-37.25,-38.5,-41.5,-41.5,-40.75,-39.25,-36.75,-43.25,-40.25,-43.25
275,-37.75,-39.0,-42.5,-40.75,-41.25,-40.25,-37.75,-43.25,-41.75,-43.75
276,-39.0,-39.75,-42.75,-44.25,-40.75,-40.5,-38.0,-43.75,-40.25,-44.75
277,-39.25,-39.75,-42.75,-43.0,-42.0,-40.75,-37.75,-44.5,-42.25,-44.75
278,-37.75,-39.25,-42.5,-43.0,-41.75,-40.25,-38.5,-44.0,-41.5,-44.0
279,-38.5,-40.25,-41.75,-43.0,-40.0,-40.25,-36.5,-43.0,-41.0,-43.0
280,-36.75,-37.75,-41.0,-41.5,-40.0,-38.25,-36.0,-42.75,-40.5,-42.75
281,-36.75,-39.0,-41.0,-41.5,-39.75,-39.5,-38.0,-43.75,-40.5,-42.75
282,-37.75,-37.75,-42.25,-42.5,-39.25,-39.25,-37.75,-43.75,-40.5,-42.5
283,-36.75,-37.5,-39.75,-40.75,-37.25,-36.25,-35.0,-41.5,-38.25,-40.25
284,-36.5,-37.5,-40.75,-43.0,-39.75,-38.25,-35.5,-43.25,-38.75,-43.0
285,-38.0,-40.0,-42.75,-42.75,-40.5,-40.0,-37.25,-43.75,-42.0,-43.25
286,-39.0,-40.0,-43.0,-44.0,-40.0,-39.75,-39.75,-43.75,-39.75,-44.75
287,-38.5,-39.5,-41.25,-41.25,-40.5,-39.0,-35.75,-43.0,-40.0,-43.75
288,-38.0,-39.75,-45.5,-44.25,-42.5,-41.75,-39.25,-44.75,-43.25,-44.0
289,-40.25,-41.0,-39.5,-44.5,-38.75,-36.25,-37.25,-45.25,-36.25,-45.75
290,-35.75,-39.5,-40.5,-41.25,-39.0,-38.75,-35.5,-42.25,-39.0,-42.0
291,-35.75,-37.25,-41.25,-41.0,-39.0,-38.75,-35.5,-41.75,-41.75,-41.0
292,-37.75,-38.5,-41.5,-44.0,-39.25,-39.25,-36.5,-43.75,-39.0,-43.75
293,-36.75,-38.5,-40.25,-40.5,-37.5,-36.0,-34.5,-41.75,-38.75,-41.5
294,-38.5,-40.75,-43.0,-42.5,-41.75,-41.0,-37.25,-44.5,-42.25,-44.5
295,-38.25,-38.5,-40.0,-40.75,-38.75,-38.0,-35.25,-41.75,-39.25,-42.25
296,-38.75,-39.25,-44.0,-45.75,-41.5,-39.75,-36.75,-44.0,-41.25,-45.0
297,-35.0,-37.75,-41.5,-40.5,-40.0,-39.0,-35.75,-41.25,-41.75,-40.75
298,-35.5,-37.75,-38.75,-40.25,-37.75,-36.5,-34.5,-40.5,-36.75,-40.75
299,-36.5,-36.25,-37.75,-38.75,-36.25,-35.5,-33.75,-39.75,-37.0,-40.25
300,-43.75,-43.75,-48.25,-38.25,-45.75,-50.75,-46.0,-47.25,-46.75,-47.75
301,-33.75,-35.75,-39.0,-38.25,-38.5,-36.5,-34.5,-39.25,-39.0,-41.0
302,-37.0,-37.25,-40.75,-40.25,-39.25,-38.25,-37.25,-41.75,-39.75,-42.75
303,-37.25,-38.5,-40.25,-40.5,-40.25,-38.5,-37.25,-42.25,-41.0,-43.25
304,-36.25,-38.5,-42.25,-39.75,-42.75,-39.25,-36.75,-42.75,-41.25,-44.25
305,-47.0,-39.5,-52.75,-41.5,-45.25,-45.75,-44.0,-48.5,-48.0,-45.75
306,-37.0,-37.75,-41.5,-41.5,-38.25,-37.75,-36.5,-42.0,-38.5,-42.75
307,-37.75,-37.75,-41.0,-40.25,-40.75,-37.75,-36.25,-42.0,-40.75,-43.75
308,-38.25,-41.25,-43.25,-41.25,-44.25,-42.25,-40.25,-44.25,-42.25,-44.75
309,-37.75,-39.5,-40.75,-42.0,-38.5,-38.75,-36.0,-42.25,-40.25,-43.0
310,-38.5,-38.75,-39.5,-39.25,-39.5,-38.5,-38.0,-43.25,-39.0,-42.75
311,-34.0,-35.5,-37.5,-40.0,-39.25,-35.0,-34.75,-40.5,-38.0,-41.0
312,-36.75,-38.0,-40.25,-40.5,-38.5,-38.5,-37.0,-42.25,-39.25,-43.5
313,-42.25,-41.0,-43.5,-40.75,-40.75,-46.25,-41.5,-46.25,-41.25,-46.0
314,-36.5,-37.5,-40.0,-43.25,-42.75,-37.0,-35.0,-42.5,-39.25,-43.25
315,-37.75,-40.75,-41.5,-41.25,-41.0,-38.75,-37.75,-42.5,-41.25,-42.75
316,-37.0,-37.75,-43.5,-41.25,-42.25,-38.0,-37.5,-42.25,-41.25,-43.25
317,-38.75,-39.75,-41.0,-40.0,-39.75,-40.0,-36.5,-43.75,-41.5,-44.5
318,-35.75,-39.0,-41.25,-41.5,-41.0,-39.25,-38.0,-41.75,-40.5,-42.25
319,-39.0,-40.5,-39.75,-41.0,-39.0,-38.0,-35.5,-42.5,-39.5,-42.75
320,-37.75,-38.0,-41.5,-42.25,-40.0,-40.0,-38.0,-43.0,-40.0,-43.25
321,-36.25,-37.5,-40.25,-41.0,-37.75,-38.5,-38.25,-41.25,-39.5,-42.75
322,-36.25,-37.0,-40.25,-41.5,-38.5,-38.75,-36.75,-41.75,-39.0,-43.0
323,-39.0,-38.75,-40.75,-40.75,-37.25,-40.25,-36.0,-42.25,-38.75,-43.25
324,-37.0,-38.0,-41.5,-41.75,-40.5,-38.5,-37.0,-43.0,-39.25,-43.25
325,-39.75,-40.75,-42.5,-43.75,-42.5,-40.25,-37.25,-43.0,-41.75,-45.0
326,-37.0,-38.5,-40.25,-43.5,-39.25,-38.5,-36.75,-42.0,-38.75,-43.25
327,-38.75,-39.75,-41.75,-42.75,-41.25,-39.5,-37.75,-43.75,-42.0,-45.0
328,-35.75,-36.75,-41.0,-40.5,-40.0,-37.75,-36.0,-41.25,-39.75,-41.25
329,-38.5,-40.5,-41.0,-41.5,-39.0,-38.5,-35.25,-42.0,-40.5,-42.75
330,-35.25,-37.0,-40.25,-39.5,-39.5,-38.0,-35.5,-41.75,-40.25,-42.0
331,-37.25,-38.5,-40.75,-40.0,-40.75,-39.75,-36.75,-43.25,-41.75,-42.5
332,-36.5,-38.0,-40.75,-41.75,-39.5,-39.25,-37.25,-43.25,-40.0,-43.5
333,-35.75,-36.75,-38.75,-39.25,-37.75,-40.0,-36.0,-41.25,-39.25,-41.25
334,-36.0,-37.0,-39.75,-40.5,-40.0,-38.5,-35.75,-42.5,-40.0,-42.5
335,-37.0,-38.75,-40.75,-40.75,-40.75,-39.5,-36.25,-42.5,-41.5,-43.25
336,-37.25,-39.25,-43.25,-42.25,-41.5,-40.75,-37.0,-43.0,-42.25,-43.5
337,-37.25,-37.75,-40.5,-39.25,-39.25,-39.25,-35.0,-42.0,-40.5,-42.75
338,-35.5,-37.75,-40.5,-38.75,-40.25,-39.0,-36.25,-42.0,-40.25,-42.0
339,-36.75,-38.75,-40.0,-40.25,-38.25,-39.5,-35.25,-42.25,-40.0,-42.25
340,-36.0,-36.75,-39.0,-40.75,-39.5,-37.25,-35.25,-42.0,-38.75,-41.5
341,-38.0,-39.25,-42.0,-43.0,-41.75,-40.5,-38.0,-44.25,-41.75,-44.25
342,-36.75,-37.75,-41.0,-42.25,-39.25,-38.5,-37.0,-42.5,-39.5,-42.25
343,-39.25,-40.0,-41.5,-42.25,-41.0,-39.5,-38.5,-44.5,-40.25,-43.0
344,-38.5,-38.75,-41.25,-43.0,-41.5,-39.25,-36.75,-44.5,-40.25,-43.75
345,-38.25,-39.0,-42.25,-42.25,-42.0,-40.25,-38.25,-43.5,-42.75,-44.75
346,-37.25,-37.5,-40.25,-43.25,-39.5,-37.25,-36.0,-41.5,-39.0,-42.75
347,-37.0,-37.25,-39.5,-39.5,-39.25,-38.25,-34.25,-41.25,-40.0,-42.0
348,-36.0,-37.75,-40.75,-41.25,-40.25,-38.5,-36.25,-41.75,-40.0,-41.75
349,-38.0,-39.25,-39.75,-41.5,-39.75,-38.75,-35.5,-42.25,-39.75,-42.75
350,-35.0,-36.0,-38.0,-41.75,-40.0,-35.25,-35.25,-40.0,-38.0,-38.0
351,-38.25,-41.25,-43.5,-39.75,-43.25,-41.75,-39.5,-43.5,-42.25,-43.75
352,-37.25,-38.0,-41.25,-41.5,-40.5,-39.5,-38.0,-42.75,-40.75,-43.0
353,-39.0,-40.25,-41.5,-43.75,-41.0,-39.5,-37.5,-43.75,-41.5,-43.75
354,-37.0,-38.25,-40.25,-41.75,-40.5,-37.75,-35.75,-42.5,-39.75,-42.25
355,-40.0,-42.75,-41.0,-43.0,-42.0,-40.0,-37.0,-44.0,-41.75,-43.25
356,-39.0,-39.75,-42.0,-43.5,-41.25,-40.0,-38.0,-43.25,-40.0,-45.0
357,-38.75,-39.25,-41.0,-39.5,-41.75,-40.0,-37.0,-42.5,-42.0,-44.25
358,-36.25,-38.25,-40.5,-42.0,-41.0,-38.75,-37.0,-42.5,-40.25,-42.25
359,-39.0,-40.5,-39.5,-41.75,-40.0,-38.5,-36.0,-42.5,-40.0,-42.75
360,-34.5,-34.5,-39.75,-37.75,-38.25,-36.5,-33.5,-40.25,-37.5,-39.25
361,-36.0,-37.0,-37.5,-40.0,-37.0,-36.5,-36.0,-42.25,-37.25,-41.75
362,-37.0,-38.25,-40.5,-42.75,-39.0,-38.5,-36.0,-42.5,-38.75,-42.5
363,-37.5,-38.5,-40.75,-40.5,-38.25,-38.0,-35.25,-42.0,-40.25,-41.5
364,-38.75,-40.25,-40.25,-41.0,-39.5,-39.5,-37.5,-43.25,-39.75,-45.0
365,-36.5,-38.0,-40.25,-41.0,-39.25,-38.0,-36.25,-42.5,-38.5,-42.75
366,-39.0,-40.5,-41.0,-43.25,-38.0,-37.0,-36.5,-42.0,-37.75,-42.75
367,-36.0,-38.0,-38.5,-37.0,-37.75,-37.5,-33.5,-39.75,-37.75,-40.75
368,-36.25,-37.25,-40.25,-41.5,-40.75,-39.25,-37.25,-42.5,-40.0,-42.75
369,-35.75,-37.25,-38.75,-39.25,-38.25,-41.0,-36.5,-41.0,-41.0,-42.25
370,-37.25,-39.75,-41.25,-41.5,-42.25,-41.75,-35.25,-43.75,-42.0,-42.5
371,-37.5,-39.25,-40.75,-40.5,-40.25,-40.75,-36.0,-43.5,-41.75,-43.25
372,-38.75,-39.75,-42.5,-43.5,-41.0,-40.75,-37.5,-44.5,-41.5,-44.25
373,-37.0,-38.0,-40.25,-40.0,-39.75,-39.0,-35.0,-42.25,-40.5,-42.5
374,-38.25,-39.0,-41.25,-41.25,-41.75,-39.25,-36.0,-44.0,-41.25,-44.5
375,-37.75,-39.5,-42.25,-40.75,-43.75,-41.25,-37.25,-42.5,-43.0,-43.25
376,-39.5,-41.25,-43.25,-44.0,-42.75,-41.0,-37.25,-44.75,-42.25,-45.75
377,-41.0,-41.0,-42.25,-43.0,-43.5,-41.75,-36.75,-45.0,-44.5,-46.25
378,-35.0,-37.25,-39.75,-39.5,-40.75,-38.25,-35.5,-41.25,-40.25,-41.0
379,-38.5,-40.0,-40.75,-41.25,-40.75,-40.5,-35.5,-43.5,-41.25,-43.25
380,-35.0,-36.25,-39.75,-39.0,-39.25,-37.75,-35.75,-42.0,-38.75,-41.25
381,-37.25,-39.75,-41.25,-42.25,-40.0,-39.75,-38.25,-44.0,-40.5,-43.5
382,-36.25,-37.25,-40.25,-41.75,-39.25,-38.5,-36.5,-43.0,-38.75,-42.5
383,-34.5,-36.25,-38.75,-39.0,-38.25,-37.25,-34.25,-41.0,-38.5,-40.25
384,-38.25,-40.0,-44.25,-44.0,-43.0,-42.25,-39.0,-44.75,-42.75,-44.5
385,-38.0,-39.0,-41.25,-40.25,-41.75,-38.0,-35.5,-43.0,-41.25,-43.0
386,-39.75,-41.5,-43.5,-45.25,-42.25,-40.5,-40.75,-44.5,-41.0,-47.0
387,-38.0,-40.25,-42.0,-41.75,-40.5,-41.75,-36.0,-43.25,-41.75,-43.5
388,-38.5,-39.75,-41.75,-43.75,-41.5,-40.0,-37.75,-45.0,-41.0,-44.0
389,-38.5,-40.75,-40.5,-42.25,-40.0,-40.25,-35.75,-44.0,-39.75,-43.75
390,-37.5,-40.0,-41.5,-41.75,-41.0,-40.0,-36.5,-43.5,-41.0,-43.0
391,-39.75,-39.75,-40.75,-43.75,-40.5,-39.0,-37.25,-44.75,-41.0,-44.0
392,-38.75,-40.25,-43.25,-43.75,-42.5,-41.5,-39.0,-44.75,-43.25,-45.25
393,-39.75,-40.25,-42.5,-44.0,-40.5,-40.25,-37.5,-45.0,-41.5,-44.75
394,-39.25,-39.75,-41.25,-43.5,-41.5,-39.75,-37.0,-44.75,-40.5,-44.25
395,-40.75,-41.0,-41.75,-43.25,-41.75,-39.75,-36.5,-44.25,-41.75,-44.75
396,-40.5,-41.0,-43.25,-46.0,-41.75,-41.0,-39.0,-45.5,-41.5,-45.25
397,-39.0,-38.75,-40.25,-40.25,-39.0,-38.5,-35.25,-43.0,-39.5,-42.5
398,-37.75,-38.75,-40.75,-42.75,-40.5,-39.0,-37.25,-43.25,-40.0,-43.25
399,-38.75,-39.75,-40.25,-41.5,-38.25,-38.25,-36.25,-42.25,-39.0,-43.5
400,-34.25,-35.25,-38.0,-38.5,-38.25,-36.0,-34.0,-40.0,-36.0,-39.75
401,-33.75,-35.0,-37.5,-39.25,-38.75,-36.0,-34.0,-41.0,-37.0,-41.25
402,-36.0,-37.0,-40.0,-41.5,-39.0,-37.75,-37.0,-42.5,-38.75,-43.25
403,-33.5,-34.75,-37.0,-37.5,-37.0,-35.25,-34.25,-39.75,-36.75,-39.5
404,-35.75,-36.5,-34.75,-38.25,-34.25,-33.0,-32.0,-39.0,-32.5,-39.75
405,-38.25,-36.0,-40.25,-40.0,-39.75,-37.75,-36.5,-42.75,-40.5,-42.0
406,-38.0,-37.5,-41.5,-43.0,-40.25,-37.25,-37.25,-43.25,-39.25,-42.75
407,-38.0,-38.5,-41.75,-41.5,-42.25,-39.25,-36.25,-43.75,-41.75,-44.0
408,-36.75,-39.0,-40.75,-42.75,-40.75,-39.0,-37.75,-44.5,-40.0,-44.0
409,-37.0,-38.75,-40.75,-41.25,-40.75,-38.5,-36.75,-43.5,-40.25,-43.0
410,-36.0,-38.25,-40.5,-42.25,-41.25,-38.25,-36.5,-43.25,-40.25,-43.75
411,-40.0,-43.5,-45.0,-46.25,-46.5,-44.5,-40.75,-48.5,-46.0,-48.75
412,-37.5,-40.25,-41.25,-44.0,-41.25,-36.75,-37.5,-44.25,-39.25,-45.75
413,-36.5,-38.75,-40.5,-40.75,-40.25,-38.5,-37.25,-43.25,-40.5,-43.5
414,-38.25,-41.0,-43.25,-40.75,-42.75,-41.25,-37.25,-46.5,-40.75,-45.25
415,-35.0,-38.5,-41.25,-42.0,-41.5,-37.75,-36.0,-43.25,-41.0,-42.75
416,-42.25,-44.0,-44.5,-43.25,-45.0,-38.75,-41.5,-48.0,-44.0,-44.0
417,-40.25,-43.0,-43.75,-43.75,-44.5,-43.75,-41.0,-45.75,-43.25,-46.75
418,-36.5,-38.5,-41.0,-43.0,-41.25,-38.25,-37.25,-43.25,-40.25,-42.5
419,-37.75,-42.75,-44.5,-40.5,-44.25,-43.25,-36.0,-41.0,-44.25,-46.75
420,-35.25,-36.5,-39.0,-41.25,-38.25,-37.5,-36.5,-38.25,-37.75,-41.75
421,-34.75,-36.75,-39.5,-41.25,-39.5,-37.75,-35.75,-42.75,-39.75,-41.0
422,-36.25,-38.0,-40.25,-41.5,-39.25,-38.0,-36.25,-43.0,-39.5,-43.25
423,-36.25,-38.0,-39.75,-42.0,-38.5,-37.75,-36.5,-41.5,-39.0,-42.75
424,-38.0,-37.75,-40.0,-42.5,-40.5,-39.0,-37.0,-44.0,-39.75,-43.5
425,-37.0,-37.0,-39.75,-41.0,-40.0,-38.0,-36.25,-42.25,-38.75,-42.0
426,-37.25,-37.75,-41.25,-43.0,-40.0,-38.75,-37.0,-42.5,-39.5,-42.25
427,-36.0,-38.25,-40.75,-39.75,-41.0,-40.0,-36.0,-43.25,-39.75,-42.75
428,-37.0,-38.5,-40.75,-42.5,-41.25,-39.25,-37.0,-43.75,-40.0,-42.25
429,-36.25,-37.25,-39.75,-41.5,-39.25,-38.0,-35.0,-42.0,-40.0,-41.5
430,-38.25,-39.25,-42.25,-42.5,-41.75,-40.25,-37.5,-44.5,-41.5,-44.0
431,-37.0,-37.0,-42.25,-41.0,-41.75,-39.75,-37.5,-44.25,-42.5,-42.0
432,-40.5,-36.0,-49.0,-48.0,-49.5,-48.5,-45.5,-49.5,-48.0,-47.25
433,-34.0,-33.75,-39.25,-41.0,-39.0,-36.25,-34.75,-40.75,-39.0,-39.75
434,-36.5,-35.25,-38.75,-40.5,-39.5,-37.75,-35.0,-42.75,-38.75,-42.0
435,-38.0,-38.5,-42.0,-41.5,-41.0,-40.0,-36.5,-43.75,-42.0,-43.0
436,-38.25,-39.25,-41.0,-44.0,-41.0,-39.0,-36.5,-44.0,-39.75,-43.25
437,-39.75,-40.5,-42.25,-43.25,-42.0,-40.0,-36.0,-44.75,-41.25,-45.0
438,-36.5,-38.0,-41.25,-42.75,-41.5,-39.25,-37.25,-43.75,-40.75,-42.25
439,-36.25,-37.75,-39.0,-40.5,-39.25,-37.75,-34.75,-42.5,-38.75,-41.75
440,-36.0,-36.75,-41.5,-40.0,-41.0,-37.5,-35.0,-42.25,-39.75,-42.5
441,-36.0,-36.5,-41.0,-41.5,-39.75,-37.0,-36.75,-43.25,-39.75,-42.75
442,-37.25,-36.0,-38.5,-38.25,-37.25,-39.25,-37.0,-43.0,-37.75,-42.25
443,-35.0,-35.25,-38.5,-36.5,-37.5,-35.0,-33.25,-39.5,-37.0,-39.0
444,-35.25,-32.5,-38.25,-38.0,-38.25,-38.5,-35.25,-41.75,-38.75,-41.75
445,-39.25,-40.5,-42.25,-43.25,-42.5,-40.5,-37.25,-45.25,-42.0,-45.25
446,-38.5,-39.75,-41.5,-44.25,-41.25,-39.5,-36.5,-44.25,-40.0,-44.5
447,-39.75,-40.75,-43.0,-43.0,-42.5,-41.25,-37.0,-45.0,-42.75,-45.5
448,-38.75,-41.0,-42.5,-43.5,-43.75,-41.0,-40.0,-45.0,-42.75,-46.0
449,-38.5,-40.25,-40.0,-41.75,-40.5,-38.25,-36.0,-43.75,-39.25,-43.5
450,-38.0,-40.0,-43.0,-42.5,-43.0,-40.25,-37.5,-44.5,-41.75,-43.25
451,-43.0,-43.5,-44.5,-45.0,-43.5,-43.75,-44.75,-48.0,-42.0,-46.5
452,-39.25,-41.0,-44.0,-45.5,-42.75,-41.5,-38.75,-45.75,-42.0,-45.75
453,-38.5,-40.25,-41.75,-43.25,-41.25,-40.0,-38.0,-44.25,-41.75,-44.0
454,-39.25,-40.25,-41.5,-41.75,-42.5,-38.5,-37.25,-44.25,-41.5,-44.5
455,-39.0,-40.5,-42.75,-42.75,-42.5,-40.5,-38.0,-44.75,-42.75,-45.0
456,-38.75,-40.25,-43.25,-45.25,-42.75,-40.5,-39.5,-44.5,-42.0,-46.0
457,-40.0,-42.25,-43.25,-41.0,-42.0,-40.5,-37.5,-45.75,-41.0,-45.5
458,-37.25,-40.0,-43.25,-41.75,-42.75,-40.5,-38.5,-45.0,-42.5,-43.5
459,-38.25,-40.25,-42.0,-42.25,-41.75,-39.75,-37.0,-44.0,-41.5,-43.5
460,-39.0,-41.25,-43.25,-45.25,-42.75,-40.25,-37.75,-45.25,-41.5,-44.5
461,-37.0,-38.75,-40.75,-42.75,-40.25,-38.5,-36.5,-43.25,-39.5,-42.25
462,-37.25,-38.0,-42.25,-43.75,-40.25,-38.75,-37.75,-43.0,-40.5,-43.25
463,-37.5,-39.0,-41.25,-42.75,-40.0,-38.75,-36.5,-43.0,-39.75,-42.5
464,-39.0,-39.25,-42.5,-44.75,-42.0,-39.5,-37.5,-44.75,-40.5,-44.75
465,-39.75,-40.25,-43.5,-44.75,-42.25,-40.75,-38.75,-45.0,-42.25,-44.75
466,-38.75,-43.25,-43.5,-45.5,-43.25,-41.0,-38.25,-45.0,-41.75,-47.25
467,-38.0,-39.0,-41.5,-42.5,-41.5,-40.25,-36.5,-44.0,-40.75,-44.5
468,-36.75,-37.0,-41.25,-44.75,-41.25,-40.5,-38.25,-43.5,-40.25,-43.5
469,-41.25,-42.5,-40.25,-44.75,-40.75,-39.75,-37.5,-45.0,-39.25,-45.5
470,-41.0,-40.0,-44.75,-44.0,-44.75,-41.75,-39.0,-46.75,-44.25,-46.5
471,-39.75,-40.75,-44.25,-42.75,-43.75,-43.0,-39.0,-46.0,-44.0,-46.75
472,-38.75,-38.75,-42.25,-43.25,-42.0,-40.25,-37.5,-44.75,-41.0,-44.75
473,-38.5,-38.75,-41.5,-42.0,-40.5,-38.75,-36.0,-43.5,-40.5,-43.5
474,-39.25,-38.25,-42.0,-41.0,-42.25,-39.75,-37.5,-44.5,-41.75,-45.0
475,-39.75,-39.5,-42.75,-42.25,-43.5,-40.75,-37.5,-44.75,-42.25,-45.25
476,-39.25,-38.75,-42.5,-43.25,-42.75,-40.25,-37.5,-44.5,-41.5,-45.75
477,-39.75,-40.25,-43.25,-42.5,-43.25,-41.75,-37.25,-45.25,-43.25,-46.0
478,-36.0,-36.25,-40.5,-40.25,-41.25,-38.75,-35.75,-42.25,-40.25,-43.0
479,-38.5,-39.25,-41.25,-41.5,-41.5,-40.0,-36.25,-44.25,-40.75,-44.0
480,-38.5,-38.5,-43.5,-41.75,-42.5,-39.75,-38.5,-45.0,-41.75,-43.5
481,-37.75,-39.75,-42.0,-43.5,-41.0,-39.5,-37.5,-45.0,-41.0,-44.5
482,-37.5,-38.75,-42.0,-43.25,-41.25,-39.75,-38.0,-44.5,-40.75,-44.25
483,-37.5,-38.5,-43.0,-43.0,-40.5,-39.75,-37.5,-43.5,-41.75,-43.0
484,-39.25,-39.0,-41.25,-44.0,-41.25,-37.75,-37.0,-45.0,-38.75,-46.0
485,-39.25,-40.5,-44.25,-43.5,-44.0,-41.25,-38.5,-45.25,-44.0,-45.5
486,-39.75,-40.75,-43.5,-45.0,-42.25,-39.0,-39.5,-43.75,-40.25,-45.5
487,-38.25,-39.25,-42.25,-41.75,-42.25,-40.0,-36.75,-44.25,-41.25,-44.0
488,-37.25,-39.25,-43.0,-43.25,-43.0,-40.5,-38.25,-45.0,-42.75,-43.75
489,-39.25,-41.25,-42.75,-44.5,-42.75,-41.0,-38.5,-45.75,-42.5,-45.5
490,-41.5,-45.5,-46.5,-45.75,-47.0,-44.75,-40.75,-48.0,-45.75,-48.25
491,-38.75,-41.0,-42.25,-43.75,-42.25,-40.5,-38.0,-45.5,-42.25,-44.75
492,-40.25,-41.75,-44.5,-46.0,-42.75,-42.5,-39.0,-46.25,-42.75,-46.5
493,-41.0,-41.5,-43.25,-45.5,-42.0,-40.75,-39.25,-46.25,-42.5,-45.25
494,-41.0,-41.5,-42.25,-44.75,-42.5,-39.75,-37.5,-45.75,-40.75,-45.75
495,-40.25,-41.5,-44.5,-45.0,-43.75,-41.25,-39.5,-45.25,-43.5,-46.25
496,-40.75,-40.75,-48.75,-49.75,-45.25,-45.25,-40.25,-45.75,-45.5,-49.0
497,-41.5,-41.5,-43.25,-44.0,-42.5,-41.25,-37.5,-45.75,-43.0,-46.0
498,-38.5,-40.0,-42.0,-43.75,-42.0,-40.5,-38.75,-44.75,-41.5,-44.5
499,-40.25,-41.75,-43.0,-44.25,-42.5,-41.0,-38.5,-45.5,-42.25,-45.75
500,-35.75,-37.0,-39.5,-40.0,-40.0,-38.25,-35.75,-40.0,-38.25,-42.0
501,-36.75,-39.0,-42.0,-42.25,-42.75,-40.75,-37.75,-42.75,-42.5,-45.25
502,-37.75,-40.75,-41.5,-43.0,-40.75,-38.25,-37.75,-43.0,-39.0,-44.5
503,-37.75,-39.5,-40.0,-41.25,-39.5,-37.0,-37.75,-42.0,-39.75,-43.75
504,-40.75,-42.25,-43.75,-45.5,-45.5,-41.25,-39.0,-46.5,-44.75,-47.0
505,-41.75,-43.0,-44.25,-44.5,-44.5,-42.25,-40.25,-46.25,-45.0,-48.5
506,-37.5,-38.5,-40.75,-43.25,-40.0,-38.0,-37.0,-42.25,-39.75,-43.75
507,-39.0,-39.75,-41.75,-42.0,-41.25,-39.5,-37.5,-43.25,-41.75,-44.75
508,-38.0,-40.25,-43.5,-45.0,-44.5,-40.75,-39.25,-44.0,-43.75,-45.75
509,-38.5,-40.0,-41.5,-42.25,-41.75,-40.0,-37.75,-43.25,-41.75,-44.75
510,-38.0,-39.75,-42.0,-42.25,-43.75,-39.75,-38.25,-42.25,-43.5,-45.5
511,-36.75,-39.5,-41.5,-42.25,-41.75,-39.5,-37.75,-43.0,-43.0,-44.75
512,-41.5,-43.75,-47.0,-47.25,-47.25,-46.5,-44.75,-48.25,-46.25,-49.0
513,-39.5,-42.0,-43.25,-42.0,-42.25,-40.5,-40.5,-44.0,-43.5,-44.5
514,-42.5,-44.25,-42.5,-43.75,-43.5,-37.5,-41.75,-46.25,-42.75,-45.75
515,-40.5,-41.25,-42.25,-42.0,-41.75,-39.75,-38.75,-43.25,-43.0,-46.5
516,-40.5,-40.75,-43.25,-42.75,-39.25,-37.0,-38.0,-43.5,-39.75,-44.75
517,-41.0,-42.75,-43.25,-43.5,-42.75,-41.0,-37.75,-44.5,-44.5,-46.5
518,-37.25,-39.0,-42.0,-40.75,-42.5,-37.25,-36.5,-41.25,-43.5,-43.0
519,-41.75,-42.0,-41.75,-42.0,-42.25,-36.75,-39.25,-45.0,-41.75,-43.5
520,-40.75,-41.25,-42.25,-43.25,-42.25,-41.0,-38.25,-45.0,-41.5,-45.5
521,-39.5,-40.5,-42.0,-43.25,-42.25,-39.5,-38.5,-43.25,-42.5,-45.0
522,-39.0,-39.25,-43.0,-44.75,-40.5,-39.25,-38.75,-43.75,-41.75,-44.5
523,-38.75,-40.25,-41.25,-43.25,-40.0,-39.0,-38.0,-43.0,-40.5,-44.5
524,-40.75,-42.0,-43.5,-44.5,-42.5,-41.25,-40.25,-45.75,-42.75,-46.75
525,-40.5,-39.5,-42.0,-41.0,-42.25,-39.25,-38.5,-42.75,-42.25,-44.5
526,-39.5,-39.5,-41.5,-43.5,-40.5,-38.5,-38.0,-43.0,-40.75,-44.5
527,-37.75,-38.5,-40.5,-41.0,-41.0,-39.0,-37.0,-42.5,-40.25,-44.0
528,-40.5,-36.75,-46.25,-47.0,-45.25,-44.0,-42.25,-46.75,-46.5,-46.25
529,-37.75,-38.0,-38.25,-41.25,-37.25,-37.0,-35.75,-42.0,-36.75,-43.0
530,-38.75,-40.5,-42.25,-42.25,-42.25,-40.25,-38.0,-43.25,-42.75,-44.5
531,-39.25,-40.25,-43.25,-42.5,-43.0,-41.25,-39.25,-44.25,-44.5,-45.25
532,-39.25,-40.0,-42.5,-43.25,-41.25,-39.75,-38.75,-44.0,-41.75,-44.75
533,-39.5,-41.25,-43.0,-43.5,-42.25,-40.5,-38.5,-44.0,-43.5,-45.25
534,-39.25,-40.25,-42.5,-43.75,-43.0,-40.0,-38.75,-44.75,-43.0,-45.0
535,-40.0,-41.0,-42.5,-41.75,-42.5,-40.25,-38.0,-43.5,-43.25,-45.0
536,-39.75,-41.5,-43.0,-45.0,-42.75,-40.5,-38.5,-44.75,-42.5,-45.0
537,-40.0,-42.25,-43.5,-44.25,-43.0,-41.25,-38.0,-44.75,-44.0,-46.0
538,-35.75,-37.75,-38.5,-38.5,-39.25,-36.5,-35.25,-41.0,-38.25,-41.5
539,-40.0,-40.5,-43.25,-42.5,-42.75,-39.0,-36.75,-43.25,-43.75,-44.75
540,-38.25,-39.25,-42.25,-42.25,-43.0,-39.25,-36.75,-43.25,-42.25,-42.5
541,-37.0,-38.75,-39.75,-41.75,-37.75,-34.25,-35.25,-41.0,-38.75,-42.25
542,-38.0,-38.75,-41.5,-43.75,-41.0,-39.5,-37.25,-43.75,-41.0,-43.75
543,-38.25,-40.0,-41.0,-43.0,-40.75,-38.25,-36.75,-43.0,-42.5,-43.0
544,-39.75,-41.25,-44.0,-44.75,-43.75,-40.75,-38.0,-46.25,-42.75,-45.5
545,-39.0,-40.25,-42.5,-42.25,-42.75,-40.25,-37.5,-44.0,-43.5,-45.0
546,-39.25,-41.0,-43.75,-45.5,-42.5,-40.0,-38.25,-43.75,-42.75,-45.25
547,-39.0,-39.75,-41.25,-41.75,-41.5,-38.25,-36.0,-42.5,-42.5,-43.75
548,-38.5,-40.75,-42.75,-43.5,-42.75,-39.75,-38.25,-44.5,-42.75,-44.5
549,-40.5,-42.75,-43.5,-44.5,-43.25,-41.5,-38.0,-45.0,-44.25,-45.25
550,-38.0,-40.0,-42.75,-41.5,-43.5,-40.25,-37.0,-42.75,-42.75,-44.0
551,-38.75,-40.5,-42.25,-42.75,-41.75,-40.25,-38.0,-43.75,-43.0,-44.75
552,-39.5,-40.75,-43.5,-44.75,-41.5,-40.5,-39.75,-44.75,-43.0,-46.0
553,-39.5,-41.25,-42.5,-43.5,-41.75,-40.25,-38.25,-44.0,-43.25,-45.25
554,-40.0,-41.75,-43.25,-43.75,-44.0,-40.5,-38.75,-45.5,-43.75,-46.25
555,-37.75,-38.75,-41.0,-41.0,-41.0,-37.5,-36.75,-40.5,-41.5,-43.25
556,-39.75,-42.0,-43.75,-44.25,-42.5,-40.5,-39.0,-44.25,-42.75,-46.25
557,-38.75,-40.5,-41.75,-40.75,-41.75,-39.5,-35.75,-43.0,-42.25,-44.5
558,-36.75,-39.75,-42.0,-43.0,-41.75,-38.75,-37.5,-43.0,-42.0,-43.25
559,-39.25,-41.25,-41.5,-43.0,-41.25,-39.5,-36.5,-43.25,-41.75,-44.0
560,-41.0,-44.0,-46.0,-45.25,-45.75,-43.25,-40.5,-46.5,-45.5,-47.25
561,-39.0,-39.75,-43.0,-43.25,-41.5,-39.25,-38.25,-43.0,-42.75,-43.75
562,-38.25,-39.25,-41.5,-43.25,-40.0,-39.0,-37.0,-43.0,-40.25,-44.0
563,-38.25,-39.75,-41.25,-42.25,-40.25,-38.25,-36.75,-42.5,-41.0,-43.0
564,-40.25,-41.0,-43.75,-45.0,-43.25,-40.75,-38.75,-45.5,-43.0,-45.75
565,-39.0,-39.75,-42.0,-42.75,-41.75,-39.5,-38.0,-43.5,-42.25,-45.0
566,-38.5,-40.25,-42.0,-43.5,-40.75,-39.5,-37.25,-43.0,-41.25,-44.5
567,-40.25,-41.5,-44.0,-43.25,-44.0,-41.25,-39.25,-44.75,-44.25,-47.0
568,-37.0,-40.25,-42.75,-42.5,-43.25,-39.75,-37.75,-42.75,-42.75,-44.5
569,-39.75,-41.5,-42.25,-43.75,-42.0,-40.5,-37.75,-44.25,-42.25,-45.25
570,-40.25,-42.0,-44.0,-42.75,-45.25,-41.0,-38.25,-45.0,-44.5,-46.0
571,-39.25,-40.75,-41.75,-41.25,-42.0,-39.75,-37.75,-44.25,-43.0,-44.5
572,-41.75,-41.75,-43.5,-45.25,-42.25,-40.5,-38.75,-46.0,-42.0,-46.75
573,-39.25,-40.75,-42.25,-42.25,-41.75,-39.5,-37.0,-43.5,-42.75,-44.5
574,-40.0,-40.5,-42.0,-42.25,-43.0,-39.0,-37.75,-44.75,-42.25,-45.75
575,-41.0,-41.0,-42.75,-40.5,-43.5,-40.25,-38.0,-44.25,-43.5,-46.25
576,-41.25,-41.0,-44.0,-46.25,-43.25,-40.25,-41.25,-46.25,-41.25,-47.75
577,-39.5,-40.0,-42.25,-40.0,-42.0,-42.25,-38.5,-44.0,-42.5,-44.75
578,-37.5,-39.0,-41.5,-42.0,-42.25,-39.25,-37.5,-43.5,-41.5,-44.0
579,-40.0,-41.25,-42.75,-43.25,-43.0,-40.5,-37.75,-44.75,-43.25,-45.75
580,-38.25,-40.0,-42.75,-42.0,-43.0,-39.5,-37.25,-44.25,-42.25,-44.25
581,-38.0,-40.5,-42.25,-43.5,-42.75,-39.25,-38.5,-44.25,-42.5,-44.0
582,-39.0,-39.75,-43.0,-43.75,-41.75,-40.0,-39.25,-44.25,-42.25,-44.5
583,-38.5,-40.25,-42.5,-42.25,-41.5,-39.25,-37.25,-43.25,-42.0,-43.5
584,-39.0,-41.0,-42.5,-44.25,-43.0,-39.75,-38.25,-45.0,-42.0,-45.25
585,-39.25,-40.25,-42.25,-40.0,-42.0,-38.0,-38.5,-43.75,-42.5,-44.0
586,-39.0,-40.0,-42.5,-42.25,-41.5,-38.75,-39.0,-42.5,-40.75,-44.75
587,-39.5,-41.75,-43.5,-42.25,-42.25,-38.25,-37.25,-44.25,-42.75,-45.75
588,-38.0,-40.75,-43.25,-43.0,-42.75,-40.0,-38.25,-44.25,-43.25,-44.0
589,-38.75,-41.5,-40.75,-41.5,-40.25,-39.25,-35.75,-43.25,-40.25,-44.25
590,-38.5,-41.75,-43.0,-42.75,-43.5,-41.0,-37.5,-44.25,-43.25,-45.0
591,-39.0,-41.25,-42.0,-42.5,-42.5,-40.75,-37.25,-44.0,-43.75,-44.5
592,-40.25,-42.5,-44.25,-46.0,-43.75,-42.75,-39.5,-46.25,-43.75,-46.5
593,-37.75,-40.0,-39.5,-40.75,-39.5,-36.5,-35.5,-41.5,-40.5,-41.5
594,-39.25,-41.0,-43.25,-44.25,-43.0,-40.25,-37.5,-44.5,-42.75,-44.75
595,-39.75,-40.25,-41.5,-41.5,-41.0,-39.25,-36.5,-43.25,-42.0,-43.75
596,-40.0,-41.25,-42.75,-45.25,-41.75,-39.25,-38.25,-43.75,-40.75,-45.25
597,-38.25,-39.75,-41.5,-41.75,-40.5,-38.75,-36.0,-42.0,-42.25,-43.5
598,-37.5,-39.5,-41.0,-42.25,-41.0,-38.75,-36.75,-42.75,-40.25,-43.5
599,-39.0,-40.5,-41.25,-42.25,-41.25,-39.0,-36.5,-42.5,-41.5,-44.25
600,-37.0,-39.5,-42.5,-43.0,-42.25,-39.5,-38.0,-42.5,-40.75,-43.0
601,-37.75,-40.5,-42.75,-43.0,-42.0,-40.5,-39.5,-44.25,-42.5,-45.25
602,-37.0,-39.0,-41.5,-41.0,-40.0,-38.5,-36.5,-42.75,-40.5,-43.0
603,-37.75,-39.0,-41.75,-42.25,-40.5,-39.0,-39.25,-43.0,-41.5,-43.5
604,-38.0,-40.25,-40.75,-39.25,-42.0,-38.25,-37.0,-43.75,-39.0,-41.25
605,-39.5,-38.75,-43.0,-42.0,-41.75,-37.5,-38.5,-43.25,-42.25,-44.25
606,-37.0,-38.75,-41.25,-42.75,-41.25,-38.75,-38.0,-41.75,-40.5,-43.25
607,-37.0,-37.75,-40.25,-40.75,-40.25,-37.75,-35.5,-41.5,-40.0,-42.75
608,-36.5,-38.75,-41.5,-42.75,-40.75,-38.0,-38.0,-42.75,-40.0,-43.75
609,-38.25,-39.75,-42.5,-44.75,-41.25,-41.0,-38.25,-44.25,-42.25,-44.75
610,-36.25,-39.0,-41.25,-42.75,-41.0,-39.5,-37.0,-42.75,-41.0,-44.0
611,-37.0,-40.25,-42.25,-44.0,-42.25,-40.75,-38.5,-43.75,-42.5,-45.0
612,-37.0,-40.0,-42.0,-39.0,-41.25,-38.25,-37.5,-42.5,-40.25,-44.5
613,-37.0,-40.75,-40.25,-37.25,-39.75,-43.5,-39.25,-42.0,-41.25,-43.25
614,-36.75,-39.75,-41.25,-42.5,-40.75,-40.25,-37.75,-43.5,-41.25,-44.0
615,-39.25,-41.5,-42.0,-41.5,-39.75,-38.5,-38.75,-43.75,-40.75,-45.25
616,-41.25,-41.75,-45.0,-42.25,-42.5,-40.75,-41.25,-44.0,-42.5,-44.0
617,-37.25,-40.5,-41.5,-40.5,-39.25,-36.0,-38.0,-41.25,-40.0,-43.25
618,-38.5,-41.0,-39.25,-42.5,-40.25,-39.25,-37.75,-42.25,-40.25,-42.75
619,-41.25,-42.0,-44.0,-44.0,-39.5,-44.75,-39.5,-47.5,-40.75,-44.5
620,-38.75,-41.0,-42.75,-44.25,-41.5,-40.75,-39.0,-44.5,-42.0,-45.0
621,-37.0,-39.5,-40.75,-43.25,-39.5,-39.5,-38.25,-43.25,-40.5,-43.75
622,-39.0,-40.25,-42.5,-45.0,-41.0,-41.25,-39.25,-44.75,-41.5,-45.25
623,-38.5,-41.0,-42.0,-44.25,-40.5,-40.25,-39.25,-43.75,-40.75,-45.0
624,-41.5,-43.25,-43.75,-45.75,-43.0,-42.0,-40.75,-46.25,-42.5,-46.5
625,-39.5,-40.0,-41.25,-44.25,-43.25,-38.5,-39.25,-44.25,-41.0,-45.0
626,-43.75,-44.0,-39.25,-45.0,-39.25,-41.75,-41.0,-47.75,-40.0,-44.0
627,-40.25,-41.25,-42.5,-45.25,-42.0,-40.75,-39.5,-45.0,-42.0,-45.75
628,-38.5,-40.75,-41.75,-45.0,-41.5,-39.5,-38.0,-44.25,-41.0,-43.75
629,-40.5,-42.75,-42.0,-45.25,-41.0,-40.0,-38.0,-45.25,-41.25,-43.75
630,-37.75,-40.25,-42.5,-42.5,-42.0,-40.25,-38.75,-43.5,-43.0,-44.25
631,-39.25,-39.25,-42.75,-43.25,-41.75,-40.25,-39.5,-44.5,-43.0,-45.0
632,-39.0,-40.25,-42.75,-44.5,-41.5,-41.0,-40.25,-45.0,-42.0,-45.5
633,-38.0,-40.0,-42.0,-43.25,-40.5,-40.0,-39.0,-43.75,-41.75,-44.25
634,-38.5,-40.0,-41.75,-44.0,-41.75,-40.25,-39.0,-44.5,-41.75,-45.0
635,-38.5,-40.25,-41.75,-42.75,-41.5,-39.75,-38.25,-43.75,-42.0,-44.25
636,-39.0,-40.0,-41.5,-45.0,-41.25,-40.5,-39.5,-44.25,-41.5,-45.5
637,-39.25,-41.75,-42.0,-43.0,-42.0,-40.75,-37.75,-44.75,-42.75,-45.75
638,-38.0,-40.5,-42.75,-44.75,-42.5,-40.75,-40.0,-44.75,-42.75,-45.0
639,-38.25,-41.0,-42.0,-44.0,-41.25,-40.5,-38.5,-44.25,-42.5,-44.5
640,-40.25,-44.25,-45.5,-45.75,-45.5,-44.75,-41.0,-46.5,-44.75,-47.25
641,-36.25,-38.25,-42.75,-44.5,-42.25,-39.5,-40.0,-42.75,-42.5,-44.0
642,-39.0,-41.5,-43.5,-45.5,-42.0,-42.5,-39.75,-45.25,-42.5,-46.0
643,-36.75,-38.5,-40.25,-41.75,-39.25,-38.25,-37.0,-42.5,-40.25,-42.5
644,-39.25,-41.25,-43.0,-44.0,-43.0,-41.25,-39.75,-45.75,-42.5,-46.0
645,-42.25,-45.25,-44.25,-46.5,-44.75,-43.0,-40.75,-47.25,-45.25,-48.5
646,-39.75,-41.5,-42.5,-44.25,-41.75,-40.75,-39.25,-44.5,-42.5,-45.75
647,-38.75,-40.75,-42.25,-42.75,-41.0,-40.0,-37.0,-43.5,-42.0,-44.25
648,-38.5,-42.25,-45.25,-45.25,-45.0,-42.75,-40.75,-45.75,-44.75,-45.5
649,-40.75,-44.0,-42.75,-46.25,-41.5,-40.75,-38.75,-46.5,-42.25,-46.0
650,-37.75,-40.0,-42.5,-42.0,-42.5,-39.75,-37.75,-43.25,-41.75,-44.0
651,-38.0,-39.75,-42.25,-43.5,-41.75,-40.25,-39.0,-43.75,-42.0,-44.75
652,-39.75,-42.0,-43.75,-46.0,-42.75,-42.0,-40.0,-45.75,-42.75,-46.25
653,-38.0,-39.5,-41.0,-43.0,-40.5,-38.5,-38.25,-42.75,-41.0,-43.5
654,-39.25,-40.75,-42.5,-44.75,-42.75,-40.5,-39.75,-45.0,-42.25,-45.75
655,-38.5,-40.25,-42.25,-43.5,-42.25,-40.0,-38.5,-43.25,-42.25,-45.0
656,-40.25,-42.75,-43.25,-44.75,-42.5,-41.0,-40.0,-45.5,-42.75,-46.0
657,-39.0,-41.5,-43.0,-43.0,-42.0,-40.25,-38.0,-44.25,-42.75,-45.25
658,-37.75,-40.5,-42.5,-44.25,-42.25,-40.5,-39.25,-44.5,-42.25,-45.0
659,-38.25,-41.0,-40.75,-42.25,-40.0,-38.5,-36.5,-43.25,-40.0,-42.5
660,-37.5,-39.75,-42.5,-43.0,-41.5,-39.0,-37.5,-42.75,-41.5,-43.25
661,-36.75,-38.75,-40.75,-41.5,-39.25,-38.25,-36.75,-42.25,-39.75,-43.0
662,-39.0,-40.25,-42.25,-44.25,-40.5,-40.25,-39.0,-44.5,-40.75,-45.0
663,-37.75,-40.0,-41.5,-43.25,-39.5,-39.5,-37.75,-43.25,-40.75,-43.5
664,-39.0,-40.75,-43.25,-45.0,-42.5,-40.75,-38.25,-45.25,-41.5,-45.25
665,-39.25,-41.75,-42.25,-41.75,-41.5,-41.0,-37.25,-43.25,-42.0,-45.5
666,-44.0,-42.0,-49.5,-43.5,-45.0,-47.75,-46.0,-45.0,-48.25,-49.25
667,-39.0,-42.0,-41.75,-41.25,-40.75,-40.75,-37.25,-43.5,-41.5,-45.25
668,-37.5,-40.25,-42.25,-43.5,-41.5,-40.5,-39.25,-43.75,-41.25,-44.75
669,-38.25,-41.25,-41.0,-43.5,-40.0,-39.75,-37.5,-43.5,-40.5,-44.25
670,-38.5,-41.0,-42.75,-43.0,-43.25,-41.25,-38.5,-44.75,-42.75,-45.75
671,-38.75,-41.25,-42.75,-43.75,-42.5,-41.75,-38.75,-45.25,-42.75,-45.5
672,-41.0,-42.25,-45.75,-46.25,-44.0,-43.25,-41.25,-46.25,-44.75,-47.0
673,-38.5,-39.5,-41.25,-42.25,-40.5,-39.0,-37.5,-43.5,-40.75,-43.5
674,-39.25,-40.25,-42.25,-43.5,-42.75,-40.5,-38.25,-45.0,-41.5,-45.5
675,-40.5,-42.5,-44.0,-43.75,-44.5,-42.0,-39.5,-45.0,-44.0,-45.5
676,-43.0,-43.5,-43.0,-46.25,-42.5,-39.5,-40.25,-46.75,-40.25,-49.25
677,-38.5,-39.25,-41.5,-41.25,-41.0,-39.5,-36.75,-43.5,-40.5,-43.5
678,-37.75,-40.75,-42.75,-43.75,-43.0,-40.75,-39.25,-44.0,-42.5,-45.25
679,-39.0,-41.0,-41.5,-42.75,-40.75,-40.0,-37.75,-44.25,-41.0,-44.5
680,-37.75,-39.75,-43.0,-42.75,-43.0,-40.0,-39.0,-44.5,-41.75,-45.0
681,-37.75,-40.75,-42.5,-43.5,-40.75,-40.25,-38.75,-44.25,-41.75,-44.25
682,-39.0,-40.75,-43.5,-44.5,-41.75,-41.25,-39.5,-45.0,-41.75,-45.0
683,-36.75,-38.5,-40.5,-41.25,-39.5,-37.75,-37.25,-42.25,-40.0,-41.5
684,-38.75,-41.25,-43.25,-44.75,-42.75,-40.5,-38.5,-45.25,-41.75,-45.0
685,-39.5,-40.5,-42.5,-43.5,-42.0,-38.5,-37.75,-44.5,-41.25,-45.5
686,-39.0,-40.5,-42.0,-43.25,-42.75,-39.75,-40.25,-44.75,-42.75,-44.75
687,-38.75,-42.0,-43.5,-43.0,-42.25,-41.5,-38.25,-44.5,-42.5,-45.75
688,-39.25,-42.0,-43.75,-45.75,-43.5,-41.5,-41.25,-46.0,-43.0,-46.0
689,-38.25,-41.5,-41.25,-44.0,-40.5,-40.0,-37.5,-44.25,-40.75,-44.25
690,-39.25,-42.75,-44.5,-44.5,-43.75,-42.5,-39.0,-45.0,-43.25,-45.25
691,-36.5,-39.5,-41.5,-43.0,-41.5,-39.75,-37.0,-43.0,-41.5,-42.75
692,-40.0,-41.75,-43.75,-46.0,-42.0,-42.25,-38.75,-46.0,-41.75,-45.75
693,-40.0,-42.0,-44.25,-44.75,-42.5,-41.5,-38.75,-45.0,-44.25,-44.75
694,-41.0,-42.5,-44.0,-46.0,-44.5,-42.25,-38.75,-47.0,-42.75,-46.5
695,-40.75,-42.0,-43.0,-43.75,-43.25,-40.75,-37.75,-44.0,-42.75,-45.25
696,-40.75,-42.0,-44.5,-47.0,-43.5,-42.25,-39.75,-45.5,-42.5,-46.25
697,-42.0,-42.75,-44.5,-45.5,-43.75,-42.5,-38.5,-46.25,-44.0,-46.75
698,-39.0,-41.25,-43.0,-45.25,-43.0,-41.5,-39.5,-44.75,-42.0,-45.25
699,-41.0,-43.0,-43.25,-45.5,-42.0,-41.5,-38.5,-45.75,-42.5,-45.5
700,-37.0,-38.0,-42.75,-40.0,-43.25,-41.25,-37.0,-42.75,-42.25,-44.5
701,-37.25,-39.25,-42.75,-41.75,-43.25,-41.5,-38.25,-44.25,-43.25,-45.75
702,-39.0,-39.25,-43.75,-42.25,-43.25,-40.5,-39.25,-44.75,-43.5,-46.0
703,-38.5,-38.25,-40.25,-39.75,-40.75,-38.75,-38.0,-42.25,-41.25,-44.5
704,-38.5,-40.0,-43.5,-42.5,-44.25,-40.5,-38.5,-45.25,-43.5,-45.5
705,-39.25,-39.5,-43.75,-41.5,-42.5,-40.75,-38.5,-44.25,-44.0,-45.5
706,-38.5,-39.0,-42.25,-43.25,-42.0,-39.5,-38.0,-43.75,-41.75,-45.25
707,-41.5,-42.0,-45.75,-43.75,-46.0,-43.25,-39.0,-47.0,-47.25,-48.0
708,-36.25,-38.25,-42.5,-39.25,-41.5,-39.0,-36.75,-42.5,-41.5,-43.5
709,-37.75,-39.0,-41.25,-41.75,-41.25,-39.75,-36.5,-43.75,-41.75,-44.75
710,-38.25,-40.0,-43.75,-41.25,-44.25,-42.25,-37.75,-44.5,-44.75,-46.0
711,-35.0,-36.5,-39.5,-38.75,-40.25,-39.75,-35.5,-41.75,-40.75,-42.75
712,-40.25,-39.5,-43.5,-43.5,-42.25,-41.5,-39.0,-46.0,-43.25,-46.75
713,-42.0,-39.75,-42.75,-43.25,-41.25,-45.0,-39.5,-46.0,-42.25,-47.75
714,-40.25,-41.25,-44.0,-43.5,-43.5,-43.0,-39.0,-46.75,-44.0,-47.75
715,-40.5,-41.25,-43.75,-43.5,-43.5,-42.25,-37.5,-45.0,-43.75,-46.75
716,-39.5,-39.5,-43.0,-42.5,-42.0,-39.25,-38.0,-44.5,-42.5,-45.5
717,-40.5,-41.25,-43.5,-43.0,-43.0,-42.75,-38.5,-45.75,-44.5,-46.75
718,-39.5,-40.5,-44.25,-44.5,-44.0,-39.0,-38.0,-45.25,-43.75,-47.75
719,-40.5,-41.5,-41.25,-42.25,-40.75,-40.5,-36.0,-43.75,-42.75,-45.5
720,-42.0,-41.5,-45.75,-42.75,-44.75,-42.0,-40.5,-46.5,-45.25,-46.75
721,-38.25,-39.0,-42.0,-42.0,-41.25,-40.0,-37.75,-44.5,-41.75,-44.75
722,-39.5,-39.0,-43.0,-43.25,-42.5,-41.25,-39.25,-45.5,-42.75,-46.0
723,-38.5,-40.0,-42.5,-42.5,-41.25,-40.25,-38.25,-44.25,-42.0,-45.25
724,-40.25,-41.0,-43.5,-43.5,-43.75,-41.25,-39.5,-46.25,-43.0,-46.25
725,-40.25,-40.5,-43.25,-43.25,-43.75,-41.75,-39.0,-45.5,-43.25,-46.75
726,-40.25,-40.75,-43.25,-44.75,-42.25,-40.75,-38.75,-45.25,-42.25,-45.5
727,-41.25,-40.5,-45.0,-44.5,-44.0,-41.5,-40.5,-46.25,-43.75,-47.0
728,-37.25,-38.5,-43.25,-43.0,-43.0,-41.75,-38.75,-44.75,-43.0,-45.25
729,-36.0,-37.25,-40.5,-41.75,-40.5,-40.25,-37.5,-43.0,-40.75,-42.5
730,-38.5,-39.75,-43.0,-41.0,-43.0,-41.5,-37.5,-44.25,-43.5,-45.5
731,-45.5,-46.5,-48.25,-47.75,-50.5,-49.75,-46.25,-51.25,-50.75,-51.5
732,-41.0,-41.0,-44.5,-45.25,-43.5,-42.75,-40.0,-46.75,-43.75,-46.75
733,-39.25,-39.5,-42.25,-42.0,-41.75,-41.25,-37.75,-44.5,-42.5,-44.75
734,-39.5,-39.75,-42.0,-42.25,-43.0,-40.75,-38.0,-45.25,-42.5,-45.5
735,-41.25,-42.25,-45.25,-43.75,-45.25,-44.25,-40.0,-46.5,-46.5,-47.5
736,-40.25,-41.25,-44.25,-45.25,-43.75,-42.0,-39.5,-46.25,-43.25,-47.0
737,-42.75,-43.5,-46.25,-45.25,-47.0,-45.0,-40.5,-48.25,-48.0,-48.25
738,-39.5,-40.75,-44.0,-44.25,-44.5,-42.25,-39.75,-46.25,-44.25,-46.5
739,-39.0,-40.5,-41.25,-42.0,-41.5,-41.0,-36.25,-44.25,-41.75,-44.0
740,-39.5,-40.75,-44.0,-42.75,-45.0,-42.25,-38.75,-46.0,-44.5,-46.5
741,-39.75,-41.25,-45.25,-44.25,-45.25,-43.25,-40.5,-47.0,-46.0,-47.25
742,-39.0,-40.0,-42.0,-44.0,-42.25,-40.25,-38.25,-45.5,-42.25,-46.0
743,-39.5,-40.25,-41.75,-43.0,-41.25,-40.25,-37.25,-44.25,-42.75,-44.25
744,-39.75,-41.75,-43.5,-44.5,-44.75,-42.0,-38.75,-47.0,-43.5,-46.75
745,-41.75,-42.75,-44.75,-44.5,-45.25,-43.25,-39.5,-47.25,-45.5,-48.5
746,-39.5,-41.0,-42.75,-45.0,-42.25,-40.0,-37.75,-44.5,-41.5,-46.0
747,-40.0,-43.75,-46.5,-44.25,-45.75,-46.0,-39.25,-47.5,-46.25,-46.75
748,-39.5,-41.0,-43.5,-44.0,-44.5,-41.75,-38.5,-46.0,-43.5,-46.5
749,-41.25,-42.5,-43.0,-43.75,-43.5,-42.25,-37.75,-46.5,-43.75,-46.5
750,-38.5,-39.5,-44.25,-41.5,-44.5,-42.5,-38.25,-44.25,-44.0,-44.75
751,-38.5,-39.75,-43.25,-42.25,-43.5,-42.5,-39.0,-45.25,-44.0,-45.75
752,-40.75,-41.0,-44.0,-44.5,-43.25,-42.0,-40.25,-46.75,-43.25,-46.75
753,-39.25,-40.25,-42.25,-42.5,-41.75,-40.75,-38.0,-44.5,-42.75,-44.75
754,-41.0,-41.25,-43.5,-44.0,-45.0,-41.5,-39.25,-46.75,-43.75,-47.0
755,-38.0,-39.5,-43.0,-40.0,-43.25,-40.75,-37.75,-43.5,-43.75,-44.75
756,-39.25,-39.75,-43.75,-43.5,-43.25,-41.5,-39.25,-45.0,-43.0,-45.5
757,-40.0,-39.5,-43.5,-42.5,-43.75,-40.5,-37.5,-45.0,-43.25,-45.75
758,-38.0,-39.5,-42.5,-42.75,-43.0,-40.75,-38.5,-45.0,-42.5,-45.25
759,-39.25,-40.25,-42.25,-42.5,-42.0,-40.75,-37.5,-44.75,-42.75,-45.0
760,-39.0,-41.25,-44.25,-42.5,-43.75,-41.75,-37.75,-45.5,-43.75,-46.5
761,-37.25,-38.0,-40.5,-40.0,-39.5,-38.5,-35.25,-43.0,-40.75,-43.25
762,-39.75,-41.0,-45.0,-43.0,-42.75,-42.5,-39.25,-46.5,-43.5,-46.25
763,-38.25,-39.5,-41.25,-41.25,-40.0,-39.5,-36.75,-43.75,-41.25,-44.25
764,-39.25,-39.75,-42.5,-42.75,-42.5,-40.75,-38.0,-45.75,-42.0,-46.25
765,-39.75,-39.75,-43.5,-42.75,-42.25,-41.25,-38.5,-45.0,-43.25,-46.25
766,-38.5,-39.5,-42.25,-43.0,-41.0,-40.0,-37.25,-44.0,-41.0,-45.5
767,-42.25,-42.5,-45.25,-44.75,-44.75,-42.75,-39.0,-47.25,-44.75,-47.75
768,-38.25,-38.75,-44.0,-42.75,-43.5,-41.25,-39.25,-44.5,-43.25,-44.5
769,-38.0,-38.75,-40.25,-41.75,-40.0,-39.5,-36.5,-43.75,-40.25,-45.0
770,-41.0,-41.5,-45.0,-42.5,-45.5,-43.5,-39.0,-46.75,-45.5,-47.75
771,-38.25,-39.5,-42.25,-41.5,-42.75,-42.0,-37.75,-45.0,-43.75,-45.5
772,-40.75,-41.25,-43.0,-44.25,-42.75,-42.25,-38.5,-46.75,-42.5,-46.75
773,-38.25,-39.0,-40.75,-40.0,-40.75,-40.25,-36.5,-43.25,-41.75,-44.0
774,-40.0,-41.0,-43.0,-42.25,-44.25,-41.75,-38.0,-46.25,-43.5,-46.75
775,-39.5,-40.25,-42.0,-40.0,-43.0,-41.5,-37.0,-43.75,-43.0,-45.25
776,-39.5,-41.25,-43.0,-43.25,-42.5,-40.5,-37.0,-45.0,-41.5,-46.25
777,-39.0,-37.5,-41.0,-39.0,-42.75,-42.0,-37.25,-42.75,-43.0,-45.25
778,-38.0,-39.25,-41.75,-41.75,-43.0,-40.75,-37.75,-44.5,-42.5,-45.25
779,-38.75,-40.0,-41.25,-41.25,-41.75,-40.5,-36.5,-44.75,-41.5,-45.0
780,-37.25,-39.75,-43.0,-41.0,-43.75,-40.75,-38.0,-45.0,-43.25,-45.25
781,-37.75,-39.25,-41.25,-41.25,-41.25,-39.75,-37.25,-44.75,-41.5,-45.25
782,-37.75,-39.0,-41.75,-42.25,-41.0,-40.0,-37.5,-44.5,-40.75,-45.0
783,-38.25,-39.75,-42.25,-42.25,-41.5,-40.75,-37.75,-44.75,-42.0,-44.75
784,-36.75,-38.0,-41.0,-40.5,-40.75,-36.75,-36.0,-43.5,-39.5,-44.75
785,-38.5,-40.5,-41.5,-41.25,-42.75,-40.0,-36.75,-44.0,-42.0,-45.25
786,-38.25,-40.5,-43.75,-42.25,-43.75,-43.5,-39.0,-45.25,-44.0,-48.25
787,-41.75,-42.0,-45.0,-46.75,-47.0,-45.0,-40.5,-49.0,-46.75,-46.0
788,-37.25,-39.75,-42.0,-43.75,-43.25,-40.5,-37.75,-45.5,-42.0,-45.25
789,-38.75,-40.75,-41.25,-42.0,-40.75,-40.25,-37.25,-44.25,-41.75,-45.5
790,-38.5,-41.75,-43.75,-42.0,-44.25,-42.25,-37.75,-45.75,-43.25,-46.0
791,-37.0,-40.25,-41.75,-41.5,-42.0,-41.75,-36.5,-44.5,-43.0,-44.25
792,-38.0,-39.5,-43.5,-43.75,-41.75,-41.25,-38.0,-45.25,-42.75,-44.5
793,-38.5,-40.25,-41.5,-41.75,-40.75,-40.0,-36.25,-44.5,-41.75,-44.25
794,-39.0,-40.5,-41.5,-42.5,-42.25,-40.5,-36.25,-45.5,-41.0,-45.0
795,-39.0,-39.75,-42.0,-41.5,-42.25,-40.75,-36.75,-44.25,-42.5,-44.75
796,-39.75,-40.75,-42.25,-44.25,-41.75,-40.25,-37.0,-45.25,-40.5,-45.25
797,-39.75,-40.0,-41.5,-41.75,-41.75,-41.25,-36.5,-44.5,-41.75,-45.5
798,-39.25,-40.5,-38.5,-42.5,-43.0,-40.5,-37.0,-45.0,-43.75,-46.5
799,-39.25,-41.5,-41.25,-42.25,-41.5,-40.75,-36.5,-44.75,-40.75,-45.5
800,-35.75,-37.75,-42.0,-40.5,-42.0,-39.5,-38.0,-42.5,-41.5,-42.0
801,-38.25,-39.75,-43.75,-43.25,-42.75,-40.75,-40.5,-44.75,-43.5,-44.25
802,-39.75,-41.0,-45.25,-45.5,-45.0,-43.5,-42.75,-46.0,-43.75,-46.25
803,-36.75,-38.5,-42.25,-42.0,-41.75,-39.75,-39.25,-43.25,-42.0,-43.25
804,-37.0,-39.25,-41.5,-42.25,-42.25,-39.0,-38.75,-44.25,-41.0,-43.5
805,-38.0,-40.0,-42.75,-41.25,-42.5,-39.5,-38.5,-42.75,-42.25,-43.5
806,-36.0,-38.0,-41.5,-41.75,-38.5,-37.25,-36.5,-42.25,-39.75,-42.75
807,-36.5,-37.75,-41.75,-40.75,-41.75,-39.25,-37.5,-43.0,-41.5,-43.75
808,-36.0,-41.5,-43.75,-41.5,-43.75,-41.5,-40.75,-44.75,-43.75,-44.75
809,-36.5,-39.0,-40.0,-42.0,-39.75,-38.25,-36.75,-42.75,-39.25,-43.0
810,-35.75,-39.25,-42.75,-41.25,-43.25,-40.75,-39.5,-44.0,-43.25,-43.0
811,-36.0,-40.0,-44.25,-43.0,-44.75,-42.5,-39.5,-44.75,-45.0,-44.0
812,-37.5,-39.5,-42.75,-42.75,-42.25,-41.25,-40.5,-45.5,-43.0,-44.75
813,-36.25,-39.5,-41.75,-40.25,-40.0,-40.5,-39.0,-43.5,-42.75,-43.75
814,-36.0,-38.5,-40.5,-41.25,-41.0,-39.0,-37.5,-43.75,-40.75,-43.0
815,-37.25,-38.75,-42.25,-41.0,-40.5,-40.0,-38.25,-43.0,-41.5,-43.5
816,-37.25,-40.5,-42.25,-42.25,-40.75,-39.75,-38.75,-44.25,-41.5,-44.5
817,-37.25,-38.0,-41.25,-40.0,-39.5,-39.75,-36.0,-42.75,-41.5,-44.0
818,-37.75,-39.25,-39.5,-40.5,-38.0,-38.75,-37.75,-44.25,-39.5,-42.0
819,-38.75,-40.75,-41.25,-42.25,-39.5,-39.5,-38.25,-44.0,-41.0,-43.25
820,-37.75,-39.5,-43.0,-43.0,-42.0,-40.75,-39.25,-45.0,-42.75,-44.25
821,-37.25,-39.75,-41.75,-43.0,-41.5,-40.5,-38.75,-44.75,-42.5,-43.75
822,-36.5,-37.75,-42.0,-42.25,-40.25,-39.5,-38.25,-43.75,-41.5,-42.5
823,-35.5,-37.5,-41.0,-41.0,-39.0,-38.0,-37.0,-42.25,-39.75,-41.5
824,-38.25,-40.0,-41.75,-43.75,-42.25,-39.75,-38.75,-45.5,-41.25,-44.5
825,-38.25,-39.0,-43.0,-42.75,-42.0,-39.75,-39.25,-44.0,-42.25,-44.0
826,-37.25,-38.25,-40.5,-42.5,-41.0,-37.75,-37.0,-42.25,-40.75,-41.25
827,-36.25,-37.75,-41.25,-40.5,-40.5,-39.25,-37.0,-43.25,-41.0,-42.75
828,-37.5,-38.25,-42.5,-42.5,-41.5,-39.0,-38.75,-44.25,-42.75,-43.25
829,-36.5,-39.5,-40.5,-41.75,-39.5,-38.75,-36.0,-43.0,-39.25,-42.0
830,-37.0,-39.5,-42.75,-42.0,-42.25,-40.75,-38.75,-44.5,-42.75,-44.0
831,-38.5,-39.75,-44.0,-43.5,-43.0,-42.25,-40.25,-46.0,-44.0,-44.25
832,-37.0,-38.25,-41.5,-42.0,-40.0,-40.0,-38.0,-44.0,-40.25,-43.0
833,-37.25,-38.75,-42.0,-42.0,-40.75,-40.25,-38.75,-44.0,-41.5,-43.0
834,-36.0,-37.25,-40.5,-41.25,-40.5,-38.5,-37.5,-43.25,-40.75,-42.75
835,-35.5,-37.25,-40.75,-40.25,-40.75,-39.0,-36.5,-42.75,-41.0,-41.75
836,-36.5,-38.25,-41.25,-43.0,-40.5,-39.0,-38.0,-43.5,-40.5,-43.5
837,-37.0,-38.25,-41.5,-40.75,-41.25,-40.0,-37.5,-43.75,-41.75,-43.5
838,-35.25,-37.25,-40.75,-41.0,-40.75,-39.0,-37.75,-43.0,-41.25,-42.25
839,-35.75,-38.25,-39.75,-40.75,-39.25,-38.25,-36.5,-42.75,-39.25,-42.25
840,-35.75,-39.5,-41.5,-41.25,-43.0,-41.25,-38.25,-43.75,-43.5,-43.25
841,-36.25,-38.0,-40.25,-42.0,-40.0,-38.5,-37.0,-43.75,-39.5,-43.0
842,-36.0,-38.0,-40.75,-42.25,-40.25,-39.0,-37.25,-43.5,-40.5,-42.75
843,-36.25,-38.75,-40.75,-41.75,-39.75,-39.0,-37.5,-43.25,-41.25,-42.25
844,-35.75,-37.25,-40.0,-41.5,-41.25,-38.25,-36.5,-43.5,-40.25,-42.25
845,-38.0,-39.5,-42.5,-42.75,-42.25,-40.25,-38.75,-45.0,-42.75,-44.5
846,-37.0,-38.75,-41.5,-43.25,-40.5,-38.75,-38.0,-43.5,-40.75,-43.5
847,-36.25,-36.5,-40.0,-39.25,-39.5,-37.25,-35.25,-42.25,-40.25,-42.0
848,-37.75,-39.5,-42.75,-43.5,-43.5,-40.5,-39.25,-45.25,-43.5,-45.0
849,-38.0,-40.25,-41.75,-43.0,-41.75,-40.25,-37.75,-44.75,-41.75,-44.25
850,-36.0,-38.5,-42.25,-41.25,-42.0,-39.5,-37.5,-43.5,-42.0,-42.25
851,-36.5,-38.25,-41.75,-41.75,-41.75,-40.0,-38.0,-43.75,-42.5,-42.75
852,-37.5,-39.0,-42.5,-43.5,-41.5,-40.25,-39.25,-44.5,-42.5,-43.25
853,-36.75,-38.5,-41.25,-41.5,-40.75,-39.25,-37.75,-43.25,-41.75,-42.75
854,-36.75,-38.75,-41.0,-41.0,-41.5,-39.0,-37.25,-44.0,-41.5,-43.0
855,-37.25,-39.75,-42.5,-42.0,-42.75,-40.5,-38.0,-44.0,-43.25,-43.25
856,-37.25,-39.5,-42.25,-43.75,-41.75,-39.75,-38.25,-44.25,-42.0,-43.75
857,-36.25,-38.0,-40.75,-39.75,-41.0,-39.0,-35.75,-43.5,-41.5,-42.75
858,-37.75,-38.25,-43.0,-42.5,-40.25,-38.25,-37.5,-45.25,-41.5,-41.75
859,-37.25,-40.25,-41.0,-41.75,-40.75,-39.5,-36.75,-43.75,-40.5,-43.0
860,-35.25,-38.5,-41.5,-41.25,-41.75,-40.0,-37.75,-43.0,-41.75,-42.0
861,-36.25,-37.5,-40.5,-41.5,-40.25,-38.75,-37.75,-43.25,-41.25,-42.25
862,-37.0,-37.75,-40.5,-42.25,-39.75,-38.75,-38.0,-43.5,-40.75,-43.0
863,-35.25,-36.75,-39.75,-40.75,-39.5,-37.75,-36.75,-41.75,-40.75,-41.25
864,-36.25,-37.25,-42.75,-41.5,-41.75,-39.5,-38.75,-44.0,-42.0,-42.5
865,-36.75,-38.0,-40.75,-41.0,-40.75,-38.5,-36.75,-42.75,-41.5,-42.25
866,-35.75,-37.25,-40.0,-41.25,-39.5,-37.5,-36.25,-41.5,-39.0,-41.0
867,-37.0,-38.0,-41.0,-40.75,-40.75,-38.25,-37.25,-42.5,-40.75,-43.25
868,-37.5,-39.25,-41.75,-43.0,-42.25,-40.5,-38.75,-44.5,-42.5,-44.25
869,-38.25,-40.5,-41.5,-42.75,-41.5,-40.25,-37.75,-44.5,-41.25,-45.0
870,-36.75,-40.0,-43.0,-41.75,-43.25,-41.5,-38.75,-44.75,-43.5,-43.75
871,-36.5,-38.5,-41.75,-41.75,-41.75,-40.5,-38.25,-44.5,-42.25,-43.75
872,-37.0,-38.25,-41.25,-42.25,-41.0,-39.75,-38.25,-44.25,-41.0,-43.5
873,-35.75,-37.5,-40.0,-40.25,-39.0,-38.5,-36.25,-42.5,-40.0,-41.75
874,-36.5,-37.5,-40.25,-41.0,-41.0,-38.75,-36.75,-43.75,-40.25,-42.75
875,-37.5,-38.5,-41.75,-41.0,-42.25,-40.0,-38.0,-43.5,-41.75,-43.0
876,-35.75,-36.5,-41.0,-39.75,-38.75,-37.75,-36.5,-42.75,-39.0,-41.5
877,-35.75,-37.5,-40.5,-39.75,-41.25,-38.5,-35.75,-42.5,-41.0,-41.5
878,-37.0,-38.5,-41.75,-42.0,-42.0,-40.25,-38.5,-44.5,-42.25,-43.5
879,-36.75,-38.75,-41.0,-41.5,-40.75,-39.5,-37.25,-43.75,-40.75,-43.25
880,-35.5,-37.25,-41.25,-41.75,-41.75,-39.5,-37.75,-43.5,-41.5,-42.25
881,-34.75,-37.0,-39.75,-40.5,-39.75,-38.5,-36.75,-42.5,-40.5,-41.25
882,-36.75,-37.25,-41.25,-42.0,-40.25,-39.25,-38.25,-43.75,-41.0,-42.75
883,-36.0,-37.25,-40.75,-41.25,-40.25,-38.75,-38.0,-43.0,-40.75,-42.0
884,-35.75,-38.25,-39.0,-41.5,-40.0,-37.25,-36.0,-43.0,-39.25,-41.25
885,-35.75,-37.5,-40.5,-41.0,-40.75,-38.5,-36.75,-42.5,-41.25,-41.5
886,-36.75,-38.75,-41.25,-43.25,-41.0,-39.5,-38.0,-43.5,-41.0,-43.25
887,-36.5,-38.0,-40.25,-40.25,-41.0,-39.0,-36.0,-43.0,-41.25,-42.75
888,-36.25,-38.25,-41.75,-42.5,-43.25,-41.0,-40.0,-43.75,-43.75,-43.0
889,-36.25,-38.75,-39.75,-41.25,-39.75,-39.0,-36.5,-43.25,-39.75,-42.5
890,-37.0,-41.0,-42.75,-42.5,-43.0,-42.0,-38.5,-45.0,-42.75,-44.0
891,-35.75,-39.0,-42.25,-42.0,-42.25,-40.25,-38.0,-44.25,-43.75,-42.75
892,-37.75,-39.75,-42.0,-43.75,-41.0,-40.75,-38.0,-45.25,-41.0,-43.75
893,-37.5,-39.75,-40.75,-41.75,-39.75,-39.0,-36.5,-43.75,-40.5,-42.5
894,-38.0,-39.75,-41.75,-43.0,-41.75,-40.0,-38.0,-45.25,-41.5,-43.75
895,-37.75,-39.75,-41.0,-40.75,-41.5,-40.0,-37.0,-43.75,-41.5,-43.0
896,-38.75,-41.0,-44.25,-44.5,-43.25,-42.25,-39.5,-45.5,-43.0,-45.0
897,-38.75,-40.5,-42.0,-42.5,-40.5,-40.25,-37.25,-44.75,-41.75,-43.5
898,-37.75,-39.75,-41.5,-42.75,-41.75,-40.25,-38.25,-44.5,-41.75,-43.75
899,-39.25,-41.5,-41.5,-42.75,-41.0,-40.0,-37.0,-44.75,-40.25,-43.5
900,-35.25,-36.25,-39.5,-39.5,-39.0,-38.25,-35.0,-40.5,-38.5,-41.0
901,-35.5,-36.75,-38.25,-40.75,-38.0,-37.0,-35.25,-41.0,-39.0,-42.25
902,-36.75,-36.5,-39.5,-41.25,-38.5,-37.5,-35.75,-41.75,-39.0,-41.75
903,-37.75,-38.5,-38.25,-40.25,-37.25,-37.0,-36.75,-41.0,-39.0,-42.25
904,-37.0,-37.75,-39.25,-41.25,-39.25,-36.75,-35.5,-42.25,-37.75,-42.25
905,-41.25,-40.75,-42.5,-39.5,-41.5,-37.75,-40.25,-44.25,-42.25,-42.0
906,-37.25,-38.5,-40.25,-43.0,-38.5,-36.75,-36.75,-41.75,-38.25,-42.5
907,-36.5,-36.75,-37.5,-37.75,-37.5,-36.5,-34.25,-40.0,-37.75,-40.25
908,-35.75,-37.0,-40.25,-41.25,-39.0,-38.0,-36.5,-41.5,-39.5,-42.0
909,-37.5,-39.25,-38.75,-41.5,-38.0,-37.5,-35.25,-41.5,-39.75,-43.25
910,-35.5,-37.5,-39.25,-40.0,-39.5,-38.75,-35.5,-41.25,-39.75,-42.5
911,-43.5,-45.0,-47.5,-45.25,-48.25,-46.0,-43.5,-49.75,-48.25,-51.5
912,-37.5,-34.75,-42.0,-40.25,-42.0,-41.0,-38.0,-42.25,-42.5,-41.25
913,-36.5,-38.75,-39.0,-38.25,-38.25,-38.5,-35.5,-40.75,-40.75,-43.5
914,-38.5,-37.25,-38.25,-38.5,-38.0,-36.0,-35.75,-43.25,-38.0,-42.25
915,-38.0,-39.5,-41.25,-40.25,-39.5,-39.75,-34.5,-41.5,-41.5,-43.25
916,-37.0,-40.25,-42.25,-42.0,-37.75,-38.75,-36.25,-42.75,-40.0,-42.5
917,-36.75,-37.75,-38.25,-39.25,-38.5,-37.25,-33.75,-41.0,-40.0,-43.0
918,-35.75,-38.5,-40.75,-38.5,-40.0,-39.5,-35.5,-40.5,-41.0,-41.25
919,-35.75,-36.75,-36.75,-38.0,-36.25,-38.0,-33.5,-39.5,-38.5,-41.75
920,-37.25,-38.25,-40.0,-41.5,-39.25,-39.25,-36.75,-42.75,-39.75,-43.25
921,-35.25,-36.5,-38.25,-40.75,-37.0,-37.75,-35.25,-41.0,-38.75,-41.25
922,-36.5,-37.0,-39.75,-41.0,-38.25,-38.25,-36.0,-42.0,-39.25,-42.75
923,-37.25,-38.0,-39.75,-41.75,-38.25,-38.5,-36.75,-42.0,-39.5,-42.75
924,-38.75,-39.0,-41.25,-42.0,-41.75,-41.0,-38.25,-44.25,-41.75,-44.0
925,-39.75,-39.75,-42.75,-45.25,-45.0,-42.5,-41.0,-46.5,-43.5,-47.25
926,-38.0,-39.0,-40.0,-43.25,-38.5,-38.75,-37.0,-42.75,-39.0,-42.75
927,-37.25,-37.5,-39.25,-40.0,-38.75,-38.0,-35.75,-42.0,-40.0,-42.5
928,-37.0,-37.5,-40.0,-40.5,-40.0,-38.25,-37.0,-42.75,-40.25,-42.0
929,-37.0,-37.75,-37.75,-40.75,-37.75,-37.25,-34.75,-41.5,-38.0,-41.5
930,-37.0,-38.25,-40.0,-40.25,-40.0,-39.0,-36.25,-42.5,-40.75,-43.25
931,-37.0,-37.5,-39.5,-41.5,-40.0,-39.0,-37.25,-42.5,-40.75,-43.0
932,-39.25,-39.5,-41.0,-43.5,-40.25,-40.0,-38.5,-44.5,-40.5,-44.0
933,-36.75,-37.5,-39.5,-40.75,-38.75,-38.5,-36.0,-41.75,-40.25,-42.25
934,-37.25,-38.0,-40.0,-41.5,-40.5,-38.75,-36.25,-43.0,-40.25,-43.0
935,-36.25,-36.75,-40.0,-40.0,-39.75,-38.5,-35.75,-41.75,-40.75,-41.5
936,-38.5,-39.75,-41.25,-44.25,-40.75,-39.5,-37.75,-43.5,-40.5,-44.25
937,-39.5,-40.0,-40.5,-42.5,-40.75,-39.75,-35.75,-44.0,-41.75,-43.5
938,-36.0,-37.5,-39.75,-41.25,-39.5,-38.25,-36.5,-42.0,-40.0,-42.0
939,-38.5,-39.0,-39.25,-41.5,-39.25,-38.75,-36.0,-42.75,-40.25,-43.25
940,-35.75,-36.75,-38.75,-39.5,-39.25,-37.5,-34.5,-41.75,-38.75,-41.5
941,-34.75,-35.5,-38.0,-39.5,-38.0,-36.75,-33.75,-40.75,-38.5,-40.25
942,-36.25,-37.5,-40.0,-42.25,-39.0,-38.5,-36.0,-42.0,-39.75,-42.25
943,-38.25,-39.0,-40.75,-42.5,-40.0,-39.5,-36.5,-43.25,-41.5,-43.75
944,-38.0,-38.25,-41.25,-41.0,-41.75,-39.75,-36.25,-44.25,-41.25,-44.0
945,-38.25,-39.75,-42.0,-42.5,-42.25,-41.5,-37.5,-42.75,-44.25,-43.25
946,-38.25,-39.75,-41.5,-43.75,-40.5,-38.75,-36.5,-42.5,-40.25,-44.25
947,-39.5,-39.25,-41.25,-41.5,-40.75,-39.75,-35.5,-43.5,-42.25,-43.75
948,-36.5,-38.5,-40.0,-41.75,-39.5,-38.5,-36.5,-42.0,-39.75,-42.5
949,-38.25,-39.0,-38.75,-41.25,-39.25,-38.5,-35.5,-43.0,-39.75,-43.5
950,-37.5,-39.0,-41.0,-41.25,-40.75,-40.0,-36.75,-42.75,-40.5,-43.25
951,-36.0,-37.0,-39.0,-41.0,-38.75,-38.5,-36.0,-41.5,-40.0,-42.25
952,-38.0,-38.0,-39.75,-42.0,-39.0,-38.5,-37.25,-43.25,-39.75,-43.25
953,-38.5,-39.75,-40.5,-42.75,-40.25,-39.5,-37.5,-43.25,-41.25,-43.75
954,-38.5,-39.0,-41.0,-42.0,-41.0,-39.0,-37.25,-43.75,-41.0,-43.5
955,-36.5,-37.5,-40.5,-41.0,-40.75,-39.5,-35.75,-41.75,-41.0,-43.5
956,-38.5,-39.0,-41.25,-44.0,-40.0,-39.5,-37.5,-43.5,-40.25,-44.0
957,-38.5,-39.25,-40.75,-41.5,-40.75,-39.25,-36.0,-43.0,-42.0,-44.25
958,-36.25,-38.75,-40.5,-41.5,-40.25,-38.5,-36.75,-42.75,-40.5,-42.5
959,-38.0,-38.75,-39.75,-40.75,-40.0,-39.0,-35.75,-42.5,-40.75,-43.0
960,-34.0,-36.25,-38.0,-37.0,-38.5,-36.5,-33.5,-39.5,-38.5,-39.75
961,-37.25,-36.5,-37.5,-41.0,-37.0,-34.0,-33.75,-41.5,-38.0,-43.0
962,-37.5,-39.5,-40.25,-42.5,-38.75,-38.5,-35.75,-42.5,-39.75,-42.75
963,-36.0,-38.0,-38.75,-40.5,-37.5,-37.25,-34.75,-40.5,-39.25,-41.25
964,-38.0,-38.5,-40.25,-40.75,-40.75,-39.0,-36.25,-43.5,-40.0,-43.25
965,-37.0,-37.5,-39.5,-40.75,-39.0,-38.0,-35.25,-41.25,-39.75,-42.25
966,-36.0,-37.0,-39.75,-40.75,-37.75,-37.75,-35.0,-40.75,-38.25,-41.75
967,-38.5,-38.75,-40.25,-41.25,-39.75,-38.75,-35.25,-42.75,-40.5,-43.5
968,-36.5,-38.5,-40.25,-42.5,-40.5,-38.75,-36.25,-42.75,-40.0,-42.75
969,-38.75,-40.0,-39.5,-42.75,-39.75,-39.0,-36.75,-43.0,-40.75,-44.0
970,-36.75,-36.5,-39.5,-39.0,-39.75,-38.25,-33.75,-41.5,-40.0,-42.5
971,-36.75,-36.0,-40.0,-39.25,-39.5,-39.0,-34.5,-41.75,-40.5,-42.5
972,-39.0,-40.25,-42.25,-42.25,-41.0,-41.75,-37.25,-44.25,-41.5,-43.5
973,-37.5,-37.25,-39.25,-38.75,-38.0,-38.75,-34.75,-41.5,-40.0,-42.25
974,-37.5,-38.25,-40.0,-40.25,-40.75,-39.25,-36.0,-43.75,-40.0,-43.5
975,-38.5,-38.75,-41.25,-41.25,-41.75,-40.5,-37.5,-43.25,-41.75,-44.0
976,-38.5,-39.5,-41.5,-43.5,-40.5,-39.0,-37.0,-43.75,-40.0,-44.25
977,-37.25,-37.0,-40.0,-39.5,-40.25,-39.5,-34.75,-42.25,-40.5,-42.75
978,-36.75,-37.0,-39.5,-40.25,-40.5,-38.25,-35.25,-41.25,-39.5,-41.25
979,-39.5,-40.25,-41.0,-43.0,-41.5,-40.5,-37.25,-44.5,-41.75,-44.5
980,-35.5,-37.5,-39.5,-39.25,-39.5,-38.25,-35.5,-41.5,-39.25,-41.75
981,-35.5,-37.75,-38.25,-39.75,-38.0,-37.25,-35.25,-41.5,-39.0,-41.5
982,-37.5,-39.0,-40.5,-42.5,-39.0,-39.25,-36.25,-43.5,-39.5,-43.0
983,-35.25,-37.0,-38.0,-39.25,-36.75,-36.75,-34.5,-40.25,-38.5,-39.5
984,-37.75,-38.75,-41.25,-43.0,-40.75,-39.25,-36.5,-44.0,-40.75,-43.25
985,-36.0,-37.25,-38.5,-39.25,-38.75,-37.5,-35.0,-41.0,-39.25,-41.5
986,-36.25,-38.25,-40.25,-42.5,-38.75,-37.75,-36.0,-41.25,-39.0,-42.5
987,-36.5,-37.75,-39.75,-40.25,-39.75,-38.5,-34.75,-41.5,-41.5,-42.25
988,-33.25,-34.25,-37.5,-38.0,-37.0,-35.75,-32.75,-40.25,-36.75,-40.25
989,-37.75,-39.25,-40.0,-43.75,-40.0,-39.0,-34.75,-42.75,-40.75,-43.5
990,-34.5,-37.0,-38.5,-39.25,-38.75,-37.75,-34.25,-40.25,-38.75,-41.25
991,-35.75,-37.75,-40.5,-40.5,-39.5,-39.0,-36.25,-42.25,-40.5,-43.25
992,-37.75,-37.75,-40.75,-42.0,-39.0,-38.75,-36.5,-43.25,-39.75,-44.25
993,-35.5,-37.5,-38.25,-37.75,-39.0,-36.75,-35.25,-41.0,-41.0,-42.0
994,-36.25,-38.25,-38.75,-39.25,-39.75,-37.5,-34.5,-42.5,-38.75,-42.25
995,-37.5,-39.0,-39.75,-39.5,-39.5,-38.75,-35.5,-41.25,-40.5,-43.0
996,-41.0,-41.75,-40.75,-44.25,-40.25,-40.5,-39.25,-42.5,-41.0,-45.75
997,-38.25,-38.75,-40.25,-40.5,-39.75,-39.25,-35.5,-42.5,-40.5,-44.25
998,-39.0,-41.0,-40.5,-44.5,-40.5,-40.0,-39.5,-44.0,-39.5,-44.5
999,-39.5,-41.0,-42.0,-43.25,-41.5,-41.5,-40.5,-44.25,-42.25,-47.0
